
> alica-v2@0.0.0 check
> node tools/check-toolchain.mjs && npm run format:check && npm run build && npm run typecheck && npm run test && node tools/check-schema-sync.mjs && npm run schema && npm run boundaries && npm run secrets && npm run dependencies && npm run test:isolated && node tools/check-sdk-api.mjs && npm run test:external && npm run test:g6-design && npm run build:g6-native && npm run test:g6-native && npm run test:g7-bootstrap

Pinned Node/npm verified

> alica-v2@0.0.0 format:check
> prettier --check package.json package-lock.json tsconfig*.json packages tools/*.mjs tests/foundation tests/kernel tests/contracts .github/workflows tests/sdk tests/ipc tests/g7

Checking formatting...
All matched files use Prettier code style!

> alica-v2@0.0.0 build
> node tools/build.mjs


> alica-v2@0.0.0 typecheck
> tsc -p tsconfig.json --noEmit


> alica-v2@0.0.0 test
> node --experimental-vm-modules --test tests/foundation/*.test.mjs tests/kernel/*.test.mjs tests/contracts/*.test.mjs tests/sdk/*.test.mjs

✔ CLI init/validate/generators run and preserve existing operator files (1749.044775ms)
✔ CLI rejects invalid syntax/unknown flags, duplicate JSON, and redacts diagnostics (726.600226ms)
✔ CLI plugin/bundle/profile validation checks linked artifacts and raw inventory (1044.738081ms)
✔ CLI plugin validation denies symlink escape even for a syntactically valid path (254.30377ms)
✔ CLI conformance has human and machine reports and nonzero exit for wrong behavior (740.566894ms)
✔ CLI validates expected descriptor digest before running conformance (246.104556ms)
✔ stream-only provider passes conformance without unary assumptions (244.130241ms)
✔ generated descriptor preserves prototype-named keys as JSON data (284.234099ms)
✔ public descriptor schema and canonical digest reject semantic and unknown-field violations (10.477061ms)
✔ required versus optional features, version range and digest negotiation (8.332546ms)
✔ closed wire protocol validates digest, unknown operations, payloads and spoofed identity (3.426005ms)
✔ authentication runs before revealing malformed contract details (1.710057ms)
✔ wire behavior survives JSON round trips and non-local plain exceptions (3.982744ms)
✔ invalid provider output has normalized contract mismatch (5.077923ms)
✔ absolute expiration causes zero provider invocations and maximum budget clamps (1.384324ms)
✔ cancellation before completion is terminal exactly once (29.065682ms)
✔ cancellation during completion is terminal exactly once (27.614322ms)
✔ cancellation after completion is terminal exactly once (46.660424ms)
✔ request IDs are unique while outstanding; explicit cancel is idempotent (2.74871ms)
✔ parent cancellation and deadlines propagate across sessions (62.558041ms)
✔ instance idempotency: replay, conflict, in-flight duplicate and scope isolation (34.821851ms)
✔ idempotency retention, reset and finite capacity never silently evict live keys (24.870289ms)
✔ none rejects keys; stream idempotency is invalid; durable claim is not faked (2.596956ms)
✔ stream yields detached validated items and exactly one iterator completion (3.504895ms)
✔ stream invalid item and explicit cancellation terminate without late items (3.096636ms)
(node:98258) ExperimentalWarning: VM Modules is an experimental feature and might change at any time
(Use `node --trace-warnings ...` to show where the warning was created)
✔ stream rechecks authority before each item delivery (4.559919ms)
✔ bounded event primitive terminates on overflow and never leaks subsequent queued data (0.275177ms)
✔ event envelope validates exact descriptor and broker identity fields (2.290079ms)
✔ generation is byte deterministic and descriptor changes change generated bindings (5.030143ms)
✔ profile validation rejects duplicate roots, cycles, and unknown pins (2.842196ms)
✔ conformance fails an incorrect provider instead of just validating descriptor (5.928464ms)
✔ Kernel dispatch supports stream and revocation without Kernel imports in provider (109.992292ms)
✔ Kernel instance-idempotency cache is shared across consumer handles (122.294466ms)
✔ monotonic budget prevents late success when wall clock does not advance (13.360996ms)
✔ terminal release callback runs once on both success and cancellation (27.732714ms)
✔ wire diagnostic correlation is preserved without exception identity (0.513577ms)
✔ closed provider refuses both unary and streaming execution (1.760101ms)
✔ conformance does not confuse its own oracle mismatch with a provider error (2.881471ms)
✔ credit starts at zero, bounds grants, and cancellation releases waiting producer (1.798344ms)
✔ slow stream reader applies backpressure rather than consuming unseen items (11.267839ms)
✔ stream values and terminal errors cross JSON without local exception identity (2.524851ms)
✔ stream decoder rejects missing terminal, bad sequence, and unknown fields (0.431411ms)
✔ prototype-named JSON properties remain data through descriptor and invocation (1.39813ms)
✔ finite payload interpreter enforces all G1 type constraints without coercion (0.660332ms)
✔ boundary CLI fails on planted source violation (293.553321ms)
✔ built public entry has no accidental runtime implementation (0.868194ms)
✔ reject deep import (6.066374ms)
✔ reject cross-package relative (0.876108ms)
✔ reject V1 absolute (0.398289ms)
✔ reject dynamic computed (1.529448ms)
✔ reject undeclared external (0.328288ms)
✔ reject developer tooling from package (0.411664ms)
✔ reject host dependency from package (0.254199ms)
✔ reject escape to repo tools (0.375056ms)
✔ accept public type import (0.422975ms)
✔ package exports reject deep runtime import (37.34587ms)
✔ planted synthetic token is rejected without leaking its value (46.743841ms)
✔ ordinary public data passes secret scanner (38.841835ms)
(node:98318) ExperimentalWarning: VM Modules is an experimental feature and might change at any time
(Use `node --trace-warnings ...` to show where the warning was created)
✔ same capability/version with different digest is rejected before activation (54.06288ms)
✔ duplicate visible provider identity is conflict, not load-order selection (55.421435ms)
✔ version/feature exclusions explain deterministic ranking and optional negotiation (152.437806ms)
✔ planning is registry/lifecycle read-only; profile pin controls real calls and lock (423.482923ms)
✔ invalid profile pin fails before evaluating any module (26.279069ms)
✔ cancellation first terminal outcome wins over immediate provider success (93.847218ms)
✔ call values are detached in both directions, not live objects (93.220519ms)
✔ pending uncooperative call is reported instead of falsely clean disposal (97.854177ms)
✔ expired trust stops new calls and quiesces all live instances (151.147338ms)
✔ secret grant rechecked immediately before result delivery (43.246ms)
✔ nested scopes destroyed before parent owner and stale contexts never revive (37.908529ms)
✔ nested calls cannot extend inherited deadline (176.948138ms)
✔ same-version altered trust metadata and corrupted durable state are rejected (11.935915ms)
(node:98326) ExperimentalWarning: VM Modules is an experimental feature and might change at any time
(Use `node --trace-warnings ...` to show where the warning was created)
✔ independent Echo A passes unchanged consumer suite (373.541395ms)
✔ independent Echo B passes unchanged consumer suite (362.225466ms)
✔ selection invariant under order a,b (203.68613ms)
✔ selection invariant under order b,a (192.949893ms)
✔ strict parser rejects {"a":1,"a":2} (0.240742ms)
✔ strict parser rejects {"a":1e0} (0.134774ms)
✔ strict parser rejects {"a":1.0} (0.158398ms)
✔ strict parser rejects {"a":9007199254740992} (0.105989ms)
✔ strict parser rejects {"a":"\ud800"} (0.130535ms)
✔ strict parser rejects {"é":1} (0.20182ms)
✔ strict parser rejects [1,] (0.118813ms)
✔ strict parser rejects {"a":true}x (0.148239ms)
✔ bounded parsing/canonicalization rejects deep, cyclic, accessor, sparse and oversized values (1.558511ms)
✔ runtime canonical digest matches G1 descriptor and Unicode/control rules (0.371249ms)
✔ configuration is closed and secrets cannot be placed in config (8.449396ms)
✔ verification rejects signature before evaluation (16.4884ms)
✔ verification rejects file before evaluation (15.281079ms)
✔ verification rejects unknown-manifest before evaluation (12.849174ms)
✔ verification rejects duplicate-json before evaluation (19.224256ms)
✔ verification rejects untrusted-key before evaluation (16.859667ms)
✔ verification rejects invalid-stream-idempotency before evaluation (14.613975ms)
✔ loaded bytes are immutable after verification (30.975185ms)
✔ unverified module imports cannot be linked or evaluated (22.25033ms)
✔ missing mandatory dependency blocks ACTIVE (34.160528ms)
✔ incompatible mandatory dependency blocks ACTIVE (36.565001ms)
✔ denied mandatory dependency blocks ACTIVE (42.036836ms)
✔ mandatory cycles rejected; no participant becomes ACTIVE (67.06405ms)
✔ partial activation never publishes; effects clean in reverse order; disposal idempotent (36.030694ms)
✔ staged registration invisible while activation awaits (48.565828ms)
✔ cleanup failures remain FAILED, remaining disposers still execute (30.057999ms)
✔ uncooperative disposer times out and requires restart (37.899421ms)
✔ capability denial and optional absence are distinct (49.866476ms)
✔ revoked grant invalidates retained handle (82.172223ms)
✔ expired grant invalidates retained handle (79.68848ms)
✔ wrong principal/instance/scope generation and widened child grants rejected (50.269213ms)
✔ child scope teardown invalidates handles and removes only owned resources (79.413313ms)
✔ parent cannot see child registrations (84.760371ms)
✔ mandatory provider loss quiesces consumer transitively without rebinding (158.101021ms)
✔ revocation during call prevents result delivery (120.066706ms)
✔ unload during call cancels delivery and cleans call tracking (85.279589ms)
✔ deadline, cancellation, input/output validation and no idempotent replay (153.967796ms)
✔ provider errors and invalid output normalized without value leakage (95.546995ms)
✔ secret access requires declaration and separate grant; inspection redacts values (48.966392ms)
✔ events deliver FIFO broker identity; disposer removes listener (92.665976ms)
✔ event rechecks revoked subscription and publisher; handler failures isolated (71.557354ms)
✔ bounded event overflow terminates affected subscription and cleanup reclaims listener (89.010438ms)
✔ audit exhaustion blocks mutation but never emergency revocation (33.788538ms)
✔ expired trust and backward clock fail closed (24.550407ms)
✔ trust revocation quiesces running providers (127.462268ms)
✔ persistent trust state rejects rollback and missing-state recovery (15.014918ms)
✔ root rotation requires both old and new signatures plus exact next policy (37.598517ms)
(node:98411) ExperimentalWarning: VM Modules is an experimental feature and might change at any time
(Use `node --trace-warnings ...` to show where the warning was created)
✔ runtime matches frozen Python/OpenSSL vector C-00 (2.162449ms)
✔ runtime matches frozen Python/OpenSSL vector C-01 (0.244149ms)
✔ runtime matches frozen Python/OpenSSL vector C-02 (0.158549ms)
✔ runtime matches frozen Python/OpenSSL vector C-03 (0.137328ms)
✔ runtime matches frozen Python/OpenSSL vector C-04 (0.270929ms)
✔ runtime matches frozen Python/OpenSSL vector C-05 (0.216568ms)
✔ runtime matches frozen Python/OpenSSL vector C-06 (0.221056ms)
✔ runtime matches frozen Python/OpenSSL vector C-07 (0.18585ms)
✔ runtime matches frozen Python/OpenSSL vector C-08 (0.237327ms)
✔ runtime matches frozen Python/OpenSSL vector C-09 (0.296599ms)
✔ runtime matches frozen Python/OpenSSL vector C-10 (0.203402ms)
✔ runtime matches frozen Python/OpenSSL vector C-11 (0.123493ms)
✔ runtime matches frozen Python/OpenSSL vector C-12 (0.124635ms)
✔ runtime matches frozen Python/OpenSSL vector C-13 (0.115487ms)
✔ runtime matches frozen Python/OpenSSL vector C-14 (0.152798ms)
✔ runtime matches frozen Python/OpenSSL vector C-15 (0.288402ms)
✔ runtime matches frozen Python/OpenSSL vector C-16 (0.202891ms)
✔ runtime matches frozen Python/OpenSSL vector C-17 (0.241646ms)
✔ mandatory activation binding cannot silently switch after catalog changes (172.515649ms)
✔ plugin log admits only fixed safe metadata and quiesce is idempotent (41.898145ms)
(node:98445) ExperimentalWarning: VM Modules is an experimental feature and might change at any time
(Use `node --trace-warnings ...` to show where the warning was created)
✔ real Kernel verifies and activates SDK-only signed relative module graph (139.94327ms)
✔ real Kernel rejects tampered dependent module before evaluation (16.796199ms)
✔ production linker rejects @alica/kernel before evaluation (29.565252ms)
✔ production linker rejects @alica/testkit before evaluation (24.129807ms)
✔ production linker rejects node:fs before evaluation (25.224486ms)
✔ production linker rejects ../../escape.js before evaluation (29.662726ms)
✔ production linker rejects ./missing.js before evaluation (25.929713ms)
✔ production linker rejects @alica/plugin-sdk/dist/index.js before evaluation (22.49996ms)
✔ real SDK optional cannot turn a denied capability into absence (68.805866ms)
✔ public SDK provides, resolves, and bridges generated endpoints (18.313815ms)
✔ independently implemented provider substitutes without consumer changes (7.299123ms)
✔ missing optional returns null but denied optional does not hide permissions (1.858237ms)
✔ optional does not hide incompatible present provider (2.95007ms)
✔ idempotent disposer shares result and rejection without executing twice (0.379023ms)
✔ owned effects clean in reverse order and partial acquisition cleans immediately (2.295679ms)
✔ activation injection rolls back staged providers and acquired effects (2.841025ms)
✔ revocation injection rejects existing handle before provider dispatch (2.740996ms)
✔ timeout injection is deterministic, one-shot, and not elapsed-time simulation (2.071547ms)
✔ cleanup injection is reported while remaining cleanups continue (0.922295ms)
✔ cleanup timeout is visible and does not hang disposal (7.134922ms)
✔ destroyed child handles cannot escape their owning scope (3.667419ms)
✔ provider disposal invalidates old handles instead of rebinding (1.896448ms)
✔ typed events validate payloads and deliver immutable broker envelopes (5.244839ms)
✔ secret references are scoped and logs refuse arbitrary data fields (0.969273ms)
✔ invalid input and unknown operation retain exact ACAP rejection codes (2.969707ms)
✔ uncooperative event handler is reported as incomplete cleanup (5.804669ms)
✔ optional validates malformed requirement before reporting absence (3.801441ms)
ℹ tests 169
ℹ suites 0
ℹ pass 169
ℹ fail 0
ℹ cancelled 0
ℹ skipped 0
ℹ todo 0
ℹ duration_ms 5593.494955
Runtime schemas match frozen G1 schema sources

> alica-v2@0.0.0 schema
> python3 -S tools/run-design.py

test_authorized (test_g1_completion.AuthorityLifecycle.test_authorized) ... ok
test_changed_instance (test_g1_completion.AuthorityLifecycle.test_changed_instance) ... ok
test_changed_principal (test_g1_completion.AuthorityLifecycle.test_changed_principal) ... ok
test_deadline_inheritance (test_g1_completion.AuthorityLifecycle.test_deadline_inheritance) ... ok
test_every_transition (test_g1_completion.AuthorityLifecycle.test_every_transition) ... ok
test_expiry_boundary (test_g1_completion.AuthorityLifecycle.test_expiry_boundary) ... ok
test_future_issuance (test_g1_completion.AuthorityLifecycle.test_future_issuance) ... ok
test_offline_backward_clock (test_g1_completion.AuthorityLifecycle.test_offline_backward_clock) ... ok
test_offline_expired (test_g1_completion.AuthorityLifecycle.test_offline_expired) ... ok
test_offline_fresh (test_g1_completion.AuthorityLifecycle.test_offline_fresh) ... ok
test_offline_old_metadata (test_g1_completion.AuthorityLifecycle.test_offline_old_metadata) ... ok
test_offline_rollback_metadata (test_g1_completion.AuthorityLifecycle.test_offline_rollback_metadata) ... ok
test_partial_cleanup_keeps_failure (test_g1_completion.AuthorityLifecycle.test_partial_cleanup_keeps_failure) ... ok
test_reused_scope (test_g1_completion.AuthorityLifecycle.test_reused_scope) ... ok
test_revision_revoke (test_g1_completion.AuthorityLifecycle.test_revision_revoke) ... ok
test_revoked_flag (test_g1_completion.AuthorityLifecycle.test_revoked_flag) ... ok
test_sibling_scope (test_g1_completion.AuthorityLifecycle.test_sibling_scope) ... ok
test_terminal_first_wins (test_g1_completion.AuthorityLifecycle.test_terminal_first_wins) ... ok
test_wrong_operation (test_g1_completion.AuthorityLifecycle.test_wrong_operation) ... ok
test_semantic_positive_bundle (test_g1_completion.CompleteSchemas.test_semantic_positive_bundle) ... ok
test_semantic_positive_call (test_g1_completion.CompleteSchemas.test_semantic_positive_call) ... ok
test_semantic_positive_capability (test_g1_completion.CompleteSchemas.test_semantic_positive_capability) ... ok
test_semantic_positive_error (test_g1_completion.CompleteSchemas.test_semantic_positive_error) ... ok
test_semantic_positive_event (test_g1_completion.CompleteSchemas.test_semantic_positive_event) ... ok
test_semantic_positive_event_descriptor (test_g1_completion.CompleteSchemas.test_semantic_positive_event_descriptor) ... ok
test_semantic_positive_event_grant (test_g1_completion.CompleteSchemas.test_semantic_positive_event_grant) ... ok
test_semantic_positive_grant (test_g1_completion.CompleteSchemas.test_semantic_positive_grant) ... ok
test_semantic_positive_package_index (test_g1_completion.CompleteSchemas.test_semantic_positive_package_index) ... ok
test_semantic_positive_plugin (test_g1_completion.CompleteSchemas.test_semantic_positive_plugin) ... ok
test_semantic_positive_profile (test_g1_completion.CompleteSchemas.test_semantic_positive_profile) ... ok
test_semantic_positive_resolution_lock (test_g1_completion.CompleteSchemas.test_semantic_positive_resolution_lock) ... ok
test_semantic_positive_response (test_g1_completion.CompleteSchemas.test_semantic_positive_response) ... ok
test_semantic_positive_revocation (test_g1_completion.CompleteSchemas.test_semantic_positive_revocation) ... ok
test_semantic_positive_root_rotation (test_g1_completion.CompleteSchemas.test_semantic_positive_root_rotation) ... ok
test_semantic_positive_secret_grant (test_g1_completion.CompleteSchemas.test_semantic_positive_secret_grant) ... ok
test_semantic_positive_signature (test_g1_completion.CompleteSchemas.test_semantic_positive_signature) ... ok
test_semantic_positive_trust_policy (test_g1_completion.CompleteSchemas.test_semantic_positive_trust_policy) ... ok
test_dual_root_and_openssl (test_g1_completion.CryptoVectors.test_dual_root_and_openssl) ... ok
test_missing_rotation_signature (test_g1_completion.CryptoVectors.test_missing_rotation_signature) ... ok
test_tampered_record (test_g1_completion.CryptoVectors.test_tampered_record) ... ok
test_wrong_domain (test_g1_completion.CryptoVectors.test_wrong_domain) ... ok
test_wrong_root (test_g1_completion.CryptoVectors.test_wrong_root) ... ok
test_both_reject_nonascii_key (test_g1_completion.Digests.test_both_reject_nonascii_key) ... ok
test_both_reject_surrogate (test_g1_completion.Digests.test_both_reject_surrogate) ... ok
test_golden_vectors (test_g1_completion.Digests.test_golden_vectors) ... ok
test_reject_duplicates_raw (test_g1_completion.Digests.test_reject_duplicates_raw) ... ok
test_reject_oversize_raw (test_g1_completion.Digests.test_reject_oversize_raw) ... ok
test_const_enum_mismatch (test_g1_completion.NegativeSemantic.test_const_enum_mismatch) ... ok
test_const_wrong_type (test_g1_completion.NegativeSemantic.test_const_wrong_type) ... ok
test_dependency_duplicates (test_g1_completion.NegativeSemantic.test_dependency_duplicates) ... ok
test_empty_capability_operations (test_g1_completion.NegativeSemantic.test_empty_capability_operations) ... ok
test_enum_duplicate (test_g1_completion.NegativeSemantic.test_enum_duplicate) ... ok
test_enum_wrong_type (test_g1_completion.NegativeSemantic.test_enum_wrong_type) ... ok
test_event_descriptor_fixture_binding (test_g1_completion.NegativeSemantic.test_event_descriptor_fixture_binding) ... ok
test_event_duplicate_declaration (test_g1_completion.NegativeSemantic.test_event_duplicate_declaration) ... ok
test_event_instance_required (test_g1_completion.NegativeSemantic.test_event_instance_required) ... ok
test_event_scope_generation_required (test_g1_completion.NegativeSemantic.test_event_scope_generation_required) ... ok
test_event_unknown_metadata (test_g1_completion.NegativeSemantic.test_event_unknown_metadata) ... ok
test_event_wrong_operation (test_g1_completion.NegativeSemantic.test_event_wrong_operation) ... ok
test_expired_interval (test_g1_completion.NegativeSemantic.test_expired_interval) ... ok
test_feature_overlap (test_g1_completion.NegativeSemantic.test_feature_overlap) ... ok
test_inverted_version_range (test_g1_completion.NegativeSemantic.test_inverted_version_range) ... ok
test_lock_duplicate_binding (test_g1_completion.NegativeSemantic.test_lock_duplicate_binding) ... ok
test_lock_plugin_order (test_g1_completion.NegativeSemantic.test_lock_plugin_order) ... ok
test_lock_unknown_provider (test_g1_completion.NegativeSemantic.test_lock_unknown_provider) ... ok
test_lock_wrong_package (test_g1_completion.NegativeSemantic.test_lock_wrong_package) ... ok
test_missing_idempotency_policy (test_g1_completion.NegativeSemantic.test_missing_idempotency_policy) ... ok
test_package_duplicate_path (test_g1_completion.NegativeSemantic.test_package_duplicate_path) ... ok
test_package_missing_manifest (test_g1_completion.NegativeSemantic.test_package_missing_manifest) ... ok
test_payload_range (test_g1_completion.NegativeSemantic.test_payload_range) ... ok
test_payload_wrong_keyword (test_g1_completion.NegativeSemantic.test_payload_wrong_keyword) ... ok
test_pin_unknown_provider (test_g1_completion.NegativeSemantic.test_pin_unknown_provider) ... ok
test_policy_for_none (test_g1_completion.NegativeSemantic.test_policy_for_none) ... ok
test_required_missing_property (test_g1_completion.NegativeSemantic.test_required_missing_property) ... ok
test_response_both_outcomes (test_g1_completion.NegativeSemantic.test_response_both_outcomes) ... ok
test_rotation_same_key (test_g1_completion.NegativeSemantic.test_rotation_same_key) ... ok
test_rotation_skips_version (test_g1_completion.NegativeSemantic.test_rotation_skips_version) ... ok
test_scope_cycle (test_g1_completion.NegativeSemantic.test_scope_cycle) ... ok
test_scope_two_roots (test_g1_completion.NegativeSemantic.test_scope_two_roots) ... ok
test_secret_wrong_operation (test_g1_completion.NegativeSemantic.test_secret_wrong_operation) ... ok
test_stream_idempotency (test_g1_completion.NegativeSemantic.test_stream_idempotency) ... ok
test_unknown_parent (test_g1_completion.NegativeSemantic.test_unknown_parent) ... ok
test_version_component_overflow (test_g1_completion.NegativeSemantic.test_version_component_overflow) ... ok
test_catalog_permutations (test_g1_completion.Negotiation.test_catalog_permutations) ... ok
test_conflicting_descriptor (test_g1_completion.Negotiation.test_conflicting_descriptor) ... ok
test_max_minor (test_g1_completion.Negotiation.test_max_minor) ... ok
test_optional_features (test_g1_completion.Negotiation.test_optional_features) ... ok
test_optional_features_absent (test_g1_completion.Negotiation.test_optional_features_absent) ... ok
test_bool_not_integer (test_specifications.CanonicalTests.test_bool_not_integer) ... ok
test_depth (test_specifications.CanonicalTests.test_depth) ... ok
test_descriptor_digest (test_specifications.CanonicalTests.test_descriptor_digest) ... ok
test_duplicate_keys (test_specifications.CanonicalTests.test_duplicate_keys) ... ok
test_exponent (test_specifications.CanonicalTests.test_exponent) ... ok
test_fixed_bytes (test_specifications.CanonicalTests.test_fixed_bytes) ... ok
test_float (test_specifications.CanonicalTests.test_float) ... ok
test_key_order (test_specifications.CanonicalTests.test_key_order) ... ok
test_nan (test_specifications.CanonicalTests.test_nan) ... ok
test_negative_zero (test_specifications.CanonicalTests.test_negative_zero) ... ok
test_nonascii_key (test_specifications.CanonicalTests.test_nonascii_key) ... ok
test_range (test_specifications.CanonicalTests.test_range) ... ok
test_size (test_specifications.CanonicalTests.test_size) ... ok
test_surrogate (test_specifications.CanonicalTests.test_surrogate) ... ok
test_denied_grant (test_specifications.DesignExamples.test_denied_grant) ... ok
test_invisible_provider (test_specifications.DesignExamples.test_invisible_provider) ... ok
test_missing_feature (test_specifications.DesignExamples.test_missing_feature) ... ok
test_missing_operation (test_specifications.DesignExamples.test_missing_operation) ... ok
test_missing_pin_no_fallback (test_specifications.DesignExamples.test_missing_pin_no_fallback) ... ok
test_numeric_version (test_specifications.DesignExamples.test_numeric_version) ... ok
test_pin (test_specifications.DesignExamples.test_pin) ... ok
test_shuffle_resolution (test_specifications.DesignExamples.test_shuffle_resolution) ... ok
test_untrusted_provider (test_specifications.DesignExamples.test_untrusted_provider) ... ok
test_wrong_major (test_specifications.DesignExamples.test_wrong_major) ... ok
test_absolute_path (test_specifications.NegativeTests.test_absolute_path) ... ok
test_backslash_path (test_specifications.NegativeTests.test_backslash_path) ... ok
test_bad_grant_interval (test_specifications.NegativeTests.test_bad_grant_interval) ... ok
test_duplicate_bundle_path (test_specifications.NegativeTests.test_duplicate_bundle_path) ... ok
test_duplicate_features (test_specifications.NegativeTests.test_duplicate_features) ... ok
test_duplicate_operation (test_specifications.NegativeTests.test_duplicate_operation) ... ok
test_duplicate_profile_plugin (test_specifications.NegativeTests.test_duplicate_profile_plugin) ... ok
test_leading_zero_version (test_specifications.NegativeTests.test_leading_zero_version) ... ok
test_path_traversal (test_specifications.NegativeTests.test_path_traversal) ... ok
test_prerelease (test_specifications.NegativeTests.test_prerelease) ... ok
test_remote_schema (test_specifications.NegativeTests.test_remote_schema) ... ok
test_retry_denial (test_specifications.NegativeTests.test_retry_denial) ... ok
test_secret_value_in_profile (test_specifications.NegativeTests.test_secret_value_in_profile) ... ok
test_unknown_mode (test_specifications.NegativeTests.test_unknown_mode) ... ok
test_missing_field_bundle (test_specifications.SchemaTests.test_missing_field_bundle) ... ok
test_missing_field_call (test_specifications.SchemaTests.test_missing_field_call) ... ok
test_missing_field_capability (test_specifications.SchemaTests.test_missing_field_capability) ... ok
test_missing_field_error (test_specifications.SchemaTests.test_missing_field_error) ... ok
test_missing_field_event (test_specifications.SchemaTests.test_missing_field_event) ... ok
test_missing_field_event_descriptor (test_specifications.SchemaTests.test_missing_field_event_descriptor) ... ok
test_missing_field_event_grant (test_specifications.SchemaTests.test_missing_field_event_grant) ... ok
test_missing_field_grant (test_specifications.SchemaTests.test_missing_field_grant) ... ok
test_missing_field_package_index (test_specifications.SchemaTests.test_missing_field_package_index) ... ok
test_missing_field_plugin (test_specifications.SchemaTests.test_missing_field_plugin) ... ok
test_missing_field_profile (test_specifications.SchemaTests.test_missing_field_profile) ... ok
test_missing_field_resolution_lock (test_specifications.SchemaTests.test_missing_field_resolution_lock) ... ok
test_missing_field_response (test_specifications.SchemaTests.test_missing_field_response) ... ok
test_missing_field_revocation (test_specifications.SchemaTests.test_missing_field_revocation) ... ok
test_missing_field_root_rotation (test_specifications.SchemaTests.test_missing_field_root_rotation) ... ok
test_missing_field_secret_grant (test_specifications.SchemaTests.test_missing_field_secret_grant) ... ok
test_missing_field_signature (test_specifications.SchemaTests.test_missing_field_signature) ... ok
test_missing_field_trust_policy (test_specifications.SchemaTests.test_missing_field_trust_policy) ... ok
test_unknown_field_bundle (test_specifications.SchemaTests.test_unknown_field_bundle) ... ok
test_unknown_field_call (test_specifications.SchemaTests.test_unknown_field_call) ... ok
test_unknown_field_capability (test_specifications.SchemaTests.test_unknown_field_capability) ... ok
test_unknown_field_error (test_specifications.SchemaTests.test_unknown_field_error) ... ok
test_unknown_field_event (test_specifications.SchemaTests.test_unknown_field_event) ... ok
test_unknown_field_event_descriptor (test_specifications.SchemaTests.test_unknown_field_event_descriptor) ... ok
test_unknown_field_event_grant (test_specifications.SchemaTests.test_unknown_field_event_grant) ... ok
test_unknown_field_grant (test_specifications.SchemaTests.test_unknown_field_grant) ... ok
test_unknown_field_package_index (test_specifications.SchemaTests.test_unknown_field_package_index) ... ok
test_unknown_field_plugin (test_specifications.SchemaTests.test_unknown_field_plugin) ... ok
test_unknown_field_profile (test_specifications.SchemaTests.test_unknown_field_profile) ... ok
test_unknown_field_resolution_lock (test_specifications.SchemaTests.test_unknown_field_resolution_lock) ... ok
test_unknown_field_response (test_specifications.SchemaTests.test_unknown_field_response) ... ok
test_unknown_field_revocation (test_specifications.SchemaTests.test_unknown_field_revocation) ... ok
test_unknown_field_root_rotation (test_specifications.SchemaTests.test_unknown_field_root_rotation) ... ok
test_unknown_field_secret_grant (test_specifications.SchemaTests.test_unknown_field_secret_grant) ... ok
test_unknown_field_signature (test_specifications.SchemaTests.test_unknown_field_signature) ... ok
test_unknown_field_trust_policy (test_specifications.SchemaTests.test_unknown_field_trust_policy) ... ok
test_valid_bundle (test_specifications.SchemaTests.test_valid_bundle) ... ok
test_valid_call (test_specifications.SchemaTests.test_valid_call) ... ok
test_valid_capability (test_specifications.SchemaTests.test_valid_capability) ... ok
test_valid_error (test_specifications.SchemaTests.test_valid_error) ... ok
test_valid_event (test_specifications.SchemaTests.test_valid_event) ... ok
test_valid_event_descriptor (test_specifications.SchemaTests.test_valid_event_descriptor) ... ok
test_valid_event_grant (test_specifications.SchemaTests.test_valid_event_grant) ... ok
test_valid_grant (test_specifications.SchemaTests.test_valid_grant) ... ok
test_valid_package_index (test_specifications.SchemaTests.test_valid_package_index) ... ok
test_valid_plugin (test_specifications.SchemaTests.test_valid_plugin) ... ok
test_valid_profile (test_specifications.SchemaTests.test_valid_profile) ... ok
test_valid_resolution_lock (test_specifications.SchemaTests.test_valid_resolution_lock) ... ok
test_valid_response (test_specifications.SchemaTests.test_valid_response) ... ok
test_valid_revocation (test_specifications.SchemaTests.test_valid_revocation) ... ok
test_valid_root_rotation (test_specifications.SchemaTests.test_valid_root_rotation) ... ok
test_valid_secret_grant (test_specifications.SchemaTests.test_valid_secret_grant) ... ok
test_valid_signature (test_specifications.SchemaTests.test_valid_signature) ... ok
test_valid_trust_policy (test_specifications.SchemaTests.test_valid_trust_policy) ... ok
test_activation_staging (test_specifications.ScopeLifecycleExamples.test_activation_staging) ... ok
test_ancestor_visible (test_specifications.ScopeLifecycleExamples.test_ancestor_visible) ... ok
test_bad_signature_padding (test_specifications.ScopeLifecycleExamples.test_bad_signature_padding) ... ok
test_call_cannot_assert_authority (test_specifications.ScopeLifecycleExamples.test_call_cannot_assert_authority) ... ok
test_child_hidden_from_parent (test_specifications.ScopeLifecycleExamples.test_child_hidden_from_parent) ... ok
test_grant_expiry_boundary (test_specifications.ScopeLifecycleExamples.test_grant_expiry_boundary) ... ok
test_grant_intersection (test_specifications.ScopeLifecycleExamples.test_grant_intersection) ... ok
test_reverse_disposal_order (test_specifications.ScopeLifecycleExamples.test_reverse_disposal_order) ... ok
test_revoked_revision (test_specifications.ScopeLifecycleExamples.test_revoked_revision) ... ok
test_scope_self_visible (test_specifications.ScopeLifecycleExamples.test_scope_self_visible) ... ok
test_sibling_hidden (test_specifications.ScopeLifecycleExamples.test_sibling_hidden) ... ok
test_stale_generation (test_specifications.ScopeLifecycleExamples.test_stale_generation) ... ok
test_terminal_state (test_specifications.ScopeLifecycleExamples.test_terminal_state) ... ok

----------------------------------------------------------------------
Ran 193 tests in 0.243s

OK

> alica-v2@0.0.0 boundaries
> node tools/check-boundaries.mjs

Public import boundaries passed

> alica-v2@0.0.0 secrets
> python3 tools/check-secrets.py

Secret pattern check passed

> alica-v2@0.0.0 dependencies
> python3 -S tools/check-dependencies.py

npm @types/node 24.13.5 MIT
npm ajv 8.20.0 MIT
npm fast-deep-equal 3.1.3 MIT
npm fast-uri 3.1.8 BSD-3-Clause
npm json-schema-traverse 1.0.0 MIT
npm prettier 3.9.7 MIT
npm require-from-string 2.0.2 MIT
npm typescript 6.0.3 Apache-2.0
npm undici-types 7.18.2 MIT
python attrs 26.1.0 MIT
python cffi 2.1.1 MIT-0
python cryptography 50.0.1 Apache-2.0 OR BSD-3-Clause
python jsonschema 4.26.0 MIT
python jsonschema-specifications 2025.9.1 MIT
python pycparser 3.0 BSD-3-Clause
python referencing 0.37.0 MIT
python rpds-py 2026.6.3 MIT
python typing_extensions 4.16.0 PSF-2.0
Exact dependencies and reviewed license allowlist passed; not a vulnerability scan

> alica-v2@0.0.0 test:isolated
> node tools/test-isolated.mjs

{"schemaVersion":"alica.isolated-conformance/v1","passed":true,"installedPackages":["@alica/acap-types","@alica/acap-contracts","@alica/alicac"],"kernelInstalled":false,"generatedArtifactsDeterministic":true,"generatedTypesChecked":true,"wireRoundTrip":true,"conformance":{"checks":[{"name":"fixture:independent-add","passed":true},{"name":"fixture:recorded-replay","passed":true},{"name":"fixture:changed-payload-conflict","passed":true},{"name":"fixture:stream-count","passed":true},{"name":"fixture:empty-stream","passed":true},{"name":"wrong-digest","passed":true},{"name":"unknown-operation","passed":true},{"name":"expired-request","passed":true},{"name":"caller-spoof","passed":true},{"name":"incompatible-negotiation","passed":true}],"descriptorDigest":"sha256:8766c5d4a8e68a5194a76fc0ce18ed3b50b86ce8765508fc95c05de0d83bff21","passed":true,"schemaVersion":"alica.conformance/v1"}}
ISOLATED_CONSUMER_PASS kernelUnavailable=true generatedClient=true wireRoundTrip=true idempotentInvocations=1
SDK/testkit runtime exports and declaration snapshots passed

> alica-v2@0.0.0 test:external
> node tools/test-external-sdk.mjs

{"schemaVersion":"alica.g5-external/v1","level":"PROVIDER","sourceRevision":"ac9e1dbe9fb6ef96180bb6df86dc0640d21dbf9c","runtime":"v24.21.0","publicImportsOnly":true,"authorProjectHasNoKernel":true,"separateOperatorProject":true,"deterministicGeneration":true,"negativeTypeCheck":true,"packageFiles":["consumer.plugin.json","contracts/math.json","contracts/result.json","dist/consumer.d.ts","dist/consumer.js","dist/provider.d.ts","dist/provider.js","generated/client.d.mts","generated/client.mjs","generated/provider.d.mts","generated/provider.mjs","package.json","provider.plugin.json"],"conformance":{"checks":[{"name":"fixture:positive","passed":true},{"name":"fixture:negative","passed":true},{"name":"fixture:zero","passed":true},{"name":"fixture:invalid-input","passed":true},{"name":"wrong-digest","passed":true},{"name":"unknown-operation","passed":true},{"name":"expired-request","passed":true},{"name":"caller-spoof","passed":true},{"name":"incompatible-negotiation","passed":true}],"descriptorDigest":"sha256:19bfc82bed3b4f3478966a8b6a86a1d7c14999387231d2f1dbb6ff239cd1167e","passed":true,"schemaVersion":"alica.conformance/v1"},"production":{"level":"PROVIDER","transport":"inproc","signedPackageVerified":true,"inventoryOnlyModules":true,"publicSdk":true,"result":42,"cleanup":{"completedDisposers":2,"failedDisposers":[],"restartRequired":false,"state":"DISPOSED","timedOutResources":0},"providerActivated":true},"commands":[["npm","pack","/home/alica-dev/AlicaV2/packages/acap-types","--pack-destination","$TMP/artifacts","--json","--ignore-scripts"],["npm","pack","/home/alica-dev/AlicaV2/packages/acap-contracts","--pack-destination","$TMP/artifacts","--json","--ignore-scripts"],["npm","pack","/home/alica-dev/AlicaV2/packages/plugin-sdk","--pack-destination","$TMP/artifacts","--json","--ignore-scripts"],["npm","pack","/home/alica-dev/AlicaV2/packages/testkit","--pack-destination","$TMP/artifacts","--json","--ignore-scripts"],["npm","pack","/home/alica-dev/AlicaV2/packages/alicac","--pack-destination","$TMP/artifacts","--json","--ignore-scripts"],["npm","pack","/home/alica-dev/AlicaV2/packages/kernel","--pack-destination","$TMP/artifacts","--json","--ignore-scripts"],["npm","install","--no-save","--ignore-scripts","--no-audit","--no-fund","$TMP/artifacts/alica-acap-types-0.0.0.tgz","$TMP/artifacts/alica-acap-contracts-0.0.0.tgz","$TMP/artifacts/alica-plugin-sdk-0.1.0.tgz","$TMP/artifacts/alica-testkit-0.1.0.tgz","$TMP/artifacts/alica-alicac-0.0.0.tgz"],["/tmp/alica-g5-external-AtBVYx/author/node_modules/.bin/alicac","capability","init","--id","org.tutorial.math","--out","starter.json","--json"],["/tmp/alica-g5-external-AtBVYx/author/node_modules/.bin/alicac","capability","validate","contracts/math.json","--json"],["npm","run","build"],["npm","run","build"],["npm","test"],["/tmp/alica-g5-external-AtBVYx/author/node_modules/.bin/alicac","conformance","run","--provider","dist/provider.js","--fixtures","conformance.json","--json"],["npm","run","verify"],["npm","run","run"],["node","--input-type=module","-e","import assert from 'node:assert/strict';import {createRequire} from 'node:module';const require=createRequire(import.meta.url);assert.throws(()=>require.resolve('@alica/kernel'),e=>e.code==='MODULE_NOT_FOUND');for(const p of ['@alica/plugin-sdk/dist/index.js','@alica/testkit/dist/index.js'])assert.throws(()=>require.resolve(p),e=>e.code==='ERR_PACKAGE_PATH_NOT_EXPORTED')"],["node","node_modules/typescript/bin/tsc","--noEmit","-p","tsconfig.json"],["npm","pack","--pack-destination","$TMP/artifacts","--json","--ignore-scripts"],["npm","install","--no-save","--ignore-scripts","--no-audit","--no-fund","$TMP/artifacts/alica-acap-types-0.0.0.tgz","$TMP/artifacts/alica-acap-contracts-0.0.0.tgz","$TMP/artifacts/alica-plugin-sdk-0.1.0.tgz","$TMP/artifacts/alica-kernel-0.0.0.tgz","$TMP/artifacts/tutorial-plugins-0.1.0.tgz"],["node","--experimental-vm-modules","operator-run.mjs"]]}

> alica-v2@0.0.0 test:g6-design
> python3 -S tools/check-g6-design.py && python3 -S tools/test-g6-context-model.py

{
  "level": "SCHEMA-DESIGN-ONLY",
  "schemaChecksPassed": 248,
  "runtimeQualification": false,
  "cases": [
    {
      "case": "valid-hello",
      "passed": true,
      "expectedValid": true,
      "direction": null
    },
    {
      "case": "closed-hello-envelope",
      "passed": true,
      "expectedValid": false,
      "direction": null
    },
    {
      "case": "closed-hello-body",
      "passed": true,
      "expectedValid": false,
      "direction": null
    },
    {
      "case": "generation-required-hello",
      "passed": true,
      "expectedValid": false,
      "direction": null
    },
    {
      "case": "valid-accepted",
      "passed": true,
      "expectedValid": true,
      "direction": null
    },
    {
      "case": "closed-accepted-envelope",
      "passed": true,
      "expectedValid": false,
      "direction": null
    },
    {
      "case": "closed-accepted-body",
      "passed": true,
      "expectedValid": false,
      "direction": null
    },
    {
      "case": "generation-required-accepted",
      "passed": true,
      "expectedValid": false,
      "direction": null
    },
    {
      "case": "valid-request",
      "passed": true,
      "expectedValid": true,
      "direction": null
    },
    {
      "case": "closed-request-envelope",
      "passed": true,
      "expectedValid": false,
      "direction": null
    },
    {
      "case": "closed-request-body",
      "passed": true,
      "expectedValid": false,
      "direction": null
    },
    {
      "case": "generation-required-request",
      "passed": true,
      "expectedValid": false,
      "direction": null
    },
    {
      "case": "valid-response",
      "passed": true,
      "expectedValid": true,
      "direction": null
    },
    {
      "case": "closed-response-envelope",
      "passed": true,
      "expectedValid": false,
      "direction": null
    },
    {
      "case": "closed-response-body",
      "passed": true,
      "expectedValid": false,
      "direction": null
    },
    {
      "case": "generation-required-response",
      "passed": true,
      "expectedValid": false,
      "direction": null
    },
    {
      "case": "valid-error",
      "passed": true,
      "expectedValid": true,
      "direction": null
    },
    {
      "case": "closed-error-envelope",
      "passed": true,
      "expectedValid": false,
      "direction": null
    },
    {
      "case": "closed-error-body",
      "passed": true,
      "expectedValid": false,
      "direction": null
    },
    {
      "case": "generation-required-error",
      "passed": true,
      "expectedValid": false,
      "direction": null
    },
    {
      "case": "valid-cancel",
      "passed": true,
      "expectedValid": true,
      "direction": null
    },
    {
      "case": "closed-cancel-envelope",
      "passed": true,
      "expectedValid": false,
      "direction": null
    },
    {
      "case": "closed-cancel-body",
      "passed": true,
      "expectedValid": false,
      "direction": null
    },
    {
      "case": "generation-required-cancel",
      "passed": true,
      "expectedValid": false,
      "direction": null
    },
    {
      "case": "valid-stream-item",
      "passed": true,
      "expectedValid": true,
      "direction": null
    },
    {
      "case": "closed-stream-item-envelope",
      "passed": true,
      "expectedValid": false,
      "direction": null
    },
    {
      "case": "closed-stream-item-body",
      "passed": true,
      "expectedValid": false,
      "direction": null
    },
    {
      "case": "generation-required-stream-item",
      "passed": true,
      "expectedValid": false,
      "direction": null
    },
    {
      "case": "valid-stream-credit",
      "passed": true,
      "expectedValid": true,
      "direction": null
    },
    {
      "case": "closed-stream-credit-envelope",
      "passed": true,
      "expectedValid": false,
      "direction": null
    },
    {
      "case": "closed-stream-credit-body",
      "passed": true,
      "expectedValid": false,
      "direction": null
    },
    {
      "case": "generation-required-stream-credit",
      "passed": true,
      "expectedValid": false,
      "direction": null
    },
    {
      "case": "valid-stream-end",
      "passed": true,
      "expectedValid": true,
      "direction": null
    },
    {
      "case": "closed-stream-end-envelope",
      "passed": true,
      "expectedValid": false,
      "direction": null
    },
    {
      "case": "closed-stream-end-body",
      "passed": true,
      "expectedValid": false,
      "direction": null
    },
    {
      "case": "generation-required-stream-end",
      "passed": true,
      "expectedValid": false,
      "direction": null
    },
    {
      "case": "valid-event",
      "passed": true,
      "expectedValid": true,
      "direction": null
    },
    {
      "case": "closed-event-envelope",
      "passed": true,
      "expectedValid": false,
      "direction": null
    },
    {
      "case": "closed-event-body",
      "passed": true,
      "expectedValid": false,
      "direction": null
    },
    {
      "case": "generation-required-event",
      "passed": true,
      "expectedValid": false,
      "direction": null
    },
    {
      "case": "valid-ping",
      "passed": true,
      "expectedValid": true,
      "direction": null
    },
    {
      "case": "closed-ping-envelope",
      "passed": true,
      "expectedValid": false,
      "direction": null
    },
    {
      "case": "closed-ping-body",
      "passed": true,
      "expectedValid": false,
      "direction": null
    },
    {
      "case": "generation-required-ping",
      "passed": true,
      "expectedValid": false,
      "direction": null
    },
    {
      "case": "valid-pong",
      "passed": true,
      "expectedValid": true,
      "direction": null
    },
    {
      "case": "closed-pong-envelope",
      "passed": true,
      "expectedValid": false,
      "direction": null
    },
    {
      "case": "closed-pong-body",
      "passed": true,
      "expectedValid": false,
      "direction": null
    },
    {
      "case": "generation-required-pong",
      "passed": true,
      "expectedValid": false,
      "direction": null
    },
    {
      "case": "valid-scope-check",
      "passed": true,
      "expectedValid": true,
      "direction": null
    },
    {
      "case": "closed-scope-check-envelope",
      "passed": true,
      "expectedValid": false,
      "direction": null
    },
    {
      "case": "closed-scope-check-body",
      "passed": true,
      "expectedValid": false,
      "direction": null
    },
    {
      "case": "generation-required-scope-check",
      "passed": true,
      "expectedValid": false,
      "direction": null
    },
    {
      "case": "valid-log",
      "passed": true,
      "expectedValid": true,
      "direction": null
    },
    {
      "case": "closed-log-envelope",
      "passed": true,
      "expectedValid": false,
      "direction": null
    },
    {
      "case": "closed-log-body",
      "passed": true,
      "expectedValid": false,
      "direction": null
    },
    {
      "case": "generation-required-log",
      "passed": true,
      "expectedValid": false,
      "direction": null
    },
    {
      "case": "hello-from-provider",
      "passed": true,
      "expectedValid": true,
      "direction": "toBroker"
    },
    {
      "case": "hello-not-from-broker",
      "passed": true,
      "expectedValid": false,
      "direction": "toProvider"
    },
    {
      "case": "accepted-from-broker",
      "passed": true,
      "expectedValid": true,
      "direction": "toProvider"
    },
    {
      "case": "accepted-not-from-provider",
      "passed": true,
      "expectedValid": false,
      "direction": "toBroker"
    },
    {
      "case": "broker-invoke",
      "passed": true,
      "expectedValid": true,
      "direction": "toProvider"
    },
    {
      "case": "provider-cannot-send-broker-invoke",
      "passed": true,
      "expectedValid": false,
      "direction": "toBroker"
    },
    {
      "case": "outbound-shape",
      "passed": true,
      "expectedValid": true,
      "direction": "toBroker"
    },
    {
      "case": "outbound-rejects-caller-assertion",
      "passed": true,
      "expectedValid": false,
      "direction": "toBroker"
    },
    {
      "case": "invalid-header-contextId",
      "passed": true,
      "expectedValid": false,
      "direction": null
    },
    {
      "case": "invalid-header-sessionId",
      "passed": true,
      "expectedValid": false,
      "direction": null
    },
    {
      "case": "invalid-header-generation",
      "passed": true,
      "expectedValid": false,
      "direction": null
    },
    {
      "case": "invalid-header-sequence",
      "passed": true,
      "expectedValid": false,
      "direction": null
    },
    {
      "case": "invalid-header-schemaVersion",
      "passed": true,
      "expectedValid": false,
      "direction": null
    },
    {
      "case": "invalid-header-tag",
      "passed": true,
      "expectedValid": false,
      "direction": null
    },
    {
      "case": "credit-shape-0",
      "passed": true,
      "expectedValid": false,
      "direction": null
    },
    {
      "case": "credit-shape-257",
      "passed": true,
      "expectedValid": false,
      "direction": null
    },
    {
      "case": "credit-shape-1.5",
      "passed": true,
      "expectedValid": false,
      "direction": null
    },
    {
      "case": "handshake-shape-protocolMajor",
      "passed": true,
      "expectedValid": false,
      "direction": null
    },
    {
      "case": "handshake-shape-packageDigest",
      "passed": true,
      "expectedValid": false,
      "direction": null
    },
    {
      "case": "handshake-shape-challenge",
      "passed": true,
      "expectedValid": false,
      "direction": null
    },
    {
      "case": "reject-non-acap-value-76",
      "passed": true,
      "expectedValid": false,
      "direction": null
    },
    {
      "case": "reject-non-acap-value-77",
      "passed": true,
      "expectedValid": false,
      "direction": null
    },
    {
      "case": "reject-non-acap-value-78",
      "passed": true,
      "expectedValid": false,
      "direction": null
    },
    {
      "case": "accept-acap-value-79",
      "passed": true,
      "expectedValid": true,
      "direction": null
    },
    {
      "case": "accept-acap-value-80",
      "passed": true,
      "expectedValid": true,
      "direction": null
    },
    {
      "case": "accept-acap-value-81",
      "passed": true,
      "expectedValid": true,
      "direction": null
    },
    {
      "case": "accept-acap-value-82",
      "passed": true,
      "expectedValid": true,
      "direction": null
    },
    {
      "case": "accept-acap-value-83",
      "passed": true,
      "expectedValid": true,
      "direction": null
    },
    {
      "case": "control-context-ready",
      "passed": true,
      "expectedValid": true,
      "direction": "toBroker"
    },
    {
      "case": "control-not-from-broker-context-ready",
      "passed": true,
      "expectedValid": false,
      "direction": "toProvider"
    },
    {
      "case": "control-task-open",
      "passed": true,
      "expectedValid": true,
      "direction": "toBroker"
    },
    {
      "case": "control-not-from-broker-task-open",
      "passed": true,
      "expectedValid": false,
      "direction": "toProvider"
    },
    {
      "case": "control-event-ack",
      "passed": true,
      "expectedValid": true,
      "direction": "toBroker"
    },
    {
      "case": "control-not-from-broker-event-ack",
      "passed": true,
      "expectedValid": false,
      "direction": "toProvider"
    },
    {
      "case": "control-bind",
      "passed": true,
      "expectedValid": true,
      "direction": "toBroker"
    },
    {
      "case": "control-not-from-broker-bind",
      "passed": true,
      "expectedValid": false,
      "direction": "toProvider"
    },
    {
      "case": "control-register",
      "passed": true,
      "expectedValid": true,
      "direction": "toBroker"
    },
    {
      "case": "control-not-from-broker-register",
      "passed": true,
      "expectedValid": false,
      "direction": "toProvider"
    },
    {
      "case": "control-withdraw",
      "passed": true,
      "expectedValid": true,
      "direction": "toBroker"
    },
    {
      "case": "control-not-from-broker-withdraw",
      "passed": true,
      "expectedValid": false,
      "direction": "toProvider"
    },
    {
      "case": "control-secret",
      "passed": true,
      "expectedValid": true,
      "direction": "toBroker"
    },
    {
      "case": "control-not-from-broker-secret",
      "passed": true,
      "expectedValid": false,
      "direction": "toProvider"
    },
    {
      "case": "control-subscribe",
      "passed": true,
      "expectedValid": true,
      "direction": "toBroker"
    },
    {
      "case": "control-not-from-broker-subscribe",
      "passed": true,
      "expectedValid": false,
      "direction": "toProvider"
    },
    {
      "case": "control-unsubscribe",
      "passed": true,
      "expectedValid": true,
      "direction": "toBroker"
    },
    {
      "case": "control-not-from-broker-unsubscribe",
      "passed": true,
      "expectedValid": false,
      "direction": "toProvider"
    },
    {
      "case": "control-scope-create",
      "passed": true,
      "expectedValid": true,
      "direction": "toBroker"
    },
    {
      "case": "control-not-from-broker-scope-create",
      "passed": true,
      "expectedValid": false,
      "direction": "toProvider"
    },
    {
      "case": "control-scope-check",
      "passed": true,
      "expectedValid": true,
      "direction": "toBroker"
    },
    {
      "case": "control-not-from-broker-scope-check",
      "passed": true,
      "expectedValid": false,
      "direction": "toProvider"
    },
    {
      "case": "control-log",
      "passed": true,
      "expectedValid": true,
      "direction": "toBroker"
    },
    {
      "case": "control-not-from-broker-log",
      "passed": true,
      "expectedValid": false,
      "direction": "toProvider"
    },
    {
      "case": "valid-digest-shape-does-not-authenticate",
      "passed": true,
      "expectedValid": true,
      "direction": "toBroker"
    },
    {
      "case": "valid-name-shape-does-not-authenticate",
      "passed": true,
      "expectedValid": true,
      "direction": "toBroker"
    },
    {
      "case": "invoke-on-work-lane",
      "passed": true,
      "expectedValid": true,
      "direction": "workToProvider"
    },
    {
      "case": "invoke-not-on-control-lane",
      "passed": true,
      "expectedValid": false,
      "direction": "controlToProvider"
    },
    {
      "case": "hello-on-control-lane",
      "passed": true,
      "expectedValid": true,
      "direction": "controlToBroker"
    },
    {
      "case": "hello-not-on-work-lane",
      "passed": true,
      "expectedValid": false,
      "direction": "workToBroker"
    },
    {
      "case": "context-ready-control-lane",
      "passed": true,
      "expectedValid": true,
      "direction": "controlToBroker"
    },
    {
      "case": "context-ready-not-work-lane",
      "passed": true,
      "expectedValid": false,
      "direction": "workToBroker"
    },
    {
      "case": "task-open-control-lane",
      "passed": true,
      "expectedValid": true,
      "direction": "controlToBroker"
    },
    {
      "case": "task-open-not-work-lane",
      "passed": true,
      "expectedValid": false,
      "direction": "workToBroker"
    },
    {
      "case": "outbound-cannot-use-control-channel",
      "passed": true,
      "expectedValid": false,
      "direction": "controlToBroker"
    },
    {
      "case": "outbound-work-channel",
      "passed": true,
      "expectedValid": true,
      "direction": "workToBroker"
    },
    {
      "case": "required-context-feature-hello",
      "passed": true,
      "expectedValid": false,
      "direction": null
    },
    {
      "case": "event-digests-required-hello",
      "passed": true,
      "expectedValid": false,
      "direction": null
    },
    {
      "case": "required-context-feature-accepted",
      "passed": true,
      "expectedValid": false,
      "direction": null
    },
    {
      "case": "event-digests-required-accepted",
      "passed": true,
      "expectedValid": false,
      "direction": null
    },
    {
      "case": "r2-reject-asserted-parentWireId",
      "passed": true,
      "expectedValid": false,
      "direction": "toBroker"
    },
    {
      "case": "r2-reject-asserted-caller",
      "passed": true,
      "expectedValid": false,
      "direction": "toBroker"
    },
    {
      "case": "context-required",
      "passed": true,
      "expectedValid": false,
      "direction": null
    },
    {
      "case": "single-active-is-not-r2",
      "passed": true,
      "expectedValid": false,
      "direction": "toProvider"
    },
    {
      "case": "offer-shape",
      "passed": true,
      "expectedValid": true,
      "direction": "broker-native-carrier"
    },
    {
      "case": "offer-reject-descriptorCount-0",
      "passed": true,
      "expectedValid": false,
      "direction": "broker-native-carrier"
    },
    {
      "case": "offer-reject-descriptorCount-2",
      "passed": true,
      "expectedValid": false,
      "direction": "broker-native-carrier"
    },
    {
      "case": "offer-reject-generation-0",
      "passed": true,
      "expectedValid": false,
      "direction": "broker-native-carrier"
    },
    {
      "case": "offer-reject-contextId-",
      "passed": true,
      "expectedValid": false,
      "direction": "broker-native-carrier"
    },
    {
      "case": "offer-reject-purpose-arbitrary",
      "passed": true,
      "expectedValid": false,
      "direction": "broker-native-carrier"
    },
    {
      "case": "offer-reject-parentWireId-1",
      "passed": true,
      "expectedValid": false,
      "direction": "broker-native-carrier"
    },
    {
      "case": "offer-reject-fd-12",
      "passed": true,
      "expectedValid": false,
      "direction": "broker-native-carrier"
    },
    {
      "case": "offer-reject-caller-{}",
      "passed": true,
      "expectedValid": false,
      "direction": "broker-native-carrier"
    },
    {
      "case": "offer-requires-schemaVersion",
      "passed": true,
      "expectedValid": false,
      "direction": "broker-native-carrier"
    },
    {
      "case": "offer-requires-sessionId",
      "passed": true,
      "expectedValid": false,
      "direction": "broker-native-carrier"
    },
    {
      "case": "offer-requires-generation",
      "passed": true,
      "expectedValid": false,
      "direction": "broker-native-carrier"
    },
    {
      "case": "offer-requires-offerId",
      "passed": true,
      "expectedValid": false,
      "direction": "broker-native-carrier"
    },
    {
      "case": "offer-requires-contextId",
      "passed": true,
      "expectedValid": false,
      "direction": "broker-native-carrier"
    },
    {
      "case": "offer-requires-purpose",
      "passed": true,
      "expectedValid": false,
      "direction": "broker-native-carrier"
    },
    {
      "case": "offer-requires-descriptorCount",
      "passed": true,
      "expectedValid": false,
      "direction": "broker-native-carrier"
    },
    {
      "case": "offer-requires-remainingMs",
      "passed": true,
      "expectedValid": false,
      "direction": "broker-native-carrier"
    },
    {
      "case": "sdk-positive-0",
      "passed": true,
      "expectedValid": true,
      "direction": "workToBroker"
    },
    {
      "case": "sdk-wrong-lane-0-controlToBroker",
      "passed": true,
      "expectedValid": false,
      "direction": "controlToBroker"
    },
    {
      "case": "sdk-wrong-lane-0-controlToProvider",
      "passed": true,
      "expectedValid": false,
      "direction": "controlToProvider"
    },
    {
      "case": "sdk-wrong-lane-0-workToProvider",
      "passed": true,
      "expectedValid": false,
      "direction": "workToProvider"
    },
    {
      "case": "sdk-required-0-kind",
      "passed": true,
      "expectedValid": false,
      "direction": "workToBroker"
    },
    {
      "case": "sdk-required-0-wireId",
      "passed": true,
      "expectedValid": false,
      "direction": "workToBroker"
    },
    {
      "case": "sdk-required-0-scopeId",
      "passed": true,
      "expectedValid": false,
      "direction": "workToBroker"
    },
    {
      "case": "sdk-required-0-scopeGeneration",
      "passed": true,
      "expectedValid": false,
      "direction": "workToBroker"
    },
    {
      "case": "sdk-closed-0",
      "passed": true,
      "expectedValid": false,
      "direction": "workToBroker"
    },
    {
      "case": "sdk-positive-1",
      "passed": true,
      "expectedValid": true,
      "direction": "workToBroker"
    },
    {
      "case": "sdk-wrong-lane-1-controlToBroker",
      "passed": true,
      "expectedValid": false,
      "direction": "controlToBroker"
    },
    {
      "case": "sdk-wrong-lane-1-controlToProvider",
      "passed": true,
      "expectedValid": false,
      "direction": "controlToProvider"
    },
    {
      "case": "sdk-wrong-lane-1-workToProvider",
      "passed": true,
      "expectedValid": false,
      "direction": "workToProvider"
    },
    {
      "case": "sdk-required-1-kind",
      "passed": true,
      "expectedValid": false,
      "direction": "workToBroker"
    },
    {
      "case": "sdk-required-1-wireId",
      "passed": true,
      "expectedValid": false,
      "direction": "workToBroker"
    },
    {
      "case": "sdk-required-1-scopeId",
      "passed": true,
      "expectedValid": false,
      "direction": "workToBroker"
    },
    {
      "case": "sdk-required-1-scopeGeneration",
      "passed": true,
      "expectedValid": false,
      "direction": "workToBroker"
    },
    {
      "case": "sdk-required-1-record",
      "passed": true,
      "expectedValid": false,
      "direction": "workToBroker"
    },
    {
      "case": "sdk-closed-1",
      "passed": true,
      "expectedValid": false,
      "direction": "workToBroker"
    },
    {
      "case": "sdk-positive-2",
      "passed": true,
      "expectedValid": true,
      "direction": "workToBroker"
    },
    {
      "case": "sdk-wrong-lane-2-controlToBroker",
      "passed": true,
      "expectedValid": false,
      "direction": "controlToBroker"
    },
    {
      "case": "sdk-wrong-lane-2-controlToProvider",
      "passed": true,
      "expectedValid": false,
      "direction": "controlToProvider"
    },
    {
      "case": "sdk-wrong-lane-2-workToProvider",
      "passed": true,
      "expectedValid": false,
      "direction": "workToProvider"
    },
    {
      "case": "sdk-required-2-kind",
      "passed": true,
      "expectedValid": false,
      "direction": "workToBroker"
    },
    {
      "case": "sdk-required-2-wireId",
      "passed": true,
      "expectedValid": false,
      "direction": "workToBroker"
    },
    {
      "case": "sdk-required-2-scopeId",
      "passed": true,
      "expectedValid": false,
      "direction": "workToBroker"
    },
    {
      "case": "sdk-required-2-scopeGeneration",
      "passed": true,
      "expectedValid": false,
      "direction": "workToBroker"
    },
    {
      "case": "sdk-required-2-callbackId",
      "passed": true,
      "expectedValid": false,
      "direction": "workToBroker"
    },
    {
      "case": "sdk-closed-2",
      "passed": true,
      "expectedValid": false,
      "direction": "workToBroker"
    },
    {
      "case": "sdk-positive-3",
      "passed": true,
      "expectedValid": true,
      "direction": "workToBroker"
    },
    {
      "case": "sdk-wrong-lane-3-controlToBroker",
      "passed": true,
      "expectedValid": false,
      "direction": "controlToBroker"
    },
    {
      "case": "sdk-wrong-lane-3-controlToProvider",
      "passed": true,
      "expectedValid": false,
      "direction": "controlToProvider"
    },
    {
      "case": "sdk-wrong-lane-3-workToProvider",
      "passed": true,
      "expectedValid": false,
      "direction": "workToProvider"
    },
    {
      "case": "sdk-required-3-kind",
      "passed": true,
      "expectedValid": false,
      "direction": "workToBroker"
    },
    {
      "case": "sdk-required-3-wireId",
      "passed": true,
      "expectedValid": false,
      "direction": "workToBroker"
    },
    {
      "case": "sdk-required-3-effectId",
      "passed": true,
      "expectedValid": false,
      "direction": "workToBroker"
    },
    {
      "case": "sdk-closed-3",
      "passed": true,
      "expectedValid": false,
      "direction": "workToBroker"
    },
    {
      "case": "sdk-positive-4",
      "passed": true,
      "expectedValid": true,
      "direction": "workToProvider"
    },
    {
      "case": "sdk-wrong-lane-4-controlToBroker",
      "passed": true,
      "expectedValid": false,
      "direction": "controlToBroker"
    },
    {
      "case": "sdk-wrong-lane-4-controlToProvider",
      "passed": true,
      "expectedValid": false,
      "direction": "controlToProvider"
    },
    {
      "case": "sdk-wrong-lane-4-workToBroker",
      "passed": true,
      "expectedValid": false,
      "direction": "workToBroker"
    },
    {
      "case": "sdk-required-4-kind",
      "passed": true,
      "expectedValid": false,
      "direction": "workToProvider"
    },
    {
      "case": "sdk-required-4-wireId",
      "passed": true,
      "expectedValid": false,
      "direction": "workToProvider"
    },
    {
      "case": "sdk-required-4-effectId",
      "passed": true,
      "expectedValid": false,
      "direction": "workToProvider"
    },
    {
      "case": "sdk-required-4-callbackId",
      "passed": true,
      "expectedValid": false,
      "direction": "workToProvider"
    },
    {
      "case": "sdk-required-4-remainingMs",
      "passed": true,
      "expectedValid": false,
      "direction": "workToProvider"
    },
    {
      "case": "sdk-closed-4",
      "passed": true,
      "expectedValid": false,
      "direction": "workToProvider"
    },
    {
      "case": "sdk-positive-5",
      "passed": true,
      "expectedValid": true,
      "direction": "workToBroker"
    },
    {
      "case": "sdk-wrong-lane-5-controlToBroker",
      "passed": true,
      "expectedValid": false,
      "direction": "controlToBroker"
    },
    {
      "case": "sdk-wrong-lane-5-controlToProvider",
      "passed": true,
      "expectedValid": false,
      "direction": "controlToProvider"
    },
    {
      "case": "sdk-wrong-lane-5-workToProvider",
      "passed": true,
      "expectedValid": false,
      "direction": "workToProvider"
    },
    {
      "case": "sdk-required-5-kind",
      "passed": true,
      "expectedValid": false,
      "direction": "workToBroker"
    },
    {
      "case": "sdk-required-5-wireId",
      "passed": true,
      "expectedValid": false,
      "direction": "workToBroker"
    },
    {
      "case": "sdk-required-5-effectId",
      "passed": true,
      "expectedValid": false,
      "direction": "workToBroker"
    },
    {
      "case": "sdk-closed-5",
      "passed": true,
      "expectedValid": false,
      "direction": "workToBroker"
    },
    {
      "case": "sdk-positive-6",
      "passed": true,
      "expectedValid": true,
      "direction": "workToBroker"
    },
    {
      "case": "sdk-wrong-lane-6-controlToBroker",
      "passed": true,
      "expectedValid": false,
      "direction": "controlToBroker"
    },
    {
      "case": "sdk-wrong-lane-6-controlToProvider",
      "passed": true,
      "expectedValid": false,
      "direction": "controlToProvider"
    },
    {
      "case": "sdk-wrong-lane-6-workToProvider",
      "passed": true,
      "expectedValid": false,
      "direction": "workToProvider"
    },
    {
      "case": "sdk-required-6-kind",
      "passed": true,
      "expectedValid": false,
      "direction": "workToBroker"
    },
    {
      "case": "sdk-required-6-wireId",
      "passed": true,
      "expectedValid": false,
      "direction": "workToBroker"
    },
    {
      "case": "sdk-required-6-effectId",
      "passed": true,
      "expectedValid": false,
      "direction": "workToBroker"
    },
    {
      "case": "sdk-required-6-error",
      "passed": true,
      "expectedValid": false,
      "direction": "workToBroker"
    },
    {
      "case": "sdk-closed-6",
      "passed": true,
      "expectedValid": false,
      "direction": "workToBroker"
    },
    {
      "case": "sdk-positive-7",
      "passed": true,
      "expectedValid": true,
      "direction": "workToProvider"
    },
    {
      "case": "sdk-wrong-lane-7-controlToBroker",
      "passed": true,
      "expectedValid": false,
      "direction": "controlToBroker"
    },
    {
      "case": "sdk-wrong-lane-7-controlToProvider",
      "passed": true,
      "expectedValid": false,
      "direction": "controlToProvider"
    },
    {
      "case": "sdk-wrong-lane-7-workToBroker",
      "passed": true,
      "expectedValid": false,
      "direction": "workToBroker"
    },
    {
      "case": "sdk-required-7-kind",
      "passed": true,
      "expectedValid": false,
      "direction": "workToProvider"
    },
    {
      "case": "sdk-required-7-wireId",
      "passed": true,
      "expectedValid": false,
      "direction": "workToProvider"
    },
    {
      "case": "sdk-required-7-value",
      "passed": true,
      "expectedValid": false,
      "direction": "workToProvider"
    },
    {
      "case": "sdk-closed-7",
      "passed": true,
      "expectedValid": false,
      "direction": "workToProvider"
    },
    {
      "case": "sdk-positive-8",
      "passed": true,
      "expectedValid": true,
      "direction": "workToProvider"
    },
    {
      "case": "sdk-wrong-lane-8-controlToBroker",
      "passed": true,
      "expectedValid": false,
      "direction": "controlToBroker"
    },
    {
      "case": "sdk-wrong-lane-8-controlToProvider",
      "passed": true,
      "expectedValid": false,
      "direction": "controlToProvider"
    },
    {
      "case": "sdk-wrong-lane-8-workToBroker",
      "passed": true,
      "expectedValid": false,
      "direction": "workToBroker"
    },
    {
      "case": "sdk-required-8-kind",
      "passed": true,
      "expectedValid": false,
      "direction": "workToProvider"
    },
    {
      "case": "sdk-required-8-wireId",
      "passed": true,
      "expectedValid": false,
      "direction": "workToProvider"
    },
    {
      "case": "sdk-required-8-value",
      "passed": true,
      "expectedValid": false,
      "direction": "workToProvider"
    },
    {
      "case": "sdk-closed-8",
      "passed": true,
      "expectedValid": false,
      "direction": "workToProvider"
    },
    {
      "case": "sdk-positive-9",
      "passed": true,
      "expectedValid": true,
      "direction": "workToProvider"
    },
    {
      "case": "sdk-wrong-lane-9-controlToBroker",
      "passed": true,
      "expectedValid": false,
      "direction": "controlToBroker"
    },
    {
      "case": "sdk-wrong-lane-9-controlToProvider",
      "passed": true,
      "expectedValid": false,
      "direction": "controlToProvider"
    },
    {
      "case": "sdk-wrong-lane-9-workToBroker",
      "passed": true,
      "expectedValid": false,
      "direction": "workToBroker"
    },
    {
      "case": "sdk-required-9-kind",
      "passed": true,
      "expectedValid": false,
      "direction": "workToProvider"
    },
    {
      "case": "sdk-required-9-wireId",
      "passed": true,
      "expectedValid": false,
      "direction": "workToProvider"
    },
    {
      "case": "sdk-required-9-value",
      "passed": true,
      "expectedValid": false,
      "direction": "workToProvider"
    },
    {
      "case": "sdk-closed-9",
      "passed": true,
      "expectedValid": false,
      "direction": "workToProvider"
    },
    {
      "case": "sdk-no-minor-zero-hello",
      "passed": true,
      "expectedValid": false,
      "direction": null
    },
    {
      "case": "scope-no-minor-one-hello",
      "passed": true,
      "expectedValid": false,
      "direction": null
    },
    {
      "case": "sdk-mandatory-hello-wire.contexts",
      "passed": true,
      "expectedValid": false,
      "direction": null
    },
    {
      "case": "sdk-mandatory-hello-wire.sdkresults",
      "passed": true,
      "expectedValid": false,
      "direction": null
    },
    {
      "case": "sdk-mandatory-hello-wire.scopedeffects",
      "passed": true,
      "expectedValid": false,
      "direction": null
    },
    {
      "case": "sdk-mandatory-hello-wire.scopevalidation",
      "passed": true,
      "expectedValid": false,
      "direction": null
    },
    {
      "case": "sdk-no-minor-zero-accepted",
      "passed": true,
      "expectedValid": false,
      "direction": null
    },
    {
      "case": "scope-no-minor-one-accepted",
      "passed": true,
      "expectedValid": false,
      "direction": null
    },
    {
      "case": "sdk-mandatory-accepted-wire.contexts",
      "passed": true,
      "expectedValid": false,
      "direction": null
    },
    {
      "case": "sdk-mandatory-accepted-wire.sdkresults",
      "passed": true,
      "expectedValid": false,
      "direction": null
    },
    {
      "case": "sdk-mandatory-accepted-wire.scopedeffects",
      "passed": true,
      "expectedValid": false,
      "direction": null
    },
    {
      "case": "sdk-mandatory-accepted-wire.scopevalidation",
      "passed": true,
      "expectedValid": false,
      "direction": null
    },
    {
      "case": "sdk-invalid-effect-limit-0",
      "passed": true,
      "expectedValid": false,
      "direction": null
    },
    {
      "case": "sdk-invalid-effect-limit-4097",
      "passed": true,
      "expectedValid": false,
      "direction": null
    },
    {
      "case": "sdk-invalid-effect-limit-1.5",
      "passed": true,
      "expectedValid": false,
      "direction": null
    }
  ]
}
test_bytes_aggregate_across_contexts (__main__.Design.test_bytes_aggregate_across_contexts) ... ok
test_caller_identity_not_inherited (__main__.Design.test_caller_identity_not_inherited) ... ok
test_cancel_descendants_not_unrelated (__main__.Design.test_cancel_descendants_not_unrelated) ... ok
test_capacity_exhaustion_not_queued_deadlock (__main__.Design.test_capacity_exhaustion_not_queued_deadlock) ... ok
test_child_budget_charged_at_admission (__main__.Design.test_child_budget_charged_at_admission) ... ok
test_claimed_parent_and_caller_rejected (__main__.Design.test_claimed_parent_and_caller_rejected) ... ok
test_consumer_grant_does_not_authorize_provider (__main__.Design.test_consumer_grant_does_not_authorize_provider) ... ok
test_descriptor_offer_success_then_replay (__main__.Design.test_descriptor_offer_success_then_replay) ... ok
test_descriptor_offer_swap_extra_and_truncation (__main__.Design.test_descriptor_offer_swap_extra_and_truncation) ... ok
test_endpoint_cannot_be_retargeted_by_header (__main__.Design.test_endpoint_cannot_be_retargeted_by_header) ... ok
test_expired_a_not_renewed_by_live_b (__main__.Design.test_expired_a_not_renewed_by_live_b) ... ok
test_expired_pending_offer_retains_slot_until_consumed (__main__.Design.test_expired_pending_offer_retains_slot_until_consumed) ... ok
test_foreign_offer_ack_cannot_cancel_victims_context (__main__.Design.test_foreign_offer_ack_cannot_cancel_victims_context) ... ok
test_foreign_scoped_handle_rejected (__main__.Design.test_foreign_scoped_handle_rejected) ... ok
test_frame_budget_and_exactly_once_release (__main__.Design.test_frame_budget_and_exactly_once_release) ... ok
test_lifecycle_reserved_capacity (__main__.Design.test_lifecycle_reserved_capacity) ... ok
test_max_depth (__main__.Design.test_max_depth) ... ok
test_nested_reserve_survives_ordinary_saturation (__main__.Design.test_nested_reserve_survives_ordinary_saturation) ... ok
test_offer_timeout_releases_slot (__main__.Design.test_offer_timeout_releases_slot) ... ok
test_one_offer_per_context (__main__.Design.test_one_offer_per_context) ... ok
G6 R2 DESIGN MODEL ONLY; runtime qualification=False; tests=30
test_overlap_and_independent_deadlines (__main__.Design.test_overlap_and_independent_deadlines) ... ok
test_process_failure_shared_not_per_call_isolation (__main__.Design.test_process_failure_shared_not_per_call_isolation) ... ok
test_queue_bound (__main__.Design.test_queue_bound) ... ok
test_queue_fifo_and_original_deadline (__main__.Design.test_queue_fifo_and_original_deadline) ... ok
test_restart_does_not_rebind_old_endpoint (__main__.Design.test_restart_does_not_rebind_old_endpoint) ... ok
test_revocation_before_delivery_cascades (__main__.Design.test_revocation_before_delivery_cascades) ... ok
test_shared_process_valid_other_capability_is_not_intent_proof (__main__.Design.test_shared_process_valid_other_capability_is_not_intent_proof) ... ok
test_state_is_shared_not_replicated (__main__.Design.test_state_is_shared_not_replicated) ... ok
test_successful_a_b_a_reentry (__main__.Design.test_successful_a_b_a_reentry) ... ok
test_unconsumed_offer_fails_shared_session_at_hard_timeout (__main__.Design.test_unconsumed_offer_fails_shared_session_at_hard_timeout) ... ok

----------------------------------------------------------------------
Ran 30 tests in 0.002s

OK

> alica-v2@0.0.0 build:g6-native
> python3 tools/build-g6-native.py

{
  "level": "NATIVE-BUILD-ONLY",
  "runtimeQualification": false,
  "compiler": "0.15.2",
  "compilerArchiveSha256": "02aa270f183da276e5b5920b1dac44a63f1a49e55050ebde3aecc9eb82f93239",
  "compilerExecutableSha256": "2858dc89dbbfdd08cceda1b841e7fd0a793a1a67b49f150bc3d0d1de44ed7f51",
  "artifacts": {
    "bridge.node": "7bb4d660d72986ad6feeb851100ce262d994db1034f2d6b41460bf578b533951",
    "launcher": "a493f78a308f49c23dd192ac8d501c727f37032794b988e6a695397ca57ee8e6"
  }
}

> alica-v2@0.0.0 test:g6-native
> node --experimental-vm-modules --test tests/ipc/*.test.mjs

✔ session qualification permissions are exact and do not leak to adjacent tests or SDK (13.690677ms)
✔ isolation regressions retain exact private importer-target permissions (5.623229ms)
✔ private component tests can import only their enumerated runtime modules (1.319953ms)
✔ component exceptions do not authorize private Host, Trust or transport imports (2.851305ms)
✔ adjacent tests and plugin packages cannot inherit component exceptions (2.637832ms)
✔ scope qualification permissions remain exact importer-target pairs (1.436552ms)
✔ scheduler and reap exceptions do not widen external dependency permissions (1.139735ms)
(node:99177) ExperimentalWarning: VM Modules is an experimental feature and might change at any time
(Use `node --trace-warnings ...` to show where the warning was created)
✔ unchanged public KernelContext consumer: inproc signed factory (1251.871025ms)
✔ unchanged public KernelContext consumer: ipc signed factory (4638.12381ms)
✔ IPC execution requires explicit signed publisher execution-mode authorization (14.62755ms)
✔ real Host IPC rejects delayed continuations rather than opening replacement tasks (1630.434059ms)
✔ signed real Host IPC package cannot read operator files, write or spawn (697.496787ms)
✔ pre-offer phase 3 DEADLINE_EXCEEDED preserves the real session and releases admission (1146.446896ms)
✔ pre-offer phase 4 DEADLINE_EXCEEDED preserves the real session and releases admission (1155.691749ms)
✔ pre-offer phase 4 PERMISSION_DENIED preserves the real session and releases admission (1103.943032ms)
✔ worker deadline abort does not close a broker-live work socket (1205.368069ms)
✔ reply after observed broker closure is endpoint-local, not physical EPIPE failure (1142.571608ms)
✔ scope-check write racing broker closure rejects locally and preserves sibling (1125.277732ms)
✔ unexpected worker EOF on broker-live work still fails the physical session (1127.573883ms)
✔ effect-release write racing broker closure still fails the real worker (1119.356292ms)
✔ cancelled read-only scope observation retires only its RPC (4.481492ms)
✔ synchronous scope observation timeout is local, malformed response remains fatal (0.794424ms)
✔ unanswered SDK mutation and effect-release remain fail-closed on endpoint abort (0.440899ms)
✔ owned descriptors close exactly once and do not follow FD reuse (1.648723ms)
✔ sealed capsule resists write and close leaves no owned FD (0.407817ms)
✔ native atomic carrier preserves payload and unique endpoint; closure releases all handles (0.946571ms)
✔ native receive rejects a packet without ancillary rights (0.26494ms)
✔ native rejection closes received kernel FDs: file (39.028267ms)
✔ native rejection closes received kernel FDs: extra (33.015903ms)
✔ native rejection closes received kernel FDs: truncated (39.302031ms)
✔ native rejection closes received kernel FDs: oversize (32.948857ms)
✔ disconnected socket write fails without SIGPIPE termination (1.045166ms)
✔ actual launched PID plus final Node sandbox: reads, writes, symlinks, socket/exec/inspection/signal denial (70.280582ms)
✔ post-seal FD handover supports two overlapping contexts with one shared state (66.382729ms)
✔ pidfd terminates and observes an uncooperative sealed Node process (57.820621ms)
(node:99233) ExperimentalWarning: VM Modules is an experimental feature and might change at any time
(Use `node --trace-warnings ...` to show where the warning was created)
✔ buffered event grant invalidation preserves healthy siblings: inproc (376.079868ms)
✔ buffered event scope invalidation preserves healthy siblings: inproc (337.015514ms)
✔ buffered event grant invalidation preserves healthy siblings: ipc (1136.575032ms)
✔ buffered event scope invalidation preserves healthy siblings: ipc (1409.0105ms)
✔ production streams metadata credit and buffered grant revocation: inproc (243.21918ms)
ℹ sameSourceSHA256=7d454da3a88c06f0b991c265c04694d989093681c0a3f454e5843acfebcdb8ba
✔ production stream stall and schema error retain first terminal: inproc (326.502486ms)
✔ production overload bounds active and queued callbacks: inproc (271.507411ms)
ℹ sameSourceSHA256=93684641f1853e6bc80d33776ded76658262f3d044441a349bca49c7ebdf1fed
✔ registered acquisition rollback races scope closure without duplicate cleanup: inproc (237.559292ms)
✔ registered acquisition timeout rolls back exactly once: inproc (1767.555271ms)
✔ production streams metadata credit and buffered grant revocation: ipc (972.615973ms)
ℹ sameSourceSHA256=7d454da3a88c06f0b991c265c04694d989093681c0a3f454e5843acfebcdb8ba
✔ production stream stall and schema error retain first terminal: ipc (948.880288ms)
✔ production overload bounds active and queued callbacks: ipc (1186.560559ms)
ℹ sameSourceSHA256=93684641f1853e6bc80d33776ded76658262f3d044441a349bca49c7ebdf1fed
✔ registered acquisition rollback races scope closure without duplicate cleanup: ipc (1015.394095ms)
✔ registered acquisition timeout rolls back exactly once: ipc (2552.174091ms)
(node:99396) ExperimentalWarning: VM Modules is an experimental feature and might change at any time
(Use `node --trace-warnings ...` to show where the warning was created)
✔ same-source matrix consumer inproc: ancestry, authority and live sibling independence (1333.874108ms)
ℹ {"consumerSHA256":"6eebc4e3204c8f3d37fc0695b922e5d231588a3aabbc799149817d6f9b1dbefb","providerASHA256":"9746fbf0ad5898e51a35a6209e80d09aedbe2126817a97da831192fc9244449d","providerBSHA256":"a82f9788b6336be98163ce077838f99a7e2a60bad4c58fc78054f110a62a9179"}
✔ same-source matrix consumer ipc: ancestry, authority and live sibling independence (4380.811644ms)
ℹ {"consumerSHA256":"6eebc4e3204c8f3d37fc0695b922e5d231588a3aabbc799149817d6f9b1dbefb","providerASHA256":"9746fbf0ad5898e51a35a6209e80d09aedbe2126817a97da831192fc9244449d","providerBSHA256":"a82f9788b6336be98163ce077838f99a7e2a60bad4c58fc78054f110a62a9179"}
✔ observed exit returns the actual receipt, without timeout side effects (22.034815ms)
✔ unobserved reap rejects within a bound and does not release quarantine (22.85047ms)
✔ late exit cannot change the first rejected observation (10.270913ms)
✔ independent observation clocks do not inherit sibling timeout (31.541291ms)
✔ ordinary overlap, FIFO roots and reserved nested/lifecycle admission (5.664736ms)
✔ actual queued timeout retains original clock and never dispatches (21.373962ms)
✔ selected absolute cleanup deadline caps queue, offer and nested handover (32.593499ms)
✔ fractional scheduler timers never reject queued work before the selected end (224.631892ms)
✔ A to B to A ancestry succeeds; parent cancellation does not affect sibling (1.343927ms)
✔ depth eight succeeds, nine rejects immediately (1.07899ms)
✔ expired unconsumed offer retains slot/bytes; foreign ACK cannot release it (0.867612ms)
✔ hard offer expiry quarantines until physical reap, not logical failure (1100.410169ms)
✔ queued authorization is rechecked; rejected head cannot block following work (0.955648ms)
✔ pre-abort and shared byte exhaustion leave no partial admission (0.517704ms)
(node:99460) ExperimentalWarning: VM Modules is an experimental feature and might change at any time
(Use `node --trace-warnings ...` to show where the warning was created)
✔ overlapping inline cleanup preserves sibling causality: inproc (307.80999ms)
✔ child-context log retains child scope: inproc (138.532448ms)
✔ zero-cleanup acquisition rechecks closed child scope: inproc (217.570347ms)
✔ overlapping inline cleanup preserves sibling causality: ipc (1134.641833ms)
✔ child-context log retains child scope: ipc (815.249283ms)
✔ zero-cleanup acquisition rechecks closed child scope: ipc (1009.709523ms)
(node:99491) ExperimentalWarning: VM Modules is an experimental feature and might change at any time
(Use `node --trace-warnings ...` to show where the warning was created)
✔ scope-check is read-only even with the real Host effect budget exhausted (1165.092732ms)
✔ live Host authority rejects stale/foreign scopes and replay without changing the held endpoint (1035.483593ms)
✔ closed-child preflight prevents acquisition without creating a resource (801.274703ms)
✔ completion rejection rolls back already scope-selected cleanup without redispatch (1041.358687ms)
✔ real simultaneous siblings cleanup uses distinct authenticated descriptors (1134.784966ms)
✔ real simultaneous nested cleanup uses distinct authenticated descriptors (1156.085939ms)
✔ first-selected cleanup coalesces releases from another actual live endpoint (1117.641844ms)
✔ bounded cleanup capacity fails before descriptor dispatch and leaves no reservation (1248.727463ms)
✔ real native worker rejects duplicate-cleanup on an already claimed cleanup descriptor (1307.476943ms)
✔ real native worker rejects wrong-dispatch-role on an already claimed cleanup descriptor (1347.190019ms)
✔ cancelling an unanswered effect-release closes descendants and fails the shared session (1372.668023ms)
✔ ordinary cancellation without an unanswered SDK mutation preserves unrelated work (915.657251ms)
✔ minor2 closed scoped log: exact fields, integers, directions (10.920655ms)
✔ minor2 closed scoped scope-check: exact fields, integers, directions (2.726841ms)
✔ minor2 mandatory negotiation in hello (2.729285ms)
✔ minor2 mandatory negotiation in accepted (3.937639ms)
✔ cleanup can precede registration reply; binding remains one-to-one (2.881772ms)
✔ registration reply may precede cleanup; callback reuse/foreign binding fails (0.327256ms)
✔ completed effects remain charged; definite rejection releases only unbound reservation (0.356511ms)
✔ cleanup first error is cached, including throwing undefined (0.433295ms)
✔ cleanup deadline wins over late success and fails the physical session once (10.403813ms)
✔ registerCleanup returns void; synchronous rejection stops acquisition (1.273457ms)
✔ failed acquisition closes registration before reverse rollback awaits (0.76ms)
✔ uncertain registration retains callback charge, fails session and never retries (0.452723ms)
✔ pending publication accepts zero/multiple but never substitutes ack (1.785981ms)
✔ wrong endpoint and wrong effect cannot settle pending operations (0.746093ms)
✔ RPC IDs are never reused across endpoints and retired replies remain endpoint-bound (0.658378ms)
✔ 64 pending requests shared across endpoints reject before send (2.631031ms)
✔ synchronous pending RPC pumps until actual reply, not a Promise surrogate (0.345741ms)
✔ broker registrations consume the same Host-owned lifetime effect ledger (0.546919ms)
(node:99529) ExperimentalWarning: VM Modules is an experimental feature and might change at any time
(Use `node --trace-warnings ...` to show where the warning was created)
✔ real Host package admission rejects invalid signature, forged publisher and descriptor bytes without a launch (844.051712ms)
✔ native queued cleanup keeps its selected deadline and never dispatches expired callback (984.748793ms)
ℹ {"dispatched":[{"scope":"eb0d6227-c7c8-49d7-bdbe-4f63cc746d6d","at":1892.092858,"remainingMs":983}],"identity":{"runtimeDigest":"sha256:7fde7b8afa198da66257f42ee2001d874c7355631e6d1579a5fb5ef1f246df4c","bridgeDigest":"sha256:7bb4d660d72986ad6feeb851100ce262d994db1034f2d6b41460bf578b533951","launcherDigest":"sha256:a493f78a308f49c23dd192ac8d501c727f37032794b988e6a695397ca57ee8e6","workerDigest":"sha256:773a0b091486adea4a6102b84975f582fa3358a3180cd016b0057904ac577c26"},"report":{"completedDisposers":2,"failedDisposers":["DEADLINE_EXCEEDED"],"restartRequired":true,"state":"FAILED","timedOutResources":1}}
✔ real authenticated session rejects forged-name and preserves victim (1184.029711ms)
ℹ {"receipt":{"pid":99587,"code":1,"signal":null,"elapsedMs":496.5236480000003},"victim":{"pid":99577,"rssKiB":70512,"childFDObservation":"not measured: production victim has no diagnostic dispatcher; required FD counts are measured on sealed qualification children","brokerFDs":25,"managed":3},"brokerAlive":99529}
✔ real authenticated session rejects forged-digest and preserves victim (1205.75307ms)
ℹ {"receipt":{"pid":99607,"code":1,"signal":null,"elapsedMs":475.99513699999943},"victim":{"pid":99597,"rssKiB":70216,"childFDObservation":"not measured: production victim has no diagnostic dispatcher; required FD counts are measured on sealed qualification children","brokerFDs":25,"managed":3},"brokerAlive":99529}
✔ real authenticated session rejects hello-contract-digest and preserves victim (1222.406853ms)
ℹ {"receipt":{"pid":99627,"code":1,"signal":null,"elapsedMs":474.1492539999999},"victim":{"pid":99619,"rssKiB":70560,"childFDObservation":"not measured: production victim has no diagnostic dispatcher; required FD counts are measured on sealed qualification children","brokerFDs":25,"managed":3},"brokerAlive":99529}
✔ real authenticated session rejects hello-contract-duplicate and preserves victim (1216.39332ms)
ℹ {"receipt":{"pid":99647,"code":1,"signal":null,"elapsedMs":478.666843},"victim":{"pid":99639,"rssKiB":69960,"childFDObservation":"not measured: production victim has no diagnostic dispatcher; required FD counts are measured on sealed qualification children","brokerFDs":25,"managed":3},"brokerAlive":99529}
✔ real authenticated session rejects forged-publisher and preserves victim (1216.822859ms)
ℹ {"receipt":{"pid":99667,"code":1,"signal":null,"elapsedMs":472.67315599999984},"victim":{"pid":99660,"rssKiB":69920,"childFDObservation":"not measured: production victim has no diagnostic dispatcher; required FD counts are measured on sealed qualification children","brokerFDs":25,"managed":3},"brokerAlive":99529}
✔ real authenticated session rejects stale-challenge and preserves victim (1169.952591ms)
ℹ {"receipt":{"pid":99687,"code":1,"signal":null,"elapsedMs":479.1996169999984},"victim":{"pid":99680,"rssKiB":70024,"childFDObservation":"not measured: production victim has no diagnostic dispatcher; required FD counts are measured on sealed qualification children","brokerFDs":25,"managed":3},"brokerAlive":99529}
✔ real authenticated session rejects stale-generation and preserves victim (1192.777604ms)
ℹ {"receipt":{"pid":99707,"code":1,"signal":null,"elapsedMs":480.6774669999995},"victim":{"pid":99699,"rssKiB":70776,"childFDObservation":"not measured: production victim has no diagnostic dispatcher; required FD counts are measured on sealed qualification children","brokerFDs":25,"managed":3},"brokerAlive":99529}
✔ real launched PID accepts exact package and excludes parent environment sentinel (1186.732089ms)
ℹ {"identity":{"runtimeDigest":"sha256:7fde7b8afa198da66257f42ee2001d874c7355631e6d1579a5fb5ef1f246df4c","bridgeDigest":"sha256:7bb4d660d72986ad6feeb851100ce262d994db1034f2d6b41460bf578b533951","launcherDigest":"sha256:a493f78a308f49c23dd192ac8d501c727f37032794b988e6a695397ca57ee8e6","workerDigest":"sha256:02780ca85d20627b515d01f7c9092342ac2300888cfc6733f37b070944d58fdc"},"observed":{"pid":99727,"rssKiB":65572,"fds":20,"scannedFDLimit":64,"sentinelPresent":false,"childFDObservation":"actual bounded child fstat via native transport","brokerFDs":28,"managed":6}}
ℹ {"receipt":{"pid":99727,"code":1,"signal":null,"elapsedMs":478.1190939999997},"victim":{"pid":99717,"rssKiB":70384,"childFDObservation":"not measured: production victim has no diagnostic dispatcher; required FD counts are measured on sealed qualification children","brokerFDs":25,"managed":3},"brokerAlive":99529}
✔ real wrong OS peer is closed before exact launched PID is authenticated (1191.943696ms)
ℹ {"receipt":{"pid":99748,"code":1,"signal":null,"elapsedMs":482.30098199999884},"victim":{"pid":99733,"rssKiB":70652,"childFDObservation":"not measured: production victim has no diagnostic dispatcher; required FD counts are measured on sealed qualification children","brokerFDs":25,"managed":3},"brokerAlive":99529}
✔ real session exit: bounded failure, reap and independent victim (1158.780786ms)
ℹ {"mode":"exit","elapsedMs":9.502408000000287}
ℹ {"receipt":{"pid":99761,"code":37,"signal":null,"elapsedMs":447.59773399999904},"victim":{"pid":99754,"rssKiB":70356,"childFDObservation":"not measured: production victim has no diagnostic dispatcher; required FD counts are measured on sealed qualification children","brokerFDs":25,"managed":3},"brokerAlive":99529}
✔ real session unresponsive: bounded failure, reap and independent victim (21238.75455ms)
ℹ {"mode":"unresponsive","elapsedMs":19551.152694999997}
ℹ {"receipt":{"pid":99774,"code":null,"signal":"SIGKILL","elapsedMs":20511.447201999996},"victim":{"pid":99767,"rssKiB":70528,"childFDObservation":"not measured: production victim has no diagnostic dispatcher; required FD counts are measured on sealed qualification children","brokerFDs":25,"managed":3},"brokerAlive":99529}
✔ real session heartbeat-stall: bounded failure, reap and independent victim (20767.911403ms)
ℹ {"mode":"heartbeat-stall","elapsedMs":19525.554007}
ℹ {"receipt":{"pid":99787,"code":1,"signal":null,"elapsedMs":20012.17955},"victim":{"pid":99780,"rssKiB":70528,"childFDObservation":"not measured: production victim has no diagnostic dispatcher; required FD counts are measured on sealed qualification children","brokerFDs":25,"managed":3},"brokerAlive":99529}
✔ real session partial-control: bounded failure, reap and independent victim (3192.278826ms)
ℹ {"mode":"partial-control","elapsedMs":2009.0834740000064}
ℹ {"receipt":{"pid":99800,"code":1,"signal":null,"elapsedMs":2483.571136999999},"victim":{"pid":99793,"rssKiB":70380,"childFDObservation":"not measured: production victim has no diagnostic dispatcher; required FD counts are measured on sealed qualification children","brokerFDs":25,"managed":3},"brokerAlive":99529}
✔ real session malformed-control: bounded failure, reap and independent victim (1143.664259ms)
ℹ {"mode":"malformed-control","elapsedMs":5.683362000003399}
ℹ {"receipt":{"pid":99813,"code":1,"signal":null,"elapsedMs":479.77994999999646},"victim":{"pid":99806,"rssKiB":70368,"childFDObservation":"not measured: production victim has no diagnostic dispatcher; required FD counts are measured on sealed qualification children","brokerFDs":25,"managed":3},"brokerAlive":99529}
✔ real session replayed-control: bounded failure, reap and independent victim (1229.398179ms)
ℹ {"mode":"replayed-control","elapsedMs":6.45504400000209}
ℹ {"receipt":{"pid":99826,"code":1,"signal":null,"elapsedMs":512.932753000001},"victim":{"pid":99819,"rssKiB":70352,"childFDObservation":"not measured: production victim has no diagnostic dispatcher; required FD counts are measured on sealed qualification children","brokerFDs":25,"managed":3},"brokerAlive":99529}
✔ real session partial-work: bounded failure, reap and independent victim (3172.711609ms)
ℹ {"mode":"partial-work","elapsedMs":2009.4502969999958}
ℹ {"receipt":{"pid":99839,"code":1,"signal":null,"elapsedMs":2470.019785999997},"victim":{"pid":99832,"rssKiB":70612,"childFDObservation":"not measured: production victim has no diagnostic dispatcher; required FD counts are measured on sealed qualification children","brokerFDs":25,"managed":3},"brokerAlive":99529}
✔ real session malformed-work: bounded failure, reap and independent victim (1159.487603ms)
ℹ {"mode":"malformed-work","elapsedMs":7.555003999994369}
ℹ {"receipt":{"pid":99852,"code":1,"signal":null,"elapsedMs":461.43176099999255},"victim":{"pid":99845,"rssKiB":70516,"childFDObservation":"not measured: production victim has no diagnostic dispatcher; required FD counts are measured on sealed qualification children","brokerFDs":25,"managed":3},"brokerAlive":99529}
✔ real session retargeted-work: bounded failure, reap and independent victim (1179.830345ms)
ℹ {"mode":"retargeted-work","elapsedMs":5.270216000004439}
ℹ {"receipt":{"pid":99867,"code":1,"signal":null,"elapsedMs":491.61173099999723},"victim":{"pid":99860,"rssKiB":70564,"childFDObservation":"not measured: production victim has no diagnostic dispatcher; required FD counts are measured on sealed qualification children","brokerFDs":25,"managed":3},"brokerAlive":99529}
✔ real session offer-starvation: bounded failure, reap and independent victim (2190.53449ms)
ℹ {"mode":"offer-starvation","elapsedMs":1003.0697209999926}
ℹ {"receipt":{"pid":99880,"code":1,"signal":null,"elapsedMs":1477.9219309999899},"victim":{"pid":99873,"rssKiB":70468,"childFDObservation":"not measured: production victim has no diagnostic dispatcher; required FD counts are measured on sealed qualification children","brokerFDs":25,"managed":3},"brokerAlive":99529}
✔ real non-reading work socket triggers partial-write deadline and releases charged bytes (3231.650947ms)
ℹ {"socket":{"sendBuffer":212992,"receiveBuffer":212992,"queuedWrite":222720,"queuedRead":0},"wire":{"bytes":900506,"frames":2,"control":0}}
ℹ {"receipt":{"pid":99893,"code":1,"signal":null,"elapsedMs":2513.6262260000076},"victim":{"pid":99886,"rssKiB":70524,"childFDObservation":"not measured: production victim has no diagnostic dispatcher; required FD counts are measured on sealed qualification children","brokerFDs":25,"managed":3},"brokerAlive":99529}
✔ real carrier wrong-session: reject transferred rights and preserve victim (1220.520693ms)
ℹ {"receipt":{"pid":99907,"code":1,"signal":null,"elapsedMs":462.353775999989},"victim":{"pid":99900,"rssKiB":70380,"childFDObservation":"not measured: production victim has no diagnostic dispatcher; required FD counts are measured on sealed qualification children","brokerFDs":25,"managed":3},"brokerAlive":99529}
✔ real carrier wrong-generation: reject transferred rights and preserve victim (1185.504945ms)
ℹ {"receipt":{"pid":99920,"code":1,"signal":null,"elapsedMs":466.5230109999975},"victim":{"pid":99913,"rssKiB":70800,"childFDObservation":"not measured: production victim has no diagnostic dispatcher; required FD counts are measured on sealed qualification children","brokerFDs":25,"managed":3},"brokerAlive":99529}
✔ real carrier wrong-nonce: reject transferred rights and preserve victim (1176.485366ms)
ℹ {"receipt":{"pid":99933,"code":1,"signal":null,"elapsedMs":473.8847820000083},"victim":{"pid":99926,"rssKiB":70444,"childFDObservation":"not measured: production victim has no diagnostic dispatcher; required FD counts are measured on sealed qualification children","brokerFDs":25,"managed":3},"brokerAlive":99529}
✔ real carrier replayed-packet: reject transferred rights and preserve victim (1234.09354ms)
ℹ {"receipt":{"pid":99946,"code":1,"signal":null,"elapsedMs":488.81358900001214},"victim":{"pid":99939,"rssKiB":70388,"childFDObservation":"not measured: production victim has no diagnostic dispatcher; required FD counts are measured on sealed qualification children","brokerFDs":25,"managed":3},"brokerAlive":99529}
✔ real carrier truncated-packet: reject transferred rights and preserve victim (1188.508748ms)
ℹ {"receipt":{"pid":99959,"code":1,"signal":null,"elapsedMs":498.32051600000705},"victim":{"pid":99952,"rssKiB":70508,"childFDObservation":"not measured: production victim has no diagnostic dispatcher; required FD counts are measured on sealed qualification children","brokerFDs":25,"managed":3},"brokerAlive":99529}
✔ real carrier wrong-socket-type: reject transferred rights and preserve victim (1223.645705ms)
ℹ {"receipt":{"pid":99972,"code":1,"signal":null,"elapsedMs":529.4546209999971},"victim":{"pid":99965,"rssKiB":70372,"childFDObservation":"not measured: production victim has no diagnostic dispatcher; required FD counts are measured on sealed qualification children","brokerFDs":25,"managed":3},"brokerAlive":99529}
✔ real carrier multiple-rights: reject transferred rights and preserve victim (1233.868139ms)
ℹ {"receipt":{"pid":99986,"code":1,"signal":null,"elapsedMs":512.9134699999995},"victim":{"pid":99979,"rssKiB":70532,"childFDObservation":"not measured: production victim has no diagnostic dispatcher; required FD counts are measured on sealed qualification children","brokerFDs":25,"managed":3},"brokerAlive":99529}
✔ real carrier no-rights: reject transferred rights and preserve victim (1164.07504ms)
ℹ {"receipt":{"pid":100000,"code":1,"signal":null,"elapsedMs":483.0331739999965},"victim":{"pid":99993,"rssKiB":70512,"childFDObservation":"not measured: production victim has no diagnostic dispatcher; required FD counts are measured on sealed qualification children","brokerFDs":25,"managed":3},"brokerAlive":99529}
✔ real carrier oversized-packet: reject transferred rights and preserve victim (1193.381778ms)
ℹ {"receipt":{"pid":100014,"code":1,"signal":null,"elapsedMs":487.7738640000025},"victim":{"pid":100007,"rssKiB":70500,"childFDObservation":"not measured: production victim has no diagnostic dispatcher; required FD counts are measured on sealed qualification children","brokerFDs":25,"managed":3},"brokerAlive":99529}
✔ real unreaped process remains quarantined and charged until actual exit (3148.743153ms)
ℹ {"quarantineReported":true,"actualExit":{"pid":100028,"code":null,"signal":"SIGKILL","elapsedMs":2435.134075000009}}
✔ production reconnect never replays an in-flight committed mutation (2477.974717ms)
✔ production Host recovery uses 1/2/4/8 backoff without hello-pong budget reset or old-handle rebind (49159.197003ms)
ℹ {"recovery":[{"attempt":1,"delayMs":1182.607164000001,"pid":100066,"generation":2},{"attempt":2,"delayMs":2207.2971160000016,"pid":100072,"generation":3},{"attempt":3,"delayMs":4177.399160000001,"pid":100080,"generation":4},{"attempt":4,"delayMs":8172.974968999988,"pid":100086,"generation":5}]}
✔ production unload cancels queued reconnect before a replacement can launch (2133.821151ms)
✔ Host never reports DISPOSED while its actual worker remains unreaped (2089.694543ms)
✔ real session sustained queued work: bounded descriptors, RSS and released retired contexts (3785.996967ms)
ℹ {"before":{"pid":100117,"rssKiB":65168,"fds":20,"scannedFDLimit":64,"sentinelPresent":false,"childFDObservation":"actual bounded child fstat via native transport","brokerFDs":28,"managed":6},"samples":[{"pid":100117,"rssKiB":65172,"fds":23,"scannedFDLimit":64,"sentinelPresent":false,"childFDObservation":"actual bounded child fstat via native transport","brokerFDs":32,"managed":10,"socket":{"sendBuffer":212992,"receiveBuffer":212992,"queuedWrite":0,"queuedRead":0},"usage":{"ordinary":4,"nested":0,"lifecycle":0,"queued":32,"records":36,"offers":0,"failed":false},"wire":{"bytes":9216,"frames":36,"control":0}},{"pid":100117,"rssKiB":65300,"fds":23,"scannedFDLimit":64,"sentinelPresent":false,"childFDObservation":"actual bounded child fstat via native transport","brokerFDs":32,"managed":10,"socket":{"sendBuffer":212992,"receiveBuffer":212992,"queuedWrite":0,"queuedRead":0},"usage":{"ordinary":4,"nested":0,"lifecycle":0,"queued":32,"records":36,"offers":0,"failed":false},"wire":{"bytes":9216,"frames":36,"control":0}},{"pid":100117,"rssKiB":65428,"fds":23,"scannedFDLimit":64,"sentinelPresent":false,"childFDObservation":"actual bounded child fstat via native transport","brokerFDs":32,"managed":10,"socket":{"sendBuffer":212992,"receiveBuffer":212992,"queuedWrite":0,"queuedRead":0},"usage":{"ordinary":4,"nested":0,"lifecycle":0,"queued":32,"records":36,"offers":0,"failed":false},"wire":{"bytes":9216,"frames":36,"control":0}},{"pid":100117,"rssKiB":67740,"fds":23,"scannedFDLimit":64,"sentinelPresent":false,"childFDObservation":"actual bounded child fstat via native transport","brokerFDs":32,"managed":10,"socket":{"sendBuffer":212992,"receiveBuffer":212992,"queuedWrite":0,"queuedRead":0},"usage":{"ordinary":4,"nested":0,"lifecycle":0,"queued":32,"records":36,"offers":0,"failed":false},"wire":{"bytes":9216,"frames":36,"control":0}},{"pid":100117,"rssKiB":67740,"fds":23,"scannedFDLimit":64,"sentinelPresent":false,"childFDObservation":"actual bounded child fstat via native transport","brokerFDs":32,"managed":10,"socket":{"sendBuffer":212992,"receiveBuffer":212992,"queuedWrite":0,"queuedRead":0},"usage":{"ordinary":4,"nested":0,"lifecycle":0,"queued":32,"records":36,"offers":0,"failed":false},"wire":{"bytes":9216,"frames":36,"control":0}},{"pid":100117,"rssKiB":70168,"fds":23,"scannedFDLimit":64,"sentinelPresent":false,"childFDObservation":"actual bounded child fstat via native transport","brokerFDs":32,"managed":10,"socket":{"sendBuffer":212992,"receiveBuffer":212992,"queuedWrite":0,"queuedRead":0},"usage":{"ordinary":4,"nested":0,"lifecycle":0,"queued":32,"records":36,"offers":0,"failed":false},"wire":{"bytes":9216,"frames":36,"control":0}},{"pid":100117,"rssKiB":70168,"fds":23,"scannedFDLimit":64,"sentinelPresent":false,"childFDObservation":"actual bounded child fstat via native transport","brokerFDs":32,"managed":10,"socket":{"sendBuffer":212992,"receiveBuffer":212992,"queuedWrite":0,"queuedRead":0},"usage":{"ordinary":4,"nested":0,"lifecycle":0,"queued":32,"records":36,"offers":0,"failed":false},"wire":{"bytes":9216,"frames":36,"control":0}},{"pid":100117,"rssKiB":70180,"fds":23,"scannedFDLimit":64,"sentinelPresent":false,"childFDObservation":"actual bounded child fstat via native transport","brokerFDs":32,"managed":10,"socket":{"sendBuffer":212992,"receiveBuffer":212992,"queuedWrite":0,"queuedRead":0},"usage":{"ordinary":4,"nested":0,"lifecycle":0,"queued":32,"records":36,"offers":0,"failed":false},"wire":{"bytes":9216,"frames":36,"control":0}},{"pid":100117,"rssKiB":70180,"fds":23,"scannedFDLimit":64,"sentinelPresent":false,"childFDObservation":"actual bounded child fstat via native transport","brokerFDs":32,"managed":10,"socket":{"sendBuffer":212992,"receiveBuffer":212992,"queuedWrite":0,"queuedRead":0},"usage":{"ordinary":4,"nested":0,"lifecycle":0,"queued":32,"records":36,"offers":0,"failed":false},"wire":{"bytes":9216,"frames":36,"control":0}},{"pid":100117,"rssKiB":70180,"fds":23,"scannedFDLimit":64,"sentinelPresent":false,"childFDObservation":"actual bounded child fstat via native transport","brokerFDs":32,"managed":10,"socket":{"sendBuffer":212992,"receiveBuffer":212992,"queuedWrite":0,"queuedRead":0},"usage":{"ordinary":4,"nested":0,"lifecycle":0,"queued":32,"records":36,"offers":0,"failed":false},"wire":{"bytes":9216,"frames":36,"control":0}},{"pid":100117,"rssKiB":70180,"fds":23,"scannedFDLimit":64,"sentinelPresent":false,"childFDObservation":"actual bounded child fstat via native transport","brokerFDs":32,"managed":10,"socket":{"sendBuffer":212992,"receiveBuffer":212992,"queuedWrite":0,"queuedRead":0},"usage":{"ordinary":4,"nested":0,"lifecycle":0,"queued":32,"records":36,"offers":0,"failed":false},"wire":{"bytes":9216,"frames":36,"control":0}},{"pid":100117,"rssKiB":70332,"fds":23,"scannedFDLimit":64,"sentinelPresent":false,"childFDObservation":"actual bounded child fstat via native transport","brokerFDs":32,"managed":10,"socket":{"sendBuffer":212992,"receiveBuffer":212992,"queuedWrite":0,"queuedRead":0},"usage":{"ordinary":4,"nested":0,"lifecycle":0,"queued":32,"records":36,"offers":0,"failed":false},"wire":{"bytes":9216,"frames":36,"control":0}}],"after":{"pid":100117,"rssKiB":70332,"fds":20,"scannedFDLimit":64,"sentinelPresent":false,"childFDObservation":"actual bounded child fstat via native transport","brokerFDs":28,"managed":6},"identity":{"runtimeDigest":"sha256:7fde7b8afa198da66257f42ee2001d874c7355631e6d1579a5fb5ef1f246df4c","bridgeDigest":"sha256:7bb4d660d72986ad6feeb851100ce262d994db1034f2d6b41460bf578b533951","launcherDigest":"sha256:a493f78a308f49c23dd192ac8d501c727f37032794b988e6a695397ca57ee8e6","workerDigest":"sha256:02780ca85d20627b515d01f7c9092342ac2300888cfc6733f37b070944d58fdc"}}
ℹ {"receipt":{"pid":100117,"code":1,"signal":null,"elapsedMs":3088.0707369999727},"victim":{"pid":100110,"rssKiB":70388,"childFDObservation":"not measured: production victim has no diagnostic dispatcher; required FD counts are measured on sealed qualification children","brokerFDs":25,"managed":3},"brokerAlive":99529}
✔ wire reference agreement and closed envelope/body: hello (38.229745ms)
✔ wire reference agreement and closed envelope/body: accepted (9.91254ms)
✔ wire reference agreement and closed envelope/body: request (8.1272ms)
✔ wire reference agreement and closed envelope/body: response (5.800863ms)
✔ wire reference agreement and closed envelope/body: error (6.121907ms)
✔ wire reference agreement and closed envelope/body: cancel (4.655069ms)
✔ wire reference agreement and closed envelope/body: stream-item (3.436455ms)
✔ wire reference agreement and closed envelope/body: stream-credit (2.79582ms)
✔ wire reference agreement and closed envelope/body: stream-end (2.848079ms)
✔ wire reference agreement and closed envelope/body: event (2.815126ms)
✔ wire reference agreement and closed envelope/body: ping (3.406649ms)
✔ wire reference agreement and closed envelope/body: pong (2.608397ms)
✔ wire reference agreement and closed envelope/body: scope-check (2.617216ms)
✔ wire reference agreement and closed envelope/body: log (3.642533ms)
✔ wire malformed and noncanonical encodings are rejected (0.985865ms)
✔ wire rejects duplicate logical handshake vectors and obsolete feature spelling (2.456802ms)
✔ carrier codec accepts only an exact complete bounded canonical packet (1.283936ms)
✔ pull reader supports every two-part body split and preserves lease ownership (134.740104ms)
✔ reader closes and releases partial assemblies on all framing failures (0.613103ms)
✔ partial deadline is monotonic and applies without new input (0.362332ms)
✔ shared budget enforces frame/byte bounds and independent control reserve (0.467331ms)
✔ endpoint fence rejects retargeting, replay, closed endpoint and sequence wrap (0.569151ms)
ℹ tests 160
ℹ suites 0
ℹ pass 160
ℹ fail 0
ℹ cancelled 0
ℹ skipped 0
ℹ todo 0
ℹ duration_ms 161318.670023

> alica-v2@0.0.0 test:g7-bootstrap
> PYTHONPATH=.tools/python python3 -S tests/g7/test_bootstrap.py && PYTHONPATH=.tools/python node --experimental-vm-modules --test tests/g7/*.test.mjs

test_canonical_golden_vectors (__main__.BootstrapTests.test_canonical_golden_vectors) ... ok
test_crash_before_publish_preserves_staging_without_accepted_target (__main__.BootstrapTests.test_crash_before_publish_preserves_staging_without_accepted_target) ... ok
test_depth (__main__.BootstrapTests.test_depth) ... ok
test_distinct_keys_and_clock (__main__.BootstrapTests.test_distinct_keys_and_clock) ... ok
test_duplicate_keys_and_oversize (__main__.BootstrapTests.test_duplicate_keys_and_oversize) ... ok
test_existing_symlink_target_refused (__main__.BootstrapTests.test_existing_symlink_target_refused) ... ok
test_file_checks (__main__.BootstrapTests.test_file_checks) ... ok
test_initial_publication_and_no_overwrite (__main__.BootstrapTests.test_initial_publication_and_no_overwrite) ... ok
test_invalid_json_values (__main__.BootstrapTests.test_invalid_json_values) ... ok
test_pinned_record (__main__.BootstrapTests.test_pinned_record) ... ok
test_separate_signature_domains (__main__.BootstrapTests.test_separate_signature_domains) ... ok

----------------------------------------------------------------------
Ran 11 tests in 0.021s

OK
✔ Python root signatures are accepted by the unchanged production Kernel verifier (14.416073ms)
✔ root policy authorizes only the designated publisher and IPC execution (1.119175ms)
✔ signature domains are not interchangeable (1.091303ms)
✔ tampered policy is rejected (1.881289ms)
✔ prohibited inproc trust expansion is rejected (1.490415ms)
✔ root substitution is rejected (1.861864ms)
✔ wrong public bytes under approved key ID are rejected (0.810835ms)
✔ missing signature is rejected (0.71839ms)
✔ noncanonical signature encoding is rejected (0.764668ms)
✔ tampered revocation metadata is rejected (1.614567ms)
✔ metadata issued in the future is rejected (0.689427ms)
✔ expired revocation metadata is rejected (1.356532ms)
✔ old policy age also blocks activation despite nominal policy expiry (1.291761ms)
✔ unknown policy fields are rejected (0.643119ms)
✔ backward clock movement fails closed (6.283293ms)
✔ existing high-water state cannot be reset using initialize=true (4.740628ms)
ℹ tests 16
ℹ suites 0
ℹ pass 16
ℹ fail 0
ℹ cancelled 0
ℹ skipped 0
ℹ todo 0
ℹ duration_ms 414.069026
