ffb517a5635b391c13b3f4e4a7a664413899d3a293199b715a3af75a53b744de  tools/g7-supervisor.py
7b6702a7e3a0763a087cf8541985b8fe6d2edea039c267866ae3f519cd42921f  tools/g7-owned-coordinator.py
d2ccb91ec26bd8ff1365803716572636ebb62ef285da6e1618d0ae644df9cae5  tools/g7-stopped-verify.mjs
c5a155880c1f9aac1b755897bd6010c7030d2e49e424f2f7d5d8fce0088dab4b  tests/g7/owned-coordinator-driver.py
88e47a7162487eef7d7c5683992dd890cc10b67edd38c4b051dc0a043fe71bf8  tests/g7/owned-coordinator.test.mjs
d6d1b3e28e8966c99f41343aeb10d2904c987d55e144de409657c28fc8931c35  tests/g7/owned-channel-process.py
8ced07a68b3fe26803fb80d2b13ed44c22ad301c5b8b0add8a36153a4fca933f  tests/g7/owned-coordinator-block.mjs
94397f30f2e46945588076b7d0d17ebb9de4385458f1ed42da3e36933bc94c14  docs/g7/R1-OWNED-COORDINATOR-CHECKPOINT.md
bc656f0fda0d8bc74a3fc6b9b7639bbb3ce09b5f1c1e99db83d823fd674d40e8  docs/g7/R1-OWNED-COORDINATOR-EXECUTION.md

> alica-v2@0.0.0 check
> node tools/check-toolchain.mjs && npm run format:check && npm run build && npm run typecheck && npm run test && node tools/check-schema-sync.mjs && npm run schema && npm run boundaries && npm run secrets && npm run dependencies && npm run test:isolated && node tools/check-sdk-api.mjs && npm run test:external && npm run test:g6-design && npm run build:g6-native && npm run test:g6-native && npm run test:g7-bootstrap && npm run test:g7-contracts

Pinned Node/npm verified

> alica-v2@0.0.0 format:check
> prettier --check package.json package-lock.json tsconfig*.json packages tools/*.mjs tests/foundation tests/kernel tests/contracts .github/workflows tests/sdk tests/ipc tests/g7

Checking formatting...
All matched files use Prettier code style!

> alica-v2@0.0.0 build
> node tools/build.mjs


> alica-v2@0.0.0 typecheck
> tsc -p tsconfig.json --noEmit


> alica-v2@0.0.0 test
> node --experimental-vm-modules --test tests/foundation/*.test.mjs tests/kernel/*.test.mjs tests/contracts/*.test.mjs tests/sdk/*.test.mjs

✔ CLI init/validate/generators run and preserve existing operator files (1783.35799ms)
✔ CLI rejects invalid syntax/unknown flags, duplicate JSON, and redacts diagnostics (744.843388ms)
✔ CLI plugin/bundle/profile validation checks linked artifacts and raw inventory (1040.792293ms)
✔ CLI plugin validation denies symlink escape even for a syntactically valid path (263.678648ms)
✔ CLI conformance has human and machine reports and nonzero exit for wrong behavior (804.856173ms)
✔ CLI validates expected descriptor digest before running conformance (271.555481ms)
✔ stream-only provider passes conformance without unary assumptions (248.931778ms)
✔ generated descriptor preserves prototype-named keys as JSON data (295.835613ms)
✔ public descriptor schema and canonical digest reject semantic and unknown-field violations (13.038887ms)
✔ required versus optional features, version range and digest negotiation (10.062005ms)
✔ closed wire protocol validates digest, unknown operations, payloads and spoofed identity (4.305142ms)
✔ authentication runs before revealing malformed contract details (2.142242ms)
✔ wire behavior survives JSON round trips and non-local plain exceptions (4.061884ms)
✔ invalid provider output has normalized contract mismatch (7.465959ms)
✔ absolute expiration causes zero provider invocations and maximum budget clamps (1.336444ms)
✔ cancellation before completion is terminal exactly once (26.307796ms)
✔ cancellation during completion is terminal exactly once (26.585358ms)
✔ cancellation after completion is terminal exactly once (46.907782ms)
✔ request IDs are unique while outstanding; explicit cancel is idempotent (1.634856ms)
✔ parent cancellation and deadlines propagate across sessions (62.151508ms)
✔ instance idempotency: replay, conflict, in-flight duplicate and scope isolation (33.572758ms)
✔ idempotency retention, reset and finite capacity never silently evict live keys (25.335718ms)
✔ none rejects keys; stream idempotency is invalid; durable claim is not faked (2.274782ms)
✔ stream yields detached validated items and exactly one iterator completion (3.514833ms)
✔ stream invalid item and explicit cancellation terminate without late items (2.511867ms)
(node:201641) ExperimentalWarning: VM Modules is an experimental feature and might change at any time
(Use `node --trace-warnings ...` to show where the warning was created)
✔ stream rechecks authority before each item delivery (4.044961ms)
✔ bounded event primitive terminates on overflow and never leaks subsequent queued data (0.325993ms)
✔ event envelope validates exact descriptor and broker identity fields (2.4443ms)
✔ generation is byte deterministic and descriptor changes change generated bindings (5.297118ms)
✔ profile validation rejects duplicate roots, cycles, and unknown pins (1.884066ms)
✔ conformance fails an incorrect provider instead of just validating descriptor (3.931198ms)
✔ Kernel dispatch supports stream and revocation without Kernel imports in provider (130.679356ms)
✔ Kernel instance-idempotency cache is shared across consumer handles (109.878221ms)
✔ monotonic budget prevents late success when wall clock does not advance (13.39694ms)
✔ terminal release callback runs once on both success and cancellation (28.269699ms)
✔ wire diagnostic correlation is preserved without exception identity (0.602926ms)
✔ closed provider refuses both unary and streaming execution (1.696092ms)
✔ conformance does not confuse its own oracle mismatch with a provider error (2.402292ms)
✔ credit starts at zero, bounds grants, and cancellation releases waiting producer (3.263521ms)
✔ slow stream reader applies backpressure rather than consuming unseen items (11.47275ms)
✔ stream values and terminal errors cross JSON without local exception identity (2.643836ms)
✔ stream decoder rejects missing terminal, bad sequence, and unknown fields (0.339779ms)
✔ prototype-named JSON properties remain data through descriptor and invocation (1.270291ms)
✔ finite payload interpreter enforces all G1 type constraints without coercion (0.459505ms)
✔ boundary CLI fails on planted source violation (328.192009ms)
✔ Cell/admin Ajv declaration is limited to exact host importers and target (9.668314ms)
✔ built public entry has no accidental runtime implementation (0.169069ms)
✔ reject deep import (0.378863ms)
✔ reject cross-package relative (0.666203ms)
✔ reject V1 absolute (0.509377ms)
✔ reject dynamic computed (1.784116ms)
✔ reject undeclared external (0.287009ms)
✔ reject developer tooling from package (0.450797ms)
✔ reject host dependency from package (0.304393ms)
✔ reject escape to repo tools (0.351752ms)
✔ accept public type import (0.334771ms)
✔ package exports reject deep runtime import (41.334835ms)
✔ planted synthetic token is rejected without leaking its value (40.400677ms)
✔ ordinary public data passes secret scanner (47.419695ms)
(node:201703) ExperimentalWarning: VM Modules is an experimental feature and might change at any time
(Use `node --trace-warnings ...` to show where the warning was created)
✔ same capability/version with different digest is rejected before activation (62.245836ms)
✔ duplicate visible provider identity is conflict, not load-order selection (63.809568ms)
✔ version/feature exclusions explain deterministic ranking and optional negotiation (161.678121ms)
✔ planning is registry/lifecycle read-only; profile pin controls real calls and lock (443.219062ms)
✔ invalid profile pin fails before evaluating any module (22.01512ms)
✔ cancellation first terminal outcome wins over immediate provider success (91.222435ms)
✔ call values are detached in both directions, not live objects (108.922965ms)
✔ pending uncooperative call is reported instead of falsely clean disposal (93.135795ms)
✔ expired trust stops new calls and quiesces all live instances (144.783919ms)
✔ secret grant rechecked immediately before result delivery (43.456197ms)
✔ nested scopes destroyed before parent owner and stale contexts never revive (40.188387ms)
✔ nested calls cannot extend inherited deadline (173.523761ms)
✔ same-version altered trust metadata and corrupted durable state are rejected (25.534312ms)
(node:201710) ExperimentalWarning: VM Modules is an experimental feature and might change at any time
(Use `node --trace-warnings ...` to show where the warning was created)
✔ independent Echo A passes unchanged consumer suite (404.57026ms)
✔ independent Echo B passes unchanged consumer suite (348.275573ms)
✔ selection invariant under order a,b (216.949121ms)
✔ selection invariant under order b,a (189.501819ms)
✔ strict parser rejects {"a":1,"a":2} (0.410782ms)
✔ strict parser rejects {"a":1e0} (0.207931ms)
✔ strict parser rejects {"a":1.0} (0.22304ms)
✔ strict parser rejects {"a":9007199254740992} (0.154522ms)
✔ strict parser rejects {"a":"\ud800"} (0.224652ms)
✔ strict parser rejects {"é":1} (0.259158ms)
✔ strict parser rejects [1,] (0.147648ms)
✔ strict parser rejects {"a":true}x (0.120406ms)
✔ bounded parsing/canonicalization rejects deep, cyclic, accessor, sparse and oversized values (1.796471ms)
✔ runtime canonical digest matches G1 descriptor and Unicode/control rules (0.395084ms)
✔ configuration is closed and secrets cannot be placed in config (9.154316ms)
✔ verification rejects signature before evaluation (19.84258ms)
✔ verification rejects file before evaluation (15.178322ms)
✔ verification rejects unknown-manifest before evaluation (15.158295ms)
✔ verification rejects duplicate-json before evaluation (15.308969ms)
✔ verification rejects untrusted-key before evaluation (18.059505ms)
✔ verification rejects invalid-stream-idempotency before evaluation (15.710033ms)
✔ loaded bytes are immutable after verification (31.268152ms)
✔ unverified module imports cannot be linked or evaluated (23.291531ms)
✔ missing mandatory dependency blocks ACTIVE (28.682797ms)
✔ incompatible mandatory dependency blocks ACTIVE (38.933116ms)
✔ denied mandatory dependency blocks ACTIVE (31.239898ms)
✔ mandatory cycles rejected; no participant becomes ACTIVE (62.206843ms)
✔ partial activation never publishes; effects clean in reverse order; disposal idempotent (36.7937ms)
✔ staged registration invisible while activation awaits (36.321601ms)
✔ cleanup failures remain FAILED, remaining disposers still execute (27.67995ms)
✔ uncooperative disposer times out and requires restart (40.22125ms)
✔ capability denial and optional absence are distinct (38.017223ms)
✔ revoked grant invalidates retained handle (62.56128ms)
✔ expired grant invalidates retained handle (82.513316ms)
✔ wrong principal/instance/scope generation and widened child grants rejected (65.788743ms)
✔ child scope teardown invalidates handles and removes only owned resources (94.491167ms)
✔ parent cannot see child registrations (63.388295ms)
✔ mandatory provider loss quiesces consumer transitively without rebinding (164.752156ms)
✔ revocation during call prevents result delivery (102.206395ms)
✔ unload during call cancels delivery and cleans call tracking (94.897661ms)
✔ deadline, cancellation, input/output validation and no idempotent replay (152.9579ms)
✔ provider errors and invalid output normalized without value leakage (93.301667ms)
✔ secret access requires declaration and separate grant; inspection redacts values (46.950503ms)
✔ events deliver FIFO broker identity; disposer removes listener (87.572807ms)
✔ event rechecks revoked subscription and publisher; handler failures isolated (66.183466ms)
✔ bounded event overflow terminates affected subscription and cleanup reclaims listener (124.392005ms)
✔ audit exhaustion blocks mutation but never emergency revocation (49.281869ms)
✔ expired trust and backward clock fail closed (25.544189ms)
✔ trust revocation quiesces running providers (139.437026ms)
✔ persistent trust state rejects rollback and missing-state recovery (15.831142ms)
✔ root rotation requires both old and new signatures plus exact next policy (39.833531ms)
(node:201802) ExperimentalWarning: VM Modules is an experimental feature and might change at any time
(Use `node --trace-warnings ...` to show where the warning was created)
✔ runtime matches frozen Python/OpenSSL vector C-00 (1.979264ms)
✔ runtime matches frozen Python/OpenSSL vector C-01 (0.182814ms)
✔ runtime matches frozen Python/OpenSSL vector C-02 (0.141646ms)
✔ runtime matches frozen Python/OpenSSL vector C-03 (0.162646ms)
✔ runtime matches frozen Python/OpenSSL vector C-04 (0.18595ms)
✔ runtime matches frozen Python/OpenSSL vector C-05 (0.170781ms)
✔ runtime matches frozen Python/OpenSSL vector C-06 (0.172344ms)
✔ runtime matches frozen Python/OpenSSL vector C-07 (0.143621ms)
✔ runtime matches frozen Python/OpenSSL vector C-08 (0.231947ms)
✔ runtime matches frozen Python/OpenSSL vector C-09 (0.237939ms)
✔ runtime matches frozen Python/OpenSSL vector C-10 (0.211978ms)
✔ runtime matches frozen Python/OpenSSL vector C-11 (0.116719ms)
✔ runtime matches frozen Python/OpenSSL vector C-12 (0.111869ms)
✔ runtime matches frozen Python/OpenSSL vector C-13 (0.118272ms)
✔ runtime matches frozen Python/OpenSSL vector C-14 (0.136848ms)
✔ runtime matches frozen Python/OpenSSL vector C-15 (0.321285ms)
✔ runtime matches frozen Python/OpenSSL vector C-16 (0.172794ms)
✔ runtime matches frozen Python/OpenSSL vector C-17 (0.170982ms)
✔ mandatory activation binding cannot silently switch after catalog changes (183.521797ms)
✔ plugin log admits only fixed safe metadata and quiesce is idempotent (38.321474ms)
(node:201839) ExperimentalWarning: VM Modules is an experimental feature and might change at any time
(Use `node --trace-warnings ...` to show where the warning was created)
✔ real Kernel verifies and activates SDK-only signed relative module graph (138.264271ms)
✔ real Kernel rejects tampered dependent module before evaluation (17.997808ms)
✔ production linker rejects @alica/kernel before evaluation (25.627917ms)
✔ production linker rejects @alica/testkit before evaluation (24.382644ms)
✔ production linker rejects node:fs before evaluation (26.925971ms)
✔ production linker rejects ../../escape.js before evaluation (27.66446ms)
✔ production linker rejects ./missing.js before evaluation (26.260386ms)
✔ production linker rejects @alica/plugin-sdk/dist/index.js before evaluation (27.311686ms)
✔ real SDK optional cannot turn a denied capability into absence (70.485362ms)
✔ public SDK provides, resolves, and bridges generated endpoints (18.258479ms)
✔ independently implemented provider substitutes without consumer changes (5.804293ms)
✔ missing optional returns null but denied optional does not hide permissions (1.629526ms)
✔ optional does not hide incompatible present provider (2.594291ms)
✔ idempotent disposer shares result and rejection without executing twice (0.383852ms)
✔ owned effects clean in reverse order and partial acquisition cleans immediately (2.308995ms)
✔ activation injection rolls back staged providers and acquired effects (2.222151ms)
✔ revocation injection rejects existing handle before provider dispatch (3.851409ms)
✔ timeout injection is deterministic, one-shot, and not elapsed-time simulation (2.02502ms)
✔ cleanup injection is reported while remaining cleanups continue (0.887199ms)
✔ cleanup timeout is visible and does not hang disposal (6.778055ms)
✔ destroyed child handles cannot escape their owning scope (3.499616ms)
✔ provider disposal invalidates old handles instead of rebinding (1.595794ms)
✔ typed events validate payloads and deliver immutable broker envelopes (5.051918ms)
✔ secret references are scoped and logs refuse arbitrary data fields (1.001676ms)
✔ invalid input and unknown operation retain exact ACAP rejection codes (2.792244ms)
✔ uncooperative event handler is reported as incomplete cleanup (6.766835ms)
✔ optional validates malformed requirement before reporting absence (0.824512ms)
ℹ tests 170
ℹ suites 0
ℹ pass 170
ℹ fail 0
ℹ cancelled 0
ℹ skipped 0
ℹ todo 0
ℹ duration_ms 5766.501488
Runtime schemas match frozen G1 schema sources

> alica-v2@0.0.0 schema
> python3 -S tools/run-design.py

test_authorized (test_g1_completion.AuthorityLifecycle.test_authorized) ... ok
test_changed_instance (test_g1_completion.AuthorityLifecycle.test_changed_instance) ... ok
test_changed_principal (test_g1_completion.AuthorityLifecycle.test_changed_principal) ... ok
test_deadline_inheritance (test_g1_completion.AuthorityLifecycle.test_deadline_inheritance) ... ok
test_every_transition (test_g1_completion.AuthorityLifecycle.test_every_transition) ... ok
test_expiry_boundary (test_g1_completion.AuthorityLifecycle.test_expiry_boundary) ... ok
test_future_issuance (test_g1_completion.AuthorityLifecycle.test_future_issuance) ... ok
test_offline_backward_clock (test_g1_completion.AuthorityLifecycle.test_offline_backward_clock) ... ok
test_offline_expired (test_g1_completion.AuthorityLifecycle.test_offline_expired) ... ok
test_offline_fresh (test_g1_completion.AuthorityLifecycle.test_offline_fresh) ... ok
test_offline_old_metadata (test_g1_completion.AuthorityLifecycle.test_offline_old_metadata) ... ok
test_offline_rollback_metadata (test_g1_completion.AuthorityLifecycle.test_offline_rollback_metadata) ... ok
test_partial_cleanup_keeps_failure (test_g1_completion.AuthorityLifecycle.test_partial_cleanup_keeps_failure) ... ok
test_reused_scope (test_g1_completion.AuthorityLifecycle.test_reused_scope) ... ok
test_revision_revoke (test_g1_completion.AuthorityLifecycle.test_revision_revoke) ... ok
test_revoked_flag (test_g1_completion.AuthorityLifecycle.test_revoked_flag) ... ok
test_sibling_scope (test_g1_completion.AuthorityLifecycle.test_sibling_scope) ... ok
test_terminal_first_wins (test_g1_completion.AuthorityLifecycle.test_terminal_first_wins) ... ok
test_wrong_operation (test_g1_completion.AuthorityLifecycle.test_wrong_operation) ... ok
test_semantic_positive_bundle (test_g1_completion.CompleteSchemas.test_semantic_positive_bundle) ... ok
test_semantic_positive_call (test_g1_completion.CompleteSchemas.test_semantic_positive_call) ... ok
test_semantic_positive_capability (test_g1_completion.CompleteSchemas.test_semantic_positive_capability) ... ok
test_semantic_positive_error (test_g1_completion.CompleteSchemas.test_semantic_positive_error) ... ok
test_semantic_positive_event (test_g1_completion.CompleteSchemas.test_semantic_positive_event) ... ok
test_semantic_positive_event_descriptor (test_g1_completion.CompleteSchemas.test_semantic_positive_event_descriptor) ... ok
test_semantic_positive_event_grant (test_g1_completion.CompleteSchemas.test_semantic_positive_event_grant) ... ok
test_semantic_positive_grant (test_g1_completion.CompleteSchemas.test_semantic_positive_grant) ... ok
test_semantic_positive_package_index (test_g1_completion.CompleteSchemas.test_semantic_positive_package_index) ... ok
test_semantic_positive_plugin (test_g1_completion.CompleteSchemas.test_semantic_positive_plugin) ... ok
test_semantic_positive_profile (test_g1_completion.CompleteSchemas.test_semantic_positive_profile) ... ok
test_semantic_positive_resolution_lock (test_g1_completion.CompleteSchemas.test_semantic_positive_resolution_lock) ... ok
test_semantic_positive_response (test_g1_completion.CompleteSchemas.test_semantic_positive_response) ... ok
test_semantic_positive_revocation (test_g1_completion.CompleteSchemas.test_semantic_positive_revocation) ... ok
test_semantic_positive_root_rotation (test_g1_completion.CompleteSchemas.test_semantic_positive_root_rotation) ... ok
test_semantic_positive_secret_grant (test_g1_completion.CompleteSchemas.test_semantic_positive_secret_grant) ... ok
test_semantic_positive_signature (test_g1_completion.CompleteSchemas.test_semantic_positive_signature) ... ok
test_semantic_positive_trust_policy (test_g1_completion.CompleteSchemas.test_semantic_positive_trust_policy) ... ok
test_dual_root_and_openssl (test_g1_completion.CryptoVectors.test_dual_root_and_openssl) ... ok
test_missing_rotation_signature (test_g1_completion.CryptoVectors.test_missing_rotation_signature) ... ok
test_tampered_record (test_g1_completion.CryptoVectors.test_tampered_record) ... ok
test_wrong_domain (test_g1_completion.CryptoVectors.test_wrong_domain) ... ok
test_wrong_root (test_g1_completion.CryptoVectors.test_wrong_root) ... ok
test_both_reject_nonascii_key (test_g1_completion.Digests.test_both_reject_nonascii_key) ... ok
test_both_reject_surrogate (test_g1_completion.Digests.test_both_reject_surrogate) ... ok
test_golden_vectors (test_g1_completion.Digests.test_golden_vectors) ... ok
test_reject_duplicates_raw (test_g1_completion.Digests.test_reject_duplicates_raw) ... ok
test_reject_oversize_raw (test_g1_completion.Digests.test_reject_oversize_raw) ... ok
test_const_enum_mismatch (test_g1_completion.NegativeSemantic.test_const_enum_mismatch) ... ok
test_const_wrong_type (test_g1_completion.NegativeSemantic.test_const_wrong_type) ... ok
test_dependency_duplicates (test_g1_completion.NegativeSemantic.test_dependency_duplicates) ... ok
test_empty_capability_operations (test_g1_completion.NegativeSemantic.test_empty_capability_operations) ... ok
test_enum_duplicate (test_g1_completion.NegativeSemantic.test_enum_duplicate) ... ok
test_enum_wrong_type (test_g1_completion.NegativeSemantic.test_enum_wrong_type) ... ok
test_event_descriptor_fixture_binding (test_g1_completion.NegativeSemantic.test_event_descriptor_fixture_binding) ... ok
test_event_duplicate_declaration (test_g1_completion.NegativeSemantic.test_event_duplicate_declaration) ... ok
test_event_instance_required (test_g1_completion.NegativeSemantic.test_event_instance_required) ... ok
test_event_scope_generation_required (test_g1_completion.NegativeSemantic.test_event_scope_generation_required) ... ok
test_event_unknown_metadata (test_g1_completion.NegativeSemantic.test_event_unknown_metadata) ... ok
test_event_wrong_operation (test_g1_completion.NegativeSemantic.test_event_wrong_operation) ... ok
test_expired_interval (test_g1_completion.NegativeSemantic.test_expired_interval) ... ok
test_feature_overlap (test_g1_completion.NegativeSemantic.test_feature_overlap) ... ok
test_inverted_version_range (test_g1_completion.NegativeSemantic.test_inverted_version_range) ... ok
test_lock_duplicate_binding (test_g1_completion.NegativeSemantic.test_lock_duplicate_binding) ... ok
test_lock_plugin_order (test_g1_completion.NegativeSemantic.test_lock_plugin_order) ... ok
test_lock_unknown_provider (test_g1_completion.NegativeSemantic.test_lock_unknown_provider) ... ok
test_lock_wrong_package (test_g1_completion.NegativeSemantic.test_lock_wrong_package) ... ok
test_missing_idempotency_policy (test_g1_completion.NegativeSemantic.test_missing_idempotency_policy) ... ok
test_package_duplicate_path (test_g1_completion.NegativeSemantic.test_package_duplicate_path) ... ok
test_package_missing_manifest (test_g1_completion.NegativeSemantic.test_package_missing_manifest) ... ok
test_payload_range (test_g1_completion.NegativeSemantic.test_payload_range) ... ok
test_payload_wrong_keyword (test_g1_completion.NegativeSemantic.test_payload_wrong_keyword) ... ok
test_pin_unknown_provider (test_g1_completion.NegativeSemantic.test_pin_unknown_provider) ... ok
test_policy_for_none (test_g1_completion.NegativeSemantic.test_policy_for_none) ... ok
test_required_missing_property (test_g1_completion.NegativeSemantic.test_required_missing_property) ... ok
test_response_both_outcomes (test_g1_completion.NegativeSemantic.test_response_both_outcomes) ... ok
test_rotation_same_key (test_g1_completion.NegativeSemantic.test_rotation_same_key) ... ok
test_rotation_skips_version (test_g1_completion.NegativeSemantic.test_rotation_skips_version) ... ok
test_scope_cycle (test_g1_completion.NegativeSemantic.test_scope_cycle) ... ok
test_scope_two_roots (test_g1_completion.NegativeSemantic.test_scope_two_roots) ... ok
test_secret_wrong_operation (test_g1_completion.NegativeSemantic.test_secret_wrong_operation) ... ok
test_stream_idempotency (test_g1_completion.NegativeSemantic.test_stream_idempotency) ... ok
test_unknown_parent (test_g1_completion.NegativeSemantic.test_unknown_parent) ... ok
test_version_component_overflow (test_g1_completion.NegativeSemantic.test_version_component_overflow) ... ok
test_catalog_permutations (test_g1_completion.Negotiation.test_catalog_permutations) ... ok
test_conflicting_descriptor (test_g1_completion.Negotiation.test_conflicting_descriptor) ... ok
test_max_minor (test_g1_completion.Negotiation.test_max_minor) ... ok
test_optional_features (test_g1_completion.Negotiation.test_optional_features) ... ok
test_optional_features_absent (test_g1_completion.Negotiation.test_optional_features_absent) ... ok
test_bool_not_integer (test_specifications.CanonicalTests.test_bool_not_integer) ... ok
test_depth (test_specifications.CanonicalTests.test_depth) ... ok
test_descriptor_digest (test_specifications.CanonicalTests.test_descriptor_digest) ... ok
test_duplicate_keys (test_specifications.CanonicalTests.test_duplicate_keys) ... ok
test_exponent (test_specifications.CanonicalTests.test_exponent) ... ok
test_fixed_bytes (test_specifications.CanonicalTests.test_fixed_bytes) ... ok
test_float (test_specifications.CanonicalTests.test_float) ... ok
test_key_order (test_specifications.CanonicalTests.test_key_order) ... ok
test_nan (test_specifications.CanonicalTests.test_nan) ... ok
test_negative_zero (test_specifications.CanonicalTests.test_negative_zero) ... ok
test_nonascii_key (test_specifications.CanonicalTests.test_nonascii_key) ... ok
test_range (test_specifications.CanonicalTests.test_range) ... ok
test_size (test_specifications.CanonicalTests.test_size) ... ok
test_surrogate (test_specifications.CanonicalTests.test_surrogate) ... ok
test_denied_grant (test_specifications.DesignExamples.test_denied_grant) ... ok
test_invisible_provider (test_specifications.DesignExamples.test_invisible_provider) ... ok
test_missing_feature (test_specifications.DesignExamples.test_missing_feature) ... ok
test_missing_operation (test_specifications.DesignExamples.test_missing_operation) ... ok
test_missing_pin_no_fallback (test_specifications.DesignExamples.test_missing_pin_no_fallback) ... ok
test_numeric_version (test_specifications.DesignExamples.test_numeric_version) ... ok
test_pin (test_specifications.DesignExamples.test_pin) ... ok
test_shuffle_resolution (test_specifications.DesignExamples.test_shuffle_resolution) ... ok
test_untrusted_provider (test_specifications.DesignExamples.test_untrusted_provider) ... ok
test_wrong_major (test_specifications.DesignExamples.test_wrong_major) ... ok
test_absolute_path (test_specifications.NegativeTests.test_absolute_path) ... ok
test_backslash_path (test_specifications.NegativeTests.test_backslash_path) ... ok
test_bad_grant_interval (test_specifications.NegativeTests.test_bad_grant_interval) ... ok
test_duplicate_bundle_path (test_specifications.NegativeTests.test_duplicate_bundle_path) ... ok
test_duplicate_features (test_specifications.NegativeTests.test_duplicate_features) ... ok
test_duplicate_operation (test_specifications.NegativeTests.test_duplicate_operation) ... ok
test_duplicate_profile_plugin (test_specifications.NegativeTests.test_duplicate_profile_plugin) ... ok
test_leading_zero_version (test_specifications.NegativeTests.test_leading_zero_version) ... ok
test_path_traversal (test_specifications.NegativeTests.test_path_traversal) ... ok
test_prerelease (test_specifications.NegativeTests.test_prerelease) ... ok
test_remote_schema (test_specifications.NegativeTests.test_remote_schema) ... ok
test_retry_denial (test_specifications.NegativeTests.test_retry_denial) ... ok
test_secret_value_in_profile (test_specifications.NegativeTests.test_secret_value_in_profile) ... ok
test_unknown_mode (test_specifications.NegativeTests.test_unknown_mode) ... ok
test_missing_field_bundle (test_specifications.SchemaTests.test_missing_field_bundle) ... ok
test_missing_field_call (test_specifications.SchemaTests.test_missing_field_call) ... ok
test_missing_field_capability (test_specifications.SchemaTests.test_missing_field_capability) ... ok
test_missing_field_error (test_specifications.SchemaTests.test_missing_field_error) ... ok
test_missing_field_event (test_specifications.SchemaTests.test_missing_field_event) ... ok
test_missing_field_event_descriptor (test_specifications.SchemaTests.test_missing_field_event_descriptor) ... ok
test_missing_field_event_grant (test_specifications.SchemaTests.test_missing_field_event_grant) ... ok
test_missing_field_grant (test_specifications.SchemaTests.test_missing_field_grant) ... ok
test_missing_field_package_index (test_specifications.SchemaTests.test_missing_field_package_index) ... ok
test_missing_field_plugin (test_specifications.SchemaTests.test_missing_field_plugin) ... ok
test_missing_field_profile (test_specifications.SchemaTests.test_missing_field_profile) ... ok
test_missing_field_resolution_lock (test_specifications.SchemaTests.test_missing_field_resolution_lock) ... ok
test_missing_field_response (test_specifications.SchemaTests.test_missing_field_response) ... ok
test_missing_field_revocation (test_specifications.SchemaTests.test_missing_field_revocation) ... ok
test_missing_field_root_rotation (test_specifications.SchemaTests.test_missing_field_root_rotation) ... ok
test_missing_field_secret_grant (test_specifications.SchemaTests.test_missing_field_secret_grant) ... ok
test_missing_field_signature (test_specifications.SchemaTests.test_missing_field_signature) ... ok
test_missing_field_trust_policy (test_specifications.SchemaTests.test_missing_field_trust_policy) ... ok
test_unknown_field_bundle (test_specifications.SchemaTests.test_unknown_field_bundle) ... ok
test_unknown_field_call (test_specifications.SchemaTests.test_unknown_field_call) ... ok
test_unknown_field_capability (test_specifications.SchemaTests.test_unknown_field_capability) ... ok
test_unknown_field_error (test_specifications.SchemaTests.test_unknown_field_error) ... ok
test_unknown_field_event (test_specifications.SchemaTests.test_unknown_field_event) ... ok
test_unknown_field_event_descriptor (test_specifications.SchemaTests.test_unknown_field_event_descriptor) ... ok
test_unknown_field_event_grant (test_specifications.SchemaTests.test_unknown_field_event_grant) ... ok
test_unknown_field_grant (test_specifications.SchemaTests.test_unknown_field_grant) ... ok
test_unknown_field_package_index (test_specifications.SchemaTests.test_unknown_field_package_index) ... ok
test_unknown_field_plugin (test_specifications.SchemaTests.test_unknown_field_plugin) ... ok
test_unknown_field_profile (test_specifications.SchemaTests.test_unknown_field_profile) ... ok
test_unknown_field_resolution_lock (test_specifications.SchemaTests.test_unknown_field_resolution_lock) ... ok
test_unknown_field_response (test_specifications.SchemaTests.test_unknown_field_response) ... ok
test_unknown_field_revocation (test_specifications.SchemaTests.test_unknown_field_revocation) ... ok
test_unknown_field_root_rotation (test_specifications.SchemaTests.test_unknown_field_root_rotation) ... ok
test_unknown_field_secret_grant (test_specifications.SchemaTests.test_unknown_field_secret_grant) ... ok
test_unknown_field_signature (test_specifications.SchemaTests.test_unknown_field_signature) ... ok
test_unknown_field_trust_policy (test_specifications.SchemaTests.test_unknown_field_trust_policy) ... ok
test_valid_bundle (test_specifications.SchemaTests.test_valid_bundle) ... ok
test_valid_call (test_specifications.SchemaTests.test_valid_call) ... ok
test_valid_capability (test_specifications.SchemaTests.test_valid_capability) ... ok
test_valid_error (test_specifications.SchemaTests.test_valid_error) ... ok
test_valid_event (test_specifications.SchemaTests.test_valid_event) ... ok
test_valid_event_descriptor (test_specifications.SchemaTests.test_valid_event_descriptor) ... ok
test_valid_event_grant (test_specifications.SchemaTests.test_valid_event_grant) ... ok
test_valid_grant (test_specifications.SchemaTests.test_valid_grant) ... ok
test_valid_package_index (test_specifications.SchemaTests.test_valid_package_index) ... ok
test_valid_plugin (test_specifications.SchemaTests.test_valid_plugin) ... ok
test_valid_profile (test_specifications.SchemaTests.test_valid_profile) ... ok
test_valid_resolution_lock (test_specifications.SchemaTests.test_valid_resolution_lock) ... ok
test_valid_response (test_specifications.SchemaTests.test_valid_response) ... ok
test_valid_revocation (test_specifications.SchemaTests.test_valid_revocation) ... ok
test_valid_root_rotation (test_specifications.SchemaTests.test_valid_root_rotation) ... ok
test_valid_secret_grant (test_specifications.SchemaTests.test_valid_secret_grant) ... ok
test_valid_signature (test_specifications.SchemaTests.test_valid_signature) ... ok
test_valid_trust_policy (test_specifications.SchemaTests.test_valid_trust_policy) ... ok
test_activation_staging (test_specifications.ScopeLifecycleExamples.test_activation_staging) ... ok
test_ancestor_visible (test_specifications.ScopeLifecycleExamples.test_ancestor_visible) ... ok
test_bad_signature_padding (test_specifications.ScopeLifecycleExamples.test_bad_signature_padding) ... ok
test_call_cannot_assert_authority (test_specifications.ScopeLifecycleExamples.test_call_cannot_assert_authority) ... ok
test_child_hidden_from_parent (test_specifications.ScopeLifecycleExamples.test_child_hidden_from_parent) ... ok
test_grant_expiry_boundary (test_specifications.ScopeLifecycleExamples.test_grant_expiry_boundary) ... ok
test_grant_intersection (test_specifications.ScopeLifecycleExamples.test_grant_intersection) ... ok
test_reverse_disposal_order (test_specifications.ScopeLifecycleExamples.test_reverse_disposal_order) ... ok
test_revoked_revision (test_specifications.ScopeLifecycleExamples.test_revoked_revision) ... ok
test_scope_self_visible (test_specifications.ScopeLifecycleExamples.test_scope_self_visible) ... ok
test_sibling_hidden (test_specifications.ScopeLifecycleExamples.test_sibling_hidden) ... ok
test_stale_generation (test_specifications.ScopeLifecycleExamples.test_stale_generation) ... ok
test_terminal_state (test_specifications.ScopeLifecycleExamples.test_terminal_state) ... ok

----------------------------------------------------------------------
Ran 193 tests in 0.221s

OK

> alica-v2@0.0.0 boundaries
> node tools/check-boundaries.mjs

Public import boundaries passed

> alica-v2@0.0.0 secrets
> python3 tools/check-secrets.py

Secret pattern check passed

> alica-v2@0.0.0 dependencies
> python3 -S tools/check-dependencies.py

npm @types/node 24.13.5 MIT
npm ajv 8.20.0 MIT
npm fast-deep-equal 3.1.3 MIT
npm fast-uri 3.1.8 BSD-3-Clause
npm json-schema-traverse 1.0.0 MIT
npm prettier 3.9.7 MIT
npm require-from-string 2.0.2 MIT
npm typescript 6.0.3 Apache-2.0
npm undici-types 7.18.2 MIT
python attrs 26.1.0 MIT
python cffi 2.1.1 MIT-0
python cryptography 50.0.1 Apache-2.0 OR BSD-3-Clause
python jsonschema 4.26.0 MIT
python jsonschema-specifications 2025.9.1 MIT
python pycparser 3.0 BSD-3-Clause
python referencing 0.37.0 MIT
python rpds-py 2026.6.3 MIT
python typing_extensions 4.16.0 PSF-2.0
Exact dependencies and reviewed license allowlist passed; not a vulnerability scan

> alica-v2@0.0.0 test:isolated
> node tools/test-isolated.mjs

{"schemaVersion":"alica.isolated-conformance/v1","passed":true,"installedPackages":["@alica/acap-types","@alica/acap-contracts","@alica/alicac"],"kernelInstalled":false,"generatedArtifactsDeterministic":true,"generatedTypesChecked":true,"wireRoundTrip":true,"conformance":{"checks":[{"name":"fixture:independent-add","passed":true},{"name":"fixture:recorded-replay","passed":true},{"name":"fixture:changed-payload-conflict","passed":true},{"name":"fixture:stream-count","passed":true},{"name":"fixture:empty-stream","passed":true},{"name":"wrong-digest","passed":true},{"name":"unknown-operation","passed":true},{"name":"expired-request","passed":true},{"name":"caller-spoof","passed":true},{"name":"incompatible-negotiation","passed":true}],"descriptorDigest":"sha256:8766c5d4a8e68a5194a76fc0ce18ed3b50b86ce8765508fc95c05de0d83bff21","passed":true,"schemaVersion":"alica.conformance/v1"}}
ISOLATED_CONSUMER_PASS kernelUnavailable=true generatedClient=true wireRoundTrip=true idempotentInvocations=1
SDK/testkit runtime exports and declaration snapshots passed

> alica-v2@0.0.0 test:external
> node tools/test-external-sdk.mjs

{"schemaVersion":"alica.g5-external/v1","level":"PROVIDER","sourceRevision":"122ac0d33cb0a1e08aef836ac7c964ae365a30b3","runtime":"v24.21.0","publicImportsOnly":true,"authorProjectHasNoKernel":true,"separateOperatorProject":true,"deterministicGeneration":true,"negativeTypeCheck":true,"packageFiles":["consumer.plugin.json","contracts/math.json","contracts/result.json","dist/consumer.d.ts","dist/consumer.js","dist/provider.d.ts","dist/provider.js","generated/client.d.mts","generated/client.mjs","generated/provider.d.mts","generated/provider.mjs","package.json","provider.plugin.json"],"conformance":{"checks":[{"name":"fixture:positive","passed":true},{"name":"fixture:negative","passed":true},{"name":"fixture:zero","passed":true},{"name":"fixture:invalid-input","passed":true},{"name":"wrong-digest","passed":true},{"name":"unknown-operation","passed":true},{"name":"expired-request","passed":true},{"name":"caller-spoof","passed":true},{"name":"incompatible-negotiation","passed":true}],"descriptorDigest":"sha256:19bfc82bed3b4f3478966a8b6a86a1d7c14999387231d2f1dbb6ff239cd1167e","passed":true,"schemaVersion":"alica.conformance/v1"},"production":{"level":"PROVIDER","transport":"inproc","signedPackageVerified":true,"inventoryOnlyModules":true,"publicSdk":true,"result":42,"cleanup":{"completedDisposers":2,"failedDisposers":[],"restartRequired":false,"state":"DISPOSED","timedOutResources":0},"providerActivated":true},"commands":[["npm","pack","/home/alica-dev/AlicaV2/packages/acap-types","--pack-destination","$TMP/artifacts","--json","--ignore-scripts"],["npm","pack","/home/alica-dev/AlicaV2/packages/acap-contracts","--pack-destination","$TMP/artifacts","--json","--ignore-scripts"],["npm","pack","/home/alica-dev/AlicaV2/packages/plugin-sdk","--pack-destination","$TMP/artifacts","--json","--ignore-scripts"],["npm","pack","/home/alica-dev/AlicaV2/packages/testkit","--pack-destination","$TMP/artifacts","--json","--ignore-scripts"],["npm","pack","/home/alica-dev/AlicaV2/packages/alicac","--pack-destination","$TMP/artifacts","--json","--ignore-scripts"],["npm","pack","/home/alica-dev/AlicaV2/packages/kernel","--pack-destination","$TMP/artifacts","--json","--ignore-scripts"],["npm","install","--no-save","--ignore-scripts","--no-audit","--no-fund","$TMP/artifacts/alica-acap-types-0.0.0.tgz","$TMP/artifacts/alica-acap-contracts-0.0.0.tgz","$TMP/artifacts/alica-plugin-sdk-0.1.0.tgz","$TMP/artifacts/alica-testkit-0.1.0.tgz","$TMP/artifacts/alica-alicac-0.0.0.tgz"],["/tmp/alica-g5-external-7jGpcd/author/node_modules/.bin/alicac","capability","init","--id","org.tutorial.math","--out","starter.json","--json"],["/tmp/alica-g5-external-7jGpcd/author/node_modules/.bin/alicac","capability","validate","contracts/math.json","--json"],["npm","run","build"],["npm","run","build"],["npm","test"],["/tmp/alica-g5-external-7jGpcd/author/node_modules/.bin/alicac","conformance","run","--provider","dist/provider.js","--fixtures","conformance.json","--json"],["npm","run","verify"],["npm","run","run"],["node","--input-type=module","-e","import assert from 'node:assert/strict';import {createRequire} from 'node:module';const require=createRequire(import.meta.url);assert.throws(()=>require.resolve('@alica/kernel'),e=>e.code==='MODULE_NOT_FOUND');for(const p of ['@alica/plugin-sdk/dist/index.js','@alica/testkit/dist/index.js'])assert.throws(()=>require.resolve(p),e=>e.code==='ERR_PACKAGE_PATH_NOT_EXPORTED')"],["node","node_modules/typescript/bin/tsc","--noEmit","-p","tsconfig.json"],["npm","pack","--pack-destination","$TMP/artifacts","--json","--ignore-scripts"],["npm","install","--no-save","--ignore-scripts","--no-audit","--no-fund","$TMP/artifacts/alica-acap-types-0.0.0.tgz","$TMP/artifacts/alica-acap-contracts-0.0.0.tgz","$TMP/artifacts/alica-plugin-sdk-0.1.0.tgz","$TMP/artifacts/alica-kernel-0.0.0.tgz","$TMP/artifacts/tutorial-plugins-0.1.0.tgz"],["node","--experimental-vm-modules","operator-run.mjs"]]}

> alica-v2@0.0.0 test:g6-design
> python3 -S tools/check-g6-design.py && python3 -S tools/test-g6-context-model.py

{
  "level": "SCHEMA-DESIGN-ONLY",
  "schemaChecksPassed": 248,
  "runtimeQualification": false,
  "cases": [
    {
      "case": "valid-hello",
      "passed": true,
      "expectedValid": true,
      "direction": null
    },
    {
      "case": "closed-hello-envelope",
      "passed": true,
      "expectedValid": false,
      "direction": null
    },
    {
      "case": "closed-hello-body",
      "passed": true,
      "expectedValid": false,
      "direction": null
    },
    {
      "case": "generation-required-hello",
      "passed": true,
      "expectedValid": false,
      "direction": null
    },
    {
      "case": "valid-accepted",
      "passed": true,
      "expectedValid": true,
      "direction": null
    },
    {
      "case": "closed-accepted-envelope",
      "passed": true,
      "expectedValid": false,
      "direction": null
    },
    {
      "case": "closed-accepted-body",
      "passed": true,
      "expectedValid": false,
      "direction": null
    },
    {
      "case": "generation-required-accepted",
      "passed": true,
      "expectedValid": false,
      "direction": null
    },
    {
      "case": "valid-request",
      "passed": true,
      "expectedValid": true,
      "direction": null
    },
    {
      "case": "closed-request-envelope",
      "passed": true,
      "expectedValid": false,
      "direction": null
    },
    {
      "case": "closed-request-body",
      "passed": true,
      "expectedValid": false,
      "direction": null
    },
    {
      "case": "generation-required-request",
      "passed": true,
      "expectedValid": false,
      "direction": null
    },
    {
      "case": "valid-response",
      "passed": true,
      "expectedValid": true,
      "direction": null
    },
    {
      "case": "closed-response-envelope",
      "passed": true,
      "expectedValid": false,
      "direction": null
    },
    {
      "case": "closed-response-body",
      "passed": true,
      "expectedValid": false,
      "direction": null
    },
    {
      "case": "generation-required-response",
      "passed": true,
      "expectedValid": false,
      "direction": null
    },
    {
      "case": "valid-error",
      "passed": true,
      "expectedValid": true,
      "direction": null
    },
    {
      "case": "closed-error-envelope",
      "passed": true,
      "expectedValid": false,
      "direction": null
    },
    {
      "case": "closed-error-body",
      "passed": true,
      "expectedValid": false,
      "direction": null
    },
    {
      "case": "generation-required-error",
      "passed": true,
      "expectedValid": false,
      "direction": null
    },
    {
      "case": "valid-cancel",
      "passed": true,
      "expectedValid": true,
      "direction": null
    },
    {
      "case": "closed-cancel-envelope",
      "passed": true,
      "expectedValid": false,
      "direction": null
    },
    {
      "case": "closed-cancel-body",
      "passed": true,
      "expectedValid": false,
      "direction": null
    },
    {
      "case": "generation-required-cancel",
      "passed": true,
      "expectedValid": false,
      "direction": null
    },
    {
      "case": "valid-stream-item",
      "passed": true,
      "expectedValid": true,
      "direction": null
    },
    {
      "case": "closed-stream-item-envelope",
      "passed": true,
      "expectedValid": false,
      "direction": null
    },
    {
      "case": "closed-stream-item-body",
      "passed": true,
      "expectedValid": false,
      "direction": null
    },
    {
      "case": "generation-required-stream-item",
      "passed": true,
      "expectedValid": false,
      "direction": null
    },
    {
      "case": "valid-stream-credit",
      "passed": true,
      "expectedValid": true,
      "direction": null
    },
    {
      "case": "closed-stream-credit-envelope",
      "passed": true,
      "expectedValid": false,
      "direction": null
    },
    {
      "case": "closed-stream-credit-body",
      "passed": true,
      "expectedValid": false,
      "direction": null
    },
    {
      "case": "generation-required-stream-credit",
      "passed": true,
      "expectedValid": false,
      "direction": null
    },
    {
      "case": "valid-stream-end",
      "passed": true,
      "expectedValid": true,
      "direction": null
    },
    {
      "case": "closed-stream-end-envelope",
      "passed": true,
      "expectedValid": false,
      "direction": null
    },
    {
      "case": "closed-stream-end-body",
      "passed": true,
      "expectedValid": false,
      "direction": null
    },
    {
      "case": "generation-required-stream-end",
      "passed": true,
      "expectedValid": false,
      "direction": null
    },
    {
      "case": "valid-event",
      "passed": true,
      "expectedValid": true,
      "direction": null
    },
    {
      "case": "closed-event-envelope",
      "passed": true,
      "expectedValid": false,
      "direction": null
    },
    {
      "case": "closed-event-body",
      "passed": true,
      "expectedValid": false,
      "direction": null
    },
    {
      "case": "generation-required-event",
      "passed": true,
      "expectedValid": false,
      "direction": null
    },
    {
      "case": "valid-ping",
      "passed": true,
      "expectedValid": true,
      "direction": null
    },
    {
      "case": "closed-ping-envelope",
      "passed": true,
      "expectedValid": false,
      "direction": null
    },
    {
      "case": "closed-ping-body",
      "passed": true,
      "expectedValid": false,
      "direction": null
    },
    {
      "case": "generation-required-ping",
      "passed": true,
      "expectedValid": false,
      "direction": null
    },
    {
      "case": "valid-pong",
      "passed": true,
      "expectedValid": true,
      "direction": null
    },
    {
      "case": "closed-pong-envelope",
      "passed": true,
      "expectedValid": false,
      "direction": null
    },
    {
      "case": "closed-pong-body",
      "passed": true,
      "expectedValid": false,
      "direction": null
    },
    {
      "case": "generation-required-pong",
      "passed": true,
      "expectedValid": false,
      "direction": null
    },
    {
      "case": "valid-scope-check",
      "passed": true,
      "expectedValid": true,
      "direction": null
    },
    {
      "case": "closed-scope-check-envelope",
      "passed": true,
      "expectedValid": false,
      "direction": null
    },
    {
      "case": "closed-scope-check-body",
      "passed": true,
      "expectedValid": false,
      "direction": null
    },
    {
      "case": "generation-required-scope-check",
      "passed": true,
      "expectedValid": false,
      "direction": null
    },
    {
      "case": "valid-log",
      "passed": true,
      "expectedValid": true,
      "direction": null
    },
    {
      "case": "closed-log-envelope",
      "passed": true,
      "expectedValid": false,
      "direction": null
    },
    {
      "case": "closed-log-body",
      "passed": true,
      "expectedValid": false,
      "direction": null
    },
    {
      "case": "generation-required-log",
      "passed": true,
      "expectedValid": false,
      "direction": null
    },
    {
      "case": "hello-from-provider",
      "passed": true,
      "expectedValid": true,
      "direction": "toBroker"
    },
    {
      "case": "hello-not-from-broker",
      "passed": true,
      "expectedValid": false,
      "direction": "toProvider"
    },
    {
      "case": "accepted-from-broker",
      "passed": true,
      "expectedValid": true,
      "direction": "toProvider"
    },
    {
      "case": "accepted-not-from-provider",
      "passed": true,
      "expectedValid": false,
      "direction": "toBroker"
    },
    {
      "case": "broker-invoke",
      "passed": true,
      "expectedValid": true,
      "direction": "toProvider"
    },
    {
      "case": "provider-cannot-send-broker-invoke",
      "passed": true,
      "expectedValid": false,
      "direction": "toBroker"
    },
    {
      "case": "outbound-shape",
      "passed": true,
      "expectedValid": true,
      "direction": "toBroker"
    },
    {
      "case": "outbound-rejects-caller-assertion",
      "passed": true,
      "expectedValid": false,
      "direction": "toBroker"
    },
    {
      "case": "invalid-header-contextId",
      "passed": true,
      "expectedValid": false,
      "direction": null
    },
    {
      "case": "invalid-header-sessionId",
      "passed": true,
      "expectedValid": false,
      "direction": null
    },
    {
      "case": "invalid-header-generation",
      "passed": true,
      "expectedValid": false,
      "direction": null
    },
    {
      "case": "invalid-header-sequence",
      "passed": true,
      "expectedValid": false,
      "direction": null
    },
    {
      "case": "invalid-header-schemaVersion",
      "passed": true,
      "expectedValid": false,
      "direction": null
    },
    {
      "case": "invalid-header-tag",
      "passed": true,
      "expectedValid": false,
      "direction": null
    },
    {
      "case": "credit-shape-0",
      "passed": true,
      "expectedValid": false,
      "direction": null
    },
    {
      "case": "credit-shape-257",
      "passed": true,
      "expectedValid": false,
      "direction": null
    },
    {
      "case": "credit-shape-1.5",
      "passed": true,
      "expectedValid": false,
      "direction": null
    },
    {
      "case": "handshake-shape-protocolMajor",
      "passed": true,
      "expectedValid": false,
      "direction": null
    },
    {
      "case": "handshake-shape-packageDigest",
      "passed": true,
      "expectedValid": false,
      "direction": null
    },
    {
      "case": "handshake-shape-challenge",
      "passed": true,
      "expectedValid": false,
      "direction": null
    },
    {
      "case": "reject-non-acap-value-76",
      "passed": true,
      "expectedValid": false,
      "direction": null
    },
    {
      "case": "reject-non-acap-value-77",
      "passed": true,
      "expectedValid": false,
      "direction": null
    },
    {
      "case": "reject-non-acap-value-78",
      "passed": true,
      "expectedValid": false,
      "direction": null
    },
    {
      "case": "accept-acap-value-79",
      "passed": true,
      "expectedValid": true,
      "direction": null
    },
    {
      "case": "accept-acap-value-80",
      "passed": true,
      "expectedValid": true,
      "direction": null
    },
    {
      "case": "accept-acap-value-81",
      "passed": true,
      "expectedValid": true,
      "direction": null
    },
    {
      "case": "accept-acap-value-82",
      "passed": true,
      "expectedValid": true,
      "direction": null
    },
    {
      "case": "accept-acap-value-83",
      "passed": true,
      "expectedValid": true,
      "direction": null
    },
    {
      "case": "control-context-ready",
      "passed": true,
      "expectedValid": true,
      "direction": "toBroker"
    },
    {
      "case": "control-not-from-broker-context-ready",
      "passed": true,
      "expectedValid": false,
      "direction": "toProvider"
    },
    {
      "case": "control-task-open",
      "passed": true,
      "expectedValid": true,
      "direction": "toBroker"
    },
    {
      "case": "control-not-from-broker-task-open",
      "passed": true,
      "expectedValid": false,
      "direction": "toProvider"
    },
    {
      "case": "control-event-ack",
      "passed": true,
      "expectedValid": true,
      "direction": "toBroker"
    },
    {
      "case": "control-not-from-broker-event-ack",
      "passed": true,
      "expectedValid": false,
      "direction": "toProvider"
    },
    {
      "case": "control-bind",
      "passed": true,
      "expectedValid": true,
      "direction": "toBroker"
    },
    {
      "case": "control-not-from-broker-bind",
      "passed": true,
      "expectedValid": false,
      "direction": "toProvider"
    },
    {
      "case": "control-register",
      "passed": true,
      "expectedValid": true,
      "direction": "toBroker"
    },
    {
      "case": "control-not-from-broker-register",
      "passed": true,
      "expectedValid": false,
      "direction": "toProvider"
    },
    {
      "case": "control-withdraw",
      "passed": true,
      "expectedValid": true,
      "direction": "toBroker"
    },
    {
      "case": "control-not-from-broker-withdraw",
      "passed": true,
      "expectedValid": false,
      "direction": "toProvider"
    },
    {
      "case": "control-secret",
      "passed": true,
      "expectedValid": true,
      "direction": "toBroker"
    },
    {
      "case": "control-not-from-broker-secret",
      "passed": true,
      "expectedValid": false,
      "direction": "toProvider"
    },
    {
      "case": "control-subscribe",
      "passed": true,
      "expectedValid": true,
      "direction": "toBroker"
    },
    {
      "case": "control-not-from-broker-subscribe",
      "passed": true,
      "expectedValid": false,
      "direction": "toProvider"
    },
    {
      "case": "control-unsubscribe",
      "passed": true,
      "expectedValid": true,
      "direction": "toBroker"
    },
    {
      "case": "control-not-from-broker-unsubscribe",
      "passed": true,
      "expectedValid": false,
      "direction": "toProvider"
    },
    {
      "case": "control-scope-create",
      "passed": true,
      "expectedValid": true,
      "direction": "toBroker"
    },
    {
      "case": "control-not-from-broker-scope-create",
      "passed": true,
      "expectedValid": false,
      "direction": "toProvider"
    },
    {
      "case": "control-scope-check",
      "passed": true,
      "expectedValid": true,
      "direction": "toBroker"
    },
    {
      "case": "control-not-from-broker-scope-check",
      "passed": true,
      "expectedValid": false,
      "direction": "toProvider"
    },
    {
      "case": "control-log",
      "passed": true,
      "expectedValid": true,
      "direction": "toBroker"
    },
    {
      "case": "control-not-from-broker-log",
      "passed": true,
      "expectedValid": false,
      "direction": "toProvider"
    },
    {
      "case": "valid-digest-shape-does-not-authenticate",
      "passed": true,
      "expectedValid": true,
      "direction": "toBroker"
    },
    {
      "case": "valid-name-shape-does-not-authenticate",
      "passed": true,
      "expectedValid": true,
      "direction": "toBroker"
    },
    {
      "case": "invoke-on-work-lane",
      "passed": true,
      "expectedValid": true,
      "direction": "workToProvider"
    },
    {
      "case": "invoke-not-on-control-lane",
      "passed": true,
      "expectedValid": false,
      "direction": "controlToProvider"
    },
    {
      "case": "hello-on-control-lane",
      "passed": true,
      "expectedValid": true,
      "direction": "controlToBroker"
    },
    {
      "case": "hello-not-on-work-lane",
      "passed": true,
      "expectedValid": false,
      "direction": "workToBroker"
    },
    {
      "case": "context-ready-control-lane",
      "passed": true,
      "expectedValid": true,
      "direction": "controlToBroker"
    },
    {
      "case": "context-ready-not-work-lane",
      "passed": true,
      "expectedValid": false,
      "direction": "workToBroker"
    },
    {
      "case": "task-open-control-lane",
      "passed": true,
      "expectedValid": true,
      "direction": "controlToBroker"
    },
    {
      "case": "task-open-not-work-lane",
      "passed": true,
      "expectedValid": false,
      "direction": "workToBroker"
    },
    {
      "case": "outbound-cannot-use-control-channel",
      "passed": true,
      "expectedValid": false,
      "direction": "controlToBroker"
    },
    {
      "case": "outbound-work-channel",
      "passed": true,
      "expectedValid": true,
      "direction": "workToBroker"
    },
    {
      "case": "required-context-feature-hello",
      "passed": true,
      "expectedValid": false,
      "direction": null
    },
    {
      "case": "event-digests-required-hello",
      "passed": true,
      "expectedValid": false,
      "direction": null
    },
    {
      "case": "required-context-feature-accepted",
      "passed": true,
      "expectedValid": false,
      "direction": null
    },
    {
      "case": "event-digests-required-accepted",
      "passed": true,
      "expectedValid": false,
      "direction": null
    },
    {
      "case": "r2-reject-asserted-parentWireId",
      "passed": true,
      "expectedValid": false,
      "direction": "toBroker"
    },
    {
      "case": "r2-reject-asserted-caller",
      "passed": true,
      "expectedValid": false,
      "direction": "toBroker"
    },
    {
      "case": "context-required",
      "passed": true,
      "expectedValid": false,
      "direction": null
    },
    {
      "case": "single-active-is-not-r2",
      "passed": true,
      "expectedValid": false,
      "direction": "toProvider"
    },
    {
      "case": "offer-shape",
      "passed": true,
      "expectedValid": true,
      "direction": "broker-native-carrier"
    },
    {
      "case": "offer-reject-descriptorCount-0",
      "passed": true,
      "expectedValid": false,
      "direction": "broker-native-carrier"
    },
    {
      "case": "offer-reject-descriptorCount-2",
      "passed": true,
      "expectedValid": false,
      "direction": "broker-native-carrier"
    },
    {
      "case": "offer-reject-generation-0",
      "passed": true,
      "expectedValid": false,
      "direction": "broker-native-carrier"
    },
    {
      "case": "offer-reject-contextId-",
      "passed": true,
      "expectedValid": false,
      "direction": "broker-native-carrier"
    },
    {
      "case": "offer-reject-purpose-arbitrary",
      "passed": true,
      "expectedValid": false,
      "direction": "broker-native-carrier"
    },
    {
      "case": "offer-reject-parentWireId-1",
      "passed": true,
      "expectedValid": false,
      "direction": "broker-native-carrier"
    },
    {
      "case": "offer-reject-fd-12",
      "passed": true,
      "expectedValid": false,
      "direction": "broker-native-carrier"
    },
    {
      "case": "offer-reject-caller-{}",
      "passed": true,
      "expectedValid": false,
      "direction": "broker-native-carrier"
    },
    {
      "case": "offer-requires-schemaVersion",
      "passed": true,
      "expectedValid": false,
      "direction": "broker-native-carrier"
    },
    {
      "case": "offer-requires-sessionId",
      "passed": true,
      "expectedValid": false,
      "direction": "broker-native-carrier"
    },
    {
      "case": "offer-requires-generation",
      "passed": true,
      "expectedValid": false,
      "direction": "broker-native-carrier"
    },
    {
      "case": "offer-requires-offerId",
      "passed": true,
      "expectedValid": false,
      "direction": "broker-native-carrier"
    },
    {
      "case": "offer-requires-contextId",
      "passed": true,
      "expectedValid": false,
      "direction": "broker-native-carrier"
    },
    {
      "case": "offer-requires-purpose",
      "passed": true,
      "expectedValid": false,
      "direction": "broker-native-carrier"
    },
    {
      "case": "offer-requires-descriptorCount",
      "passed": true,
      "expectedValid": false,
      "direction": "broker-native-carrier"
    },
    {
      "case": "offer-requires-remainingMs",
      "passed": true,
      "expectedValid": false,
      "direction": "broker-native-carrier"
    },
    {
      "case": "sdk-positive-0",
      "passed": true,
      "expectedValid": true,
      "direction": "workToBroker"
    },
    {
      "case": "sdk-wrong-lane-0-controlToBroker",
      "passed": true,
      "expectedValid": false,
      "direction": "controlToBroker"
    },
    {
      "case": "sdk-wrong-lane-0-controlToProvider",
      "passed": true,
      "expectedValid": false,
      "direction": "controlToProvider"
    },
    {
      "case": "sdk-wrong-lane-0-workToProvider",
      "passed": true,
      "expectedValid": false,
      "direction": "workToProvider"
    },
    {
      "case": "sdk-required-0-kind",
      "passed": true,
      "expectedValid": false,
      "direction": "workToBroker"
    },
    {
      "case": "sdk-required-0-wireId",
      "passed": true,
      "expectedValid": false,
      "direction": "workToBroker"
    },
    {
      "case": "sdk-required-0-scopeId",
      "passed": true,
      "expectedValid": false,
      "direction": "workToBroker"
    },
    {
      "case": "sdk-required-0-scopeGeneration",
      "passed": true,
      "expectedValid": false,
      "direction": "workToBroker"
    },
    {
      "case": "sdk-closed-0",
      "passed": true,
      "expectedValid": false,
      "direction": "workToBroker"
    },
    {
      "case": "sdk-positive-1",
      "passed": true,
      "expectedValid": true,
      "direction": "workToBroker"
    },
    {
      "case": "sdk-wrong-lane-1-controlToBroker",
      "passed": true,
      "expectedValid": false,
      "direction": "controlToBroker"
    },
    {
      "case": "sdk-wrong-lane-1-controlToProvider",
      "passed": true,
      "expectedValid": false,
      "direction": "controlToProvider"
    },
    {
      "case": "sdk-wrong-lane-1-workToProvider",
      "passed": true,
      "expectedValid": false,
      "direction": "workToProvider"
    },
    {
      "case": "sdk-required-1-kind",
      "passed": true,
      "expectedValid": false,
      "direction": "workToBroker"
    },
    {
      "case": "sdk-required-1-wireId",
      "passed": true,
      "expectedValid": false,
      "direction": "workToBroker"
    },
    {
      "case": "sdk-required-1-scopeId",
      "passed": true,
      "expectedValid": false,
      "direction": "workToBroker"
    },
    {
      "case": "sdk-required-1-scopeGeneration",
      "passed": true,
      "expectedValid": false,
      "direction": "workToBroker"
    },
    {
      "case": "sdk-required-1-record",
      "passed": true,
      "expectedValid": false,
      "direction": "workToBroker"
    },
    {
      "case": "sdk-closed-1",
      "passed": true,
      "expectedValid": false,
      "direction": "workToBroker"
    },
    {
      "case": "sdk-positive-2",
      "passed": true,
      "expectedValid": true,
      "direction": "workToBroker"
    },
    {
      "case": "sdk-wrong-lane-2-controlToBroker",
      "passed": true,
      "expectedValid": false,
      "direction": "controlToBroker"
    },
    {
      "case": "sdk-wrong-lane-2-controlToProvider",
      "passed": true,
      "expectedValid": false,
      "direction": "controlToProvider"
    },
    {
      "case": "sdk-wrong-lane-2-workToProvider",
      "passed": true,
      "expectedValid": false,
      "direction": "workToProvider"
    },
    {
      "case": "sdk-required-2-kind",
      "passed": true,
      "expectedValid": false,
      "direction": "workToBroker"
    },
    {
      "case": "sdk-required-2-wireId",
      "passed": true,
      "expectedValid": false,
      "direction": "workToBroker"
    },
    {
      "case": "sdk-required-2-scopeId",
      "passed": true,
      "expectedValid": false,
      "direction": "workToBroker"
    },
    {
      "case": "sdk-required-2-scopeGeneration",
      "passed": true,
      "expectedValid": false,
      "direction": "workToBroker"
    },
    {
      "case": "sdk-required-2-callbackId",
      "passed": true,
      "expectedValid": false,
      "direction": "workToBroker"
    },
    {
      "case": "sdk-closed-2",
      "passed": true,
      "expectedValid": false,
      "direction": "workToBroker"
    },
    {
      "case": "sdk-positive-3",
      "passed": true,
      "expectedValid": true,
      "direction": "workToBroker"
    },
    {
      "case": "sdk-wrong-lane-3-controlToBroker",
      "passed": true,
      "expectedValid": false,
      "direction": "controlToBroker"
    },
    {
      "case": "sdk-wrong-lane-3-controlToProvider",
      "passed": true,
      "expectedValid": false,
      "direction": "controlToProvider"
    },
    {
      "case": "sdk-wrong-lane-3-workToProvider",
      "passed": true,
      "expectedValid": false,
      "direction": "workToProvider"
    },
    {
      "case": "sdk-required-3-kind",
      "passed": true,
      "expectedValid": false,
      "direction": "workToBroker"
    },
    {
      "case": "sdk-required-3-wireId",
      "passed": true,
      "expectedValid": false,
      "direction": "workToBroker"
    },
    {
      "case": "sdk-required-3-effectId",
      "passed": true,
      "expectedValid": false,
      "direction": "workToBroker"
    },
    {
      "case": "sdk-closed-3",
      "passed": true,
      "expectedValid": false,
      "direction": "workToBroker"
    },
    {
      "case": "sdk-positive-4",
      "passed": true,
      "expectedValid": true,
      "direction": "workToProvider"
    },
    {
      "case": "sdk-wrong-lane-4-controlToBroker",
      "passed": true,
      "expectedValid": false,
      "direction": "controlToBroker"
    },
    {
      "case": "sdk-wrong-lane-4-controlToProvider",
      "passed": true,
      "expectedValid": false,
      "direction": "controlToProvider"
    },
    {
      "case": "sdk-wrong-lane-4-workToBroker",
      "passed": true,
      "expectedValid": false,
      "direction": "workToBroker"
    },
    {
      "case": "sdk-required-4-kind",
      "passed": true,
      "expectedValid": false,
      "direction": "workToProvider"
    },
    {
      "case": "sdk-required-4-wireId",
      "passed": true,
      "expectedValid": false,
      "direction": "workToProvider"
    },
    {
      "case": "sdk-required-4-effectId",
      "passed": true,
      "expectedValid": false,
      "direction": "workToProvider"
    },
    {
      "case": "sdk-required-4-callbackId",
      "passed": true,
      "expectedValid": false,
      "direction": "workToProvider"
    },
    {
      "case": "sdk-required-4-remainingMs",
      "passed": true,
      "expectedValid": false,
      "direction": "workToProvider"
    },
    {
      "case": "sdk-closed-4",
      "passed": true,
      "expectedValid": false,
      "direction": "workToProvider"
    },
    {
      "case": "sdk-positive-5",
      "passed": true,
      "expectedValid": true,
      "direction": "workToBroker"
    },
    {
      "case": "sdk-wrong-lane-5-controlToBroker",
      "passed": true,
      "expectedValid": false,
      "direction": "controlToBroker"
    },
    {
      "case": "sdk-wrong-lane-5-controlToProvider",
      "passed": true,
      "expectedValid": false,
      "direction": "controlToProvider"
    },
    {
      "case": "sdk-wrong-lane-5-workToProvider",
      "passed": true,
      "expectedValid": false,
      "direction": "workToProvider"
    },
    {
      "case": "sdk-required-5-kind",
      "passed": true,
      "expectedValid": false,
      "direction": "workToBroker"
    },
    {
      "case": "sdk-required-5-wireId",
      "passed": true,
      "expectedValid": false,
      "direction": "workToBroker"
    },
    {
      "case": "sdk-required-5-effectId",
      "passed": true,
      "expectedValid": false,
      "direction": "workToBroker"
    },
    {
      "case": "sdk-closed-5",
      "passed": true,
      "expectedValid": false,
      "direction": "workToBroker"
    },
    {
      "case": "sdk-positive-6",
      "passed": true,
      "expectedValid": true,
      "direction": "workToBroker"
    },
    {
      "case": "sdk-wrong-lane-6-controlToBroker",
      "passed": true,
      "expectedValid": false,
      "direction": "controlToBroker"
    },
    {
      "case": "sdk-wrong-lane-6-controlToProvider",
      "passed": true,
      "expectedValid": false,
      "direction": "controlToProvider"
    },
    {
      "case": "sdk-wrong-lane-6-workToProvider",
      "passed": true,
      "expectedValid": false,
      "direction": "workToProvider"
    },
    {
      "case": "sdk-required-6-kind",
      "passed": true,
      "expectedValid": false,
      "direction": "workToBroker"
    },
    {
      "case": "sdk-required-6-wireId",
      "passed": true,
      "expectedValid": false,
      "direction": "workToBroker"
    },
    {
      "case": "sdk-required-6-effectId",
      "passed": true,
      "expectedValid": false,
      "direction": "workToBroker"
    },
    {
      "case": "sdk-required-6-error",
      "passed": true,
      "expectedValid": false,
      "direction": "workToBroker"
    },
    {
      "case": "sdk-closed-6",
      "passed": true,
      "expectedValid": false,
      "direction": "workToBroker"
    },
    {
      "case": "sdk-positive-7",
      "passed": true,
      "expectedValid": true,
      "direction": "workToProvider"
    },
    {
      "case": "sdk-wrong-lane-7-controlToBroker",
      "passed": true,
      "expectedValid": false,
      "direction": "controlToBroker"
    },
    {
      "case": "sdk-wrong-lane-7-controlToProvider",
      "passed": true,
      "expectedValid": false,
      "direction": "controlToProvider"
    },
    {
      "case": "sdk-wrong-lane-7-workToBroker",
      "passed": true,
      "expectedValid": false,
      "direction": "workToBroker"
    },
    {
      "case": "sdk-required-7-kind",
      "passed": true,
      "expectedValid": false,
      "direction": "workToProvider"
    },
    {
      "case": "sdk-required-7-wireId",
      "passed": true,
      "expectedValid": false,
      "direction": "workToProvider"
    },
    {
      "case": "sdk-required-7-value",
      "passed": true,
      "expectedValid": false,
      "direction": "workToProvider"
    },
    {
      "case": "sdk-closed-7",
      "passed": true,
      "expectedValid": false,
      "direction": "workToProvider"
    },
    {
      "case": "sdk-positive-8",
      "passed": true,
      "expectedValid": true,
      "direction": "workToProvider"
    },
    {
      "case": "sdk-wrong-lane-8-controlToBroker",
      "passed": true,
      "expectedValid": false,
      "direction": "controlToBroker"
    },
    {
      "case": "sdk-wrong-lane-8-controlToProvider",
      "passed": true,
      "expectedValid": false,
      "direction": "controlToProvider"
    },
    {
      "case": "sdk-wrong-lane-8-workToBroker",
      "passed": true,
      "expectedValid": false,
      "direction": "workToBroker"
    },
    {
      "case": "sdk-required-8-kind",
      "passed": true,
      "expectedValid": false,
      "direction": "workToProvider"
    },
    {
      "case": "sdk-required-8-wireId",
      "passed": true,
      "expectedValid": false,
      "direction": "workToProvider"
    },
    {
      "case": "sdk-required-8-value",
      "passed": true,
      "expectedValid": false,
      "direction": "workToProvider"
    },
    {
      "case": "sdk-closed-8",
      "passed": true,
      "expectedValid": false,
      "direction": "workToProvider"
    },
    {
      "case": "sdk-positive-9",
      "passed": true,
      "expectedValid": true,
      "direction": "workToProvider"
    },
    {
      "case": "sdk-wrong-lane-9-controlToBroker",
      "passed": true,
      "expectedValid": false,
      "direction": "controlToBroker"
    },
    {
      "case": "sdk-wrong-lane-9-controlToProvider",
      "passed": true,
      "expectedValid": false,
      "direction": "controlToProvider"
    },
    {
      "case": "sdk-wrong-lane-9-workToBroker",
      "passed": true,
      "expectedValid": false,
      "direction": "workToBroker"
    },
    {
      "case": "sdk-required-9-kind",
      "passed": true,
      "expectedValid": false,
      "direction": "workToProvider"
    },
    {
      "case": "sdk-required-9-wireId",
      "passed": true,
      "expectedValid": false,
      "direction": "workToProvider"
    },
    {
      "case": "sdk-required-9-value",
      "passed": true,
      "expectedValid": false,
      "direction": "workToProvider"
    },
    {
      "case": "sdk-closed-9",
      "passed": true,
      "expectedValid": false,
      "direction": "workToProvider"
    },
    {
      "case": "sdk-no-minor-zero-hello",
      "passed": true,
      "expectedValid": false,
      "direction": null
    },
    {
      "case": "scope-no-minor-one-hello",
      "passed": true,
      "expectedValid": false,
      "direction": null
    },
    {
      "case": "sdk-mandatory-hello-wire.contexts",
      "passed": true,
      "expectedValid": false,
      "direction": null
    },
    {
      "case": "sdk-mandatory-hello-wire.sdkresults",
      "passed": true,
      "expectedValid": false,
      "direction": null
    },
    {
      "case": "sdk-mandatory-hello-wire.scopedeffects",
      "passed": true,
      "expectedValid": false,
      "direction": null
    },
    {
      "case": "sdk-mandatory-hello-wire.scopevalidation",
      "passed": true,
      "expectedValid": false,
      "direction": null
    },
    {
      "case": "sdk-no-minor-zero-accepted",
      "passed": true,
      "expectedValid": false,
      "direction": null
    },
    {
      "case": "scope-no-minor-one-accepted",
      "passed": true,
      "expectedValid": false,
      "direction": null
    },
    {
      "case": "sdk-mandatory-accepted-wire.contexts",
      "passed": true,
      "expectedValid": false,
      "direction": null
    },
    {
      "case": "sdk-mandatory-accepted-wire.sdkresults",
      "passed": true,
      "expectedValid": false,
      "direction": null
    },
    {
      "case": "sdk-mandatory-accepted-wire.scopedeffects",
      "passed": true,
      "expectedValid": false,
      "direction": null
    },
    {
      "case": "sdk-mandatory-accepted-wire.scopevalidation",
      "passed": true,
      "expectedValid": false,
      "direction": null
    },
    {
      "case": "sdk-invalid-effect-limit-0",
      "passed": true,
      "expectedValid": false,
      "direction": null
    },
    {
      "case": "sdk-invalid-effect-limit-4097",
      "passed": true,
      "expectedValid": false,
      "direction": null
    },
    {
      "case": "sdk-invalid-effect-limit-1.5",
      "passed": true,
      "expectedValid": false,
      "direction": null
    }
  ]
}
test_bytes_aggregate_across_contexts (__main__.Design.test_bytes_aggregate_across_contexts) ... ok
test_caller_identity_not_inherited (__main__.Design.test_caller_identity_not_inherited) ... ok
test_cancel_descendants_not_unrelated (__main__.Design.test_cancel_descendants_not_unrelated) ... ok
test_capacity_exhaustion_not_queued_deadlock (__main__.Design.test_capacity_exhaustion_not_queued_deadlock) ... ok
test_child_budget_charged_at_admission (__main__.Design.test_child_budget_charged_at_admission) ... ok
test_claimed_parent_and_caller_rejected (__main__.Design.test_claimed_parent_and_caller_rejected) ... ok
test_consumer_grant_does_not_authorize_provider (__main__.Design.test_consumer_grant_does_not_authorize_provider) ... ok
test_descriptor_offer_success_then_replay (__main__.Design.test_descriptor_offer_success_then_replay) ... ok
test_descriptor_offer_swap_extra_and_truncation (__main__.Design.test_descriptor_offer_swap_extra_and_truncation) ... ok
test_endpoint_cannot_be_retargeted_by_header (__main__.Design.test_endpoint_cannot_be_retargeted_by_header) ... ok
test_expired_a_not_renewed_by_live_b (__main__.Design.test_expired_a_not_renewed_by_live_b) ... ok
test_expired_pending_offer_retains_slot_until_consumed (__main__.Design.test_expired_pending_offer_retains_slot_until_consumed) ... ok
test_foreign_offer_ack_cannot_cancel_victims_context (__main__.Design.test_foreign_offer_ack_cannot_cancel_victims_context) ... ok
test_foreign_scoped_handle_rejected (__main__.Design.test_foreign_scoped_handle_rejected) ... ok
test_frame_budget_and_exactly_once_release (__main__.Design.test_frame_budget_and_exactly_once_release) ... ok
test_lifecycle_reserved_capacity (__main__.Design.test_lifecycle_reserved_capacity) ... ok
test_max_depth (__main__.Design.test_max_depth) ... ok
test_nested_reserve_survives_ordinary_saturation (__main__.Design.test_nested_reserve_survives_ordinary_saturation) ... ok
test_offer_timeout_releases_slot (__main__.Design.test_offer_timeout_releases_slot) ... ok
test_one_offer_per_context (__main__.Design.test_one_offer_per_context) ... ok
test_overlap_and_independent_deadlines (__main__.Design.test_overlap_and_independent_deadlines) ... ok
test_process_failure_shared_not_per_call_isolation (__main__.Design.test_process_failure_shared_not_per_call_isolation) ... ok
test_queue_bound (__main__.Design.test_queue_bound) ... ok
test_queue_fifo_and_original_deadline (__main__.Design.test_queue_fifo_and_original_deadline) ... ok
test_restart_does_not_rebind_old_endpoint (__main__.Design.test_restart_does_not_rebind_old_endpoint) ... ok
test_revocation_before_delivery_cascades (__main__.Design.test_revocation_before_delivery_cascades) ... ok
test_shared_process_valid_other_capability_is_not_intent_proof (__main__.Design.test_shared_process_valid_other_capability_is_not_intent_proof) ... ok
test_state_is_shared_not_replicated (__main__.Design.test_state_is_shared_not_replicated) ... ok
test_successful_a_b_a_reentry (__main__.Design.test_successful_a_b_a_reentry) ... ok
test_unconsumed_offer_fails_shared_session_at_hard_timeout (__main__.Design.test_unconsumed_offer_fails_shared_session_at_hard_timeout) ... ok

----------------------------------------------------------------------
Ran 30 tests in 0.002s

OK
G6 R2 DESIGN MODEL ONLY; runtime qualification=False; tests=30

> alica-v2@0.0.0 build:g6-native
> python3 tools/build-g6-native.py

{
  "level": "NATIVE-BUILD-ONLY",
  "runtimeQualification": false,
  "compiler": "0.15.2",
  "compilerArchiveSha256": "02aa270f183da276e5b5920b1dac44a63f1a49e55050ebde3aecc9eb82f93239",
  "compilerExecutableSha256": "2858dc89dbbfdd08cceda1b841e7fd0a793a1a67b49f150bc3d0d1de44ed7f51",
  "artifacts": {
    "bridge.node": "7bb4d660d72986ad6feeb851100ce262d994db1034f2d6b41460bf578b533951",
    "launcher": "a493f78a308f49c23dd192ac8d501c727f37032794b988e6a695397ca57ee8e6"
  }
}

> alica-v2@0.0.0 test:g6-native
> node --experimental-vm-modules --test tests/ipc/*.test.mjs

✔ session qualification permissions are exact and do not leak to adjacent tests or SDK (16.471497ms)
✔ isolation regressions retain exact private importer-target permissions (7.835376ms)
✔ private component tests can import only their enumerated runtime modules (1.406548ms)
✔ component exceptions do not authorize private Host, Trust or transport imports (5.18625ms)
✔ adjacent tests and plugin packages cannot inherit component exceptions (3.012378ms)
✔ scope qualification permissions remain exact importer-target pairs (1.953617ms)
✔ scheduler and reap exceptions do not widen external dependency permissions (1.170563ms)
(node:202565) ExperimentalWarning: VM Modules is an experimental feature and might change at any time
(Use `node --trace-warnings ...` to show where the warning was created)
✔ unchanged public KernelContext consumer: inproc signed factory (1197.636482ms)
✔ unchanged public KernelContext consumer: ipc signed factory (4792.187555ms)
✔ IPC execution requires explicit signed publisher execution-mode authorization (16.493839ms)
✔ real Host IPC rejects delayed continuations rather than opening replacement tasks (1622.320182ms)
✔ signed real Host IPC package cannot read operator files, write or spawn (679.650618ms)
✔ pre-offer phase 3 DEADLINE_EXCEEDED preserves the real session and releases admission (1195.424659ms)
✔ pre-offer phase 4 DEADLINE_EXCEEDED preserves the real session and releases admission (1186.885202ms)
✔ pre-offer phase 4 PERMISSION_DENIED preserves the real session and releases admission (1152.179952ms)
✔ worker deadline abort does not close a broker-live work socket (1138.132539ms)
✔ reply after observed broker closure is endpoint-local, not physical EPIPE failure (1102.254131ms)
✔ scope-check write racing broker closure rejects locally and preserves sibling (1129.165227ms)
✔ unexpected worker EOF on broker-live work still fails the physical session (1094.131588ms)
✔ effect-release write racing broker closure still fails the real worker (1160.132166ms)
✔ cancelled read-only scope observation retires only its RPC (2.648825ms)
✔ synchronous scope observation timeout is local, malformed response remains fatal (1.101623ms)
✔ unanswered SDK mutation and effect-release remain fail-closed on endpoint abort (0.618895ms)
✔ owned descriptors close exactly once and do not follow FD reuse (2.065046ms)
✔ sealed capsule resists write and close leaves no owned FD (0.53073ms)
✔ native atomic carrier preserves payload and unique endpoint; closure releases all handles (1.005082ms)
✔ native receive rejects a packet without ancillary rights (0.258626ms)
✔ native rejection closes received kernel FDs: file (36.613872ms)
✔ native rejection closes received kernel FDs: extra (40.444882ms)
✔ native rejection closes received kernel FDs: truncated (41.226573ms)
✔ native rejection closes received kernel FDs: oversize (35.696817ms)
✔ disconnected socket write fails without SIGPIPE termination (0.84523ms)
✔ actual launched PID plus final Node sandbox: reads, writes, symlinks, socket/exec/inspection/signal denial (63.550153ms)
✔ post-seal FD handover supports two overlapping contexts with one shared state (61.444921ms)
✔ pidfd terminates and observes an uncooperative sealed Node process (62.967016ms)
(node:202621) ExperimentalWarning: VM Modules is an experimental feature and might change at any time
(Use `node --trace-warnings ...` to show where the warning was created)
✔ buffered event grant invalidation preserves healthy siblings: inproc (357.582163ms)
✔ buffered event scope invalidation preserves healthy siblings: inproc (353.982428ms)
✔ buffered event grant invalidation preserves healthy siblings: ipc (1214.55392ms)
✔ buffered event scope invalidation preserves healthy siblings: ipc (1419.726531ms)
✔ production streams metadata credit and buffered grant revocation: inproc (252.374445ms)
ℹ sameSourceSHA256=7d454da3a88c06f0b991c265c04694d989093681c0a3f454e5843acfebcdb8ba
✔ production stream stall and schema error retain first terminal: inproc (302.555842ms)
✔ production overload bounds active and queued callbacks: inproc (267.411834ms)
ℹ sameSourceSHA256=93684641f1853e6bc80d33776ded76658262f3d044441a349bca49c7ebdf1fed
✔ registered acquisition rollback races scope closure without duplicate cleanup: inproc (250.305604ms)
✔ registered acquisition timeout rolls back exactly once: inproc (1768.116192ms)
✔ production streams metadata credit and buffered grant revocation: ipc (928.742607ms)
ℹ sameSourceSHA256=7d454da3a88c06f0b991c265c04694d989093681c0a3f454e5843acfebcdb8ba
✔ production stream stall and schema error retain first terminal: ipc (965.783876ms)
✔ production overload bounds active and queued callbacks: ipc (1249.928152ms)
ℹ sameSourceSHA256=93684641f1853e6bc80d33776ded76658262f3d044441a349bca49c7ebdf1fed
✔ registered acquisition rollback races scope closure without duplicate cleanup: ipc (1001.838449ms)
✔ registered acquisition timeout rolls back exactly once: ipc (2535.175969ms)
(node:202784) ExperimentalWarning: VM Modules is an experimental feature and might change at any time
(Use `node --trace-warnings ...` to show where the warning was created)
✔ same-source matrix consumer inproc: ancestry, authority and live sibling independence (1332.418879ms)
ℹ {"consumerSHA256":"6eebc4e3204c8f3d37fc0695b922e5d231588a3aabbc799149817d6f9b1dbefb","providerASHA256":"9746fbf0ad5898e51a35a6209e80d09aedbe2126817a97da831192fc9244449d","providerBSHA256":"a82f9788b6336be98163ce077838f99a7e2a60bad4c58fc78054f110a62a9179"}
✖ same-source matrix consumer ipc: ancestry, authority and live sibling independence (3916.064706ms)
ℹ {"consumerSHA256":"6eebc4e3204c8f3d37fc0695b922e5d231588a3aabbc799149817d6f9b1dbefb","providerASHA256":"9746fbf0ad5898e51a35a6209e80d09aedbe2126817a97da831192fc9244449d","providerBSHA256":"a82f9788b6336be98163ce077838f99a7e2a60bad4c58fc78054f110a62a9179"}
✔ observed exit returns the actual receipt, without timeout side effects (22.178056ms)
✔ unobserved reap rejects within a bound and does not release quarantine (21.786279ms)
✔ late exit cannot change the first rejected observation (10.376597ms)
✔ independent observation clocks do not inherit sibling timeout (29.64062ms)
✔ ordinary overlap, FIFO roots and reserved nested/lifecycle admission (7.542204ms)
✔ actual queued timeout retains original clock and never dispatches (21.722208ms)
✔ selected absolute cleanup deadline caps queue, offer and nested handover (33.102615ms)
✔ fractional scheduler timers never reject queued work before the selected end (227.058858ms)
✔ A to B to A ancestry succeeds; parent cancellation does not affect sibling (1.204828ms)
✔ depth eight succeeds, nine rejects immediately (1.029036ms)
✔ expired unconsumed offer retains slot/bytes; foreign ACK cannot release it (0.737658ms)
✔ hard offer expiry quarantines until physical reap, not logical failure (1100.907424ms)
✔ queued authorization is rechecked; rejected head cannot block following work (1.347547ms)
✔ pre-abort and shared byte exhaustion leave no partial admission (1.458255ms)
(node:202845) ExperimentalWarning: VM Modules is an experimental feature and might change at any time
(Use `node --trace-warnings ...` to show where the warning was created)
✔ overlapping inline cleanup preserves sibling causality: inproc (303.714665ms)
✔ child-context log retains child scope: inproc (132.024115ms)
✔ zero-cleanup acquisition rechecks closed child scope: inproc (199.199009ms)
✔ overlapping inline cleanup preserves sibling causality: ipc (1133.207963ms)
✔ child-context log retains child scope: ipc (833.956408ms)
✔ zero-cleanup acquisition rechecks closed child scope: ipc (1039.324889ms)
(node:202877) ExperimentalWarning: VM Modules is an experimental feature and might change at any time
(Use `node --trace-warnings ...` to show where the warning was created)
✔ scope-check is read-only even with the real Host effect budget exhausted (1171.837012ms)
✔ live Host authority rejects stale/foreign scopes and replay without changing the held endpoint (968.701203ms)
✔ closed-child preflight prevents acquisition without creating a resource (820.693872ms)
✔ completion rejection rolls back already scope-selected cleanup without redispatch (1032.377757ms)
✔ real simultaneous siblings cleanup uses distinct authenticated descriptors (1054.531542ms)
✔ real simultaneous nested cleanup uses distinct authenticated descriptors (1111.971999ms)
✔ first-selected cleanup coalesces releases from another actual live endpoint (1086.199268ms)
✔ bounded cleanup capacity fails before descriptor dispatch and leaves no reservation (1216.259669ms)
✔ real native worker rejects duplicate-cleanup on an already claimed cleanup descriptor (1374.60473ms)
✔ real native worker rejects wrong-dispatch-role on an already claimed cleanup descriptor (1375.372087ms)
✔ cancelling an unanswered effect-release closes descendants and fails the shared session (1372.339042ms)
✔ ordinary cancellation without an unanswered SDK mutation preserves unrelated work (1017.915824ms)
✔ minor2 closed scoped log: exact fields, integers, directions (8.030391ms)
✔ minor2 closed scoped scope-check: exact fields, integers, directions (2.640058ms)
✔ minor2 mandatory negotiation in hello (2.645588ms)
✔ minor2 mandatory negotiation in accepted (6.661487ms)
✔ cleanup can precede registration reply; binding remains one-to-one (3.054869ms)
✔ registration reply may precede cleanup; callback reuse/foreign binding fails (0.454416ms)
✔ completed effects remain charged; definite rejection releases only unbound reservation (0.460938ms)
✔ cleanup first error is cached, including throwing undefined (0.458784ms)
✔ cleanup deadline wins over late success and fails the physical session once (10.045575ms)
✔ registerCleanup returns void; synchronous rejection stops acquisition (0.89287ms)
✔ failed acquisition closes registration before reverse rollback awaits (0.60516ms)
✔ uncertain registration retains callback charge, fails session and never retries (0.567888ms)
✔ pending publication accepts zero/multiple but never substitutes ack (1.379807ms)
✔ wrong endpoint and wrong effect cannot settle pending operations (0.85534ms)
✔ RPC IDs are never reused across endpoints and retired replies remain endpoint-bound (0.460827ms)
✔ 64 pending requests shared across endpoints reject before send (2.53494ms)
✔ synchronous pending RPC pumps until actual reply, not a Promise surrogate (2.692728ms)
✔ broker registrations consume the same Host-owned lifetime effect ledger (1.014749ms)
(node:202911) ExperimentalWarning: VM Modules is an experimental feature and might change at any time
(Use `node --trace-warnings ...` to show where the warning was created)
✔ real Host package admission rejects invalid signature, forged publisher and descriptor bytes without a launch (769.336342ms)
✔ native queued cleanup keeps its selected deadline and never dispatches expired callback (1012.44209ms)
ℹ {"dispatched":[{"scope":"9dffa6fb-cf5a-43ea-a524-1a2d41335d6c","at":1817.872607,"remainingMs":981}],"identity":{"runtimeDigest":"sha256:7fde7b8afa198da66257f42ee2001d874c7355631e6d1579a5fb5ef1f246df4c","bridgeDigest":"sha256:7bb4d660d72986ad6feeb851100ce262d994db1034f2d6b41460bf578b533951","launcherDigest":"sha256:a493f78a308f49c23dd192ac8d501c727f37032794b988e6a695397ca57ee8e6","workerDigest":"sha256:773a0b091486adea4a6102b84975f582fa3358a3180cd016b0057904ac577c26"},"report":{"completedDisposers":2,"failedDisposers":["DEADLINE_EXCEEDED"],"restartRequired":true,"state":"FAILED","timedOutResources":1}}
✔ real authenticated session rejects forged-name and preserves victim (1194.820025ms)
ℹ {"receipt":{"pid":202968,"code":1,"signal":null,"elapsedMs":472.4530639999998},"victim":{"pid":202957,"rssKiB":70788,"childFDObservation":"not measured: production victim has no diagnostic dispatcher; required FD counts are measured on sealed qualification children","brokerFDs":25,"managed":3},"brokerAlive":202911}
✔ real authenticated session rejects forged-digest and preserves victim (1194.95885ms)
ℹ {"receipt":{"pid":202991,"code":1,"signal":null,"elapsedMs":468.63365499999964},"victim":{"pid":202977,"rssKiB":70400,"childFDObservation":"not measured: production victim has no diagnostic dispatcher; required FD counts are measured on sealed qualification children","brokerFDs":25,"managed":3},"brokerAlive":202911}
✔ real authenticated session rejects hello-contract-digest and preserves victim (1187.954901ms)
ℹ {"receipt":{"pid":203011,"code":1,"signal":null,"elapsedMs":465.1305540000003},"victim":{"pid":202997,"rssKiB":70464,"childFDObservation":"not measured: production victim has no diagnostic dispatcher; required FD counts are measured on sealed qualification children","brokerFDs":25,"managed":3},"brokerAlive":202911}
✔ real authenticated session rejects hello-contract-duplicate and preserves victim (1156.720402ms)
ℹ {"receipt":{"pid":203031,"code":1,"signal":null,"elapsedMs":473.1669690000008},"victim":{"pid":203021,"rssKiB":69960,"childFDObservation":"not measured: production victim has no diagnostic dispatcher; required FD counts are measured on sealed qualification children","brokerFDs":25,"managed":3},"brokerAlive":202911}
✔ real authenticated session rejects forged-publisher and preserves victim (1244.535633ms)
ℹ {"receipt":{"pid":203051,"code":1,"signal":null,"elapsedMs":498.998791},"victim":{"pid":203041,"rssKiB":70744,"childFDObservation":"not measured: production victim has no diagnostic dispatcher; required FD counts are measured on sealed qualification children","brokerFDs":25,"managed":3},"brokerAlive":202911}
✔ real authenticated session rejects stale-challenge and preserves victim (1220.788104ms)
ℹ {"receipt":{"pid":203071,"code":1,"signal":null,"elapsedMs":486.9920980000006},"victim":{"pid":203061,"rssKiB":70748,"childFDObservation":"not measured: production victim has no diagnostic dispatcher; required FD counts are measured on sealed qualification children","brokerFDs":25,"managed":3},"brokerAlive":202911}
✔ real authenticated session rejects stale-generation and preserves victim (1262.169441ms)
ℹ {"receipt":{"pid":203091,"code":1,"signal":null,"elapsedMs":494.55016199999955},"victim":{"pid":203080,"rssKiB":70780,"childFDObservation":"not measured: production victim has no diagnostic dispatcher; required FD counts are measured on sealed qualification children","brokerFDs":25,"managed":3},"brokerAlive":202911}
✔ real launched PID accepts exact package and excludes parent environment sentinel (1173.378097ms)
ℹ {"identity":{"runtimeDigest":"sha256:7fde7b8afa198da66257f42ee2001d874c7355631e6d1579a5fb5ef1f246df4c","bridgeDigest":"sha256:7bb4d660d72986ad6feeb851100ce262d994db1034f2d6b41460bf578b533951","launcherDigest":"sha256:a493f78a308f49c23dd192ac8d501c727f37032794b988e6a695397ca57ee8e6","workerDigest":"sha256:02780ca85d20627b515d01f7c9092342ac2300888cfc6733f37b070944d58fdc"},"observed":{"pid":203111,"rssKiB":65424,"fds":20,"scannedFDLimit":64,"sentinelPresent":false,"childFDObservation":"actual bounded child fstat via native transport","brokerFDs":28,"managed":6}}
ℹ {"receipt":{"pid":203111,"code":1,"signal":null,"elapsedMs":471.3567860000003},"victim":{"pid":203097,"rssKiB":70492,"childFDObservation":"not measured: production victim has no diagnostic dispatcher; required FD counts are measured on sealed qualification children","brokerFDs":25,"managed":3},"brokerAlive":202911}
✔ real wrong OS peer is closed before exact launched PID is authenticated (1287.065356ms)
ℹ {"receipt":{"pid":203129,"code":1,"signal":null,"elapsedMs":543.2264269999996},"victim":{"pid":203117,"rssKiB":70080,"childFDObservation":"not measured: production victim has no diagnostic dispatcher; required FD counts are measured on sealed qualification children","brokerFDs":25,"managed":3},"brokerAlive":202911}
✔ real session exit: bounded failure, reap and independent victim (1218.692367ms)
ℹ {"mode":"exit","elapsedMs":9.554589999999735}
ℹ {"receipt":{"pid":203145,"code":37,"signal":null,"elapsedMs":495.24426200000016},"victim":{"pid":203138,"rssKiB":70376,"childFDObservation":"not measured: production victim has no diagnostic dispatcher; required FD counts are measured on sealed qualification children","brokerFDs":25,"managed":3},"brokerAlive":202911}
✔ real session unresponsive: bounded failure, reap and independent victim (21257.275696ms)
ℹ {"mode":"unresponsive","elapsedMs":19555.163204000004}
ℹ {"receipt":{"pid":203158,"code":null,"signal":"SIGKILL","elapsedMs":20511.109663000003},"victim":{"pid":203151,"rssKiB":70496,"childFDObservation":"not measured: production victim has no diagnostic dispatcher; required FD counts are measured on sealed qualification children","brokerFDs":25,"managed":3},"brokerAlive":202911}
✔ real session heartbeat-stall: bounded failure, reap and independent victim (20739.741678ms)
ℹ {"mode":"heartbeat-stall","elapsedMs":19479.326137000004}
ℹ {"receipt":{"pid":203173,"code":1,"signal":null,"elapsedMs":20011.053868999996},"victim":{"pid":203166,"rssKiB":70500,"childFDObservation":"not measured: production victim has no diagnostic dispatcher; required FD counts are measured on sealed qualification children","brokerFDs":25,"managed":3},"brokerAlive":202911}
✔ real session partial-control: bounded failure, reap and independent victim (3196.721281ms)
ℹ {"mode":"partial-control","elapsedMs":2008.084597000001}
ℹ {"receipt":{"pid":203186,"code":1,"signal":null,"elapsedMs":2466.5323119999957},"victim":{"pid":203179,"rssKiB":70512,"childFDObservation":"not measured: production victim has no diagnostic dispatcher; required FD counts are measured on sealed qualification children","brokerFDs":25,"managed":3},"brokerAlive":202911}
✔ real session malformed-control: bounded failure, reap and independent victim (1249.427514ms)
ℹ {"mode":"malformed-control","elapsedMs":5.744721000002755}
ℹ {"receipt":{"pid":203199,"code":1,"signal":null,"elapsedMs":549.4285690000033},"victim":{"pid":203192,"rssKiB":70780,"childFDObservation":"not measured: production victim has no diagnostic dispatcher; required FD counts are measured on sealed qualification children","brokerFDs":25,"managed":3},"brokerAlive":202911}
✔ real session replayed-control: bounded failure, reap and independent victim (1196.664768ms)
ℹ {"mode":"replayed-control","elapsedMs":6.442565999997896}
ℹ {"receipt":{"pid":203212,"code":1,"signal":null,"elapsedMs":472.1540729999979},"victim":{"pid":203205,"rssKiB":70772,"childFDObservation":"not measured: production victim has no diagnostic dispatcher; required FD counts are measured on sealed qualification children","brokerFDs":25,"managed":3},"brokerAlive":202911}
✔ real session partial-work: bounded failure, reap and independent victim (3207.792155ms)
ℹ {"mode":"partial-work","elapsedMs":2009.9572630000039}
ℹ {"receipt":{"pid":203225,"code":1,"signal":null,"elapsedMs":2490.427276000002},"victim":{"pid":203218,"rssKiB":70360,"childFDObservation":"not measured: production victim has no diagnostic dispatcher; required FD counts are measured on sealed qualification children","brokerFDs":25,"managed":3},"brokerAlive":202911}
✔ real session malformed-work: bounded failure, reap and independent victim (1210.928628ms)
ℹ {"mode":"malformed-work","elapsedMs":6.102614999996149}
ℹ {"receipt":{"pid":203238,"code":1,"signal":null,"elapsedMs":504.198390000005},"victim":{"pid":203231,"rssKiB":70788,"childFDObservation":"not measured: production victim has no diagnostic dispatcher; required FD counts are measured on sealed qualification children","brokerFDs":25,"managed":3},"brokerAlive":202911}
✔ real session retargeted-work: bounded failure, reap and independent victim (1182.454311ms)
ℹ {"mode":"retargeted-work","elapsedMs":7.260143000006792}
ℹ {"receipt":{"pid":203251,"code":1,"signal":null,"elapsedMs":485.1719240000093},"victim":{"pid":203244,"rssKiB":70540,"childFDObservation":"not measured: production victim has no diagnostic dispatcher; required FD counts are measured on sealed qualification children","brokerFDs":25,"managed":3},"brokerAlive":202911}
✔ real session offer-starvation: bounded failure, reap and independent victim (2209.865283ms)
ℹ {"mode":"offer-starvation","elapsedMs":1002.4023750000051}
ℹ {"receipt":{"pid":203264,"code":1,"signal":null,"elapsedMs":1480.6105119999993},"victim":{"pid":203257,"rssKiB":70632,"childFDObservation":"not measured: production victim has no diagnostic dispatcher; required FD counts are measured on sealed qualification children","brokerFDs":25,"managed":3},"brokerAlive":202911}
✔ real non-reading work socket triggers partial-write deadline and releases charged bytes (3200.432762ms)
ℹ {"socket":{"sendBuffer":212992,"receiveBuffer":212992,"queuedWrite":222720,"queuedRead":0},"wire":{"bytes":900506,"frames":2,"control":0}}
ℹ {"receipt":{"pid":203277,"code":1,"signal":null,"elapsedMs":2516.960680999997},"victim":{"pid":203270,"rssKiB":70056,"childFDObservation":"not measured: production victim has no diagnostic dispatcher; required FD counts are measured on sealed qualification children","brokerFDs":25,"managed":3},"brokerAlive":202911}
✔ real carrier wrong-session: reject transferred rights and preserve victim (1161.783749ms)
ℹ {"receipt":{"pid":203291,"code":1,"signal":null,"elapsedMs":470.1950610000058},"victim":{"pid":203284,"rssKiB":70316,"childFDObservation":"not measured: production victim has no diagnostic dispatcher; required FD counts are measured on sealed qualification children","brokerFDs":25,"managed":3},"brokerAlive":202911}
✔ real carrier wrong-generation: reject transferred rights and preserve victim (1144.057971ms)
ℹ {"receipt":{"pid":203304,"code":1,"signal":null,"elapsedMs":459.4091020000051},"victim":{"pid":203297,"rssKiB":70756,"childFDObservation":"not measured: production victim has no diagnostic dispatcher; required FD counts are measured on sealed qualification children","brokerFDs":25,"managed":3},"brokerAlive":202911}
✔ real carrier wrong-nonce: reject transferred rights and preserve victim (1181.986441ms)
ℹ {"receipt":{"pid":203317,"code":1,"signal":null,"elapsedMs":471.9493039999943},"victim":{"pid":203310,"rssKiB":70612,"childFDObservation":"not measured: production victim has no diagnostic dispatcher; required FD counts are measured on sealed qualification children","brokerFDs":25,"managed":3},"brokerAlive":202911}
✔ real carrier replayed-packet: reject transferred rights and preserve victim (1174.67836ms)
ℹ {"receipt":{"pid":203330,"code":1,"signal":null,"elapsedMs":457.18776400000206},"victim":{"pid":203323,"rssKiB":70316,"childFDObservation":"not measured: production victim has no diagnostic dispatcher; required FD counts are measured on sealed qualification children","brokerFDs":25,"managed":3},"brokerAlive":202911}
✔ real carrier truncated-packet: reject transferred rights and preserve victim (1153.4766ms)
ℹ {"receipt":{"pid":203343,"code":1,"signal":null,"elapsedMs":456.82420100001036},"victim":{"pid":203336,"rssKiB":70368,"childFDObservation":"not measured: production victim has no diagnostic dispatcher; required FD counts are measured on sealed qualification children","brokerFDs":25,"managed":3},"brokerAlive":202911}
✔ real carrier wrong-socket-type: reject transferred rights and preserve victim (1232.670773ms)
ℹ {"receipt":{"pid":203356,"code":1,"signal":null,"elapsedMs":510.9452250000031},"victim":{"pid":203349,"rssKiB":70760,"childFDObservation":"not measured: production victim has no diagnostic dispatcher; required FD counts are measured on sealed qualification children","brokerFDs":25,"managed":3},"brokerAlive":202911}
✔ real carrier multiple-rights: reject transferred rights and preserve victim (1198.961054ms)
ℹ {"receipt":{"pid":203370,"code":1,"signal":null,"elapsedMs":513.2818030000053},"victim":{"pid":203363,"rssKiB":70396,"childFDObservation":"not measured: production victim has no diagnostic dispatcher; required FD counts are measured on sealed qualification children","brokerFDs":25,"managed":3},"brokerAlive":202911}
✔ real carrier no-rights: reject transferred rights and preserve victim (1181.297513ms)
ℹ {"receipt":{"pid":203384,"code":1,"signal":null,"elapsedMs":503.96794599998975},"victim":{"pid":203377,"rssKiB":70744,"childFDObservation":"not measured: production victim has no diagnostic dispatcher; required FD counts are measured on sealed qualification children","brokerFDs":25,"managed":3},"brokerAlive":202911}
✔ real carrier oversized-packet: reject transferred rights and preserve victim (1199.551798ms)
ℹ {"receipt":{"pid":203398,"code":1,"signal":null,"elapsedMs":508.9221600000019},"victim":{"pid":203391,"rssKiB":70592,"childFDObservation":"not measured: production victim has no diagnostic dispatcher; required FD counts are measured on sealed qualification children","brokerFDs":25,"managed":3},"brokerAlive":202911}
✔ real unreaped process remains quarantined and charged until actual exit (3209.517636ms)
ℹ {"quarantineReported":true,"actualExit":{"pid":203412,"code":null,"signal":"SIGKILL","elapsedMs":2528.342100000009}}
✔ production reconnect never replays an in-flight committed mutation (2476.128329ms)
✔ production Host recovery uses 1/2/4/8 backoff without hello-pong budget reset or old-handle rebind (49156.717404ms)
ℹ {"recovery":[{"attempt":1,"delayMs":1182.4458799999993,"pid":203450,"generation":2},{"attempt":2,"delayMs":2175.0556059999944,"pid":203462,"generation":3},{"attempt":3,"delayMs":4181.4967190000025,"pid":203468,"generation":4},{"attempt":4,"delayMs":8181.050818999996,"pid":203474,"generation":5}]}
✔ production unload cancels queued reconnect before a replacement can launch (2097.962362ms)
✔ Host never reports DISPOSED while its actual worker remains unreaped (2118.111916ms)
✔ real session sustained queued work: bounded descriptors, RSS and released retired contexts (3709.92584ms)
ℹ {"before":{"pid":203502,"rssKiB":65460,"fds":20,"scannedFDLimit":64,"sentinelPresent":false,"childFDObservation":"actual bounded child fstat via native transport","brokerFDs":28,"managed":6},"samples":[{"pid":203502,"rssKiB":65464,"fds":23,"scannedFDLimit":64,"sentinelPresent":false,"childFDObservation":"actual bounded child fstat via native transport","brokerFDs":32,"managed":10,"socket":{"sendBuffer":212992,"receiveBuffer":212992,"queuedWrite":0,"queuedRead":0},"usage":{"ordinary":4,"nested":0,"lifecycle":0,"queued":32,"records":36,"offers":0,"failed":false},"wire":{"bytes":9216,"frames":36,"control":0}},{"pid":203502,"rssKiB":65608,"fds":23,"scannedFDLimit":64,"sentinelPresent":false,"childFDObservation":"actual bounded child fstat via native transport","brokerFDs":32,"managed":10,"socket":{"sendBuffer":212992,"receiveBuffer":212992,"queuedWrite":0,"queuedRead":0},"usage":{"ordinary":4,"nested":0,"lifecycle":0,"queued":32,"records":36,"offers":0,"failed":false},"wire":{"bytes":9216,"frames":36,"control":0}},{"pid":203502,"rssKiB":67780,"fds":23,"scannedFDLimit":64,"sentinelPresent":false,"childFDObservation":"actual bounded child fstat via native transport","brokerFDs":32,"managed":10,"socket":{"sendBuffer":212992,"receiveBuffer":212992,"queuedWrite":0,"queuedRead":0},"usage":{"ordinary":4,"nested":0,"lifecycle":0,"queued":32,"records":36,"offers":0,"failed":false},"wire":{"bytes":9216,"frames":36,"control":0}},{"pid":203502,"rssKiB":67824,"fds":23,"scannedFDLimit":64,"sentinelPresent":false,"childFDObservation":"actual bounded child fstat via native transport","brokerFDs":32,"managed":10,"socket":{"sendBuffer":212992,"receiveBuffer":212992,"queuedWrite":0,"queuedRead":0},"usage":{"ordinary":4,"nested":0,"lifecycle":0,"queued":32,"records":36,"offers":0,"failed":false},"wire":{"bytes":9216,"frames":36,"control":0}},{"pid":203502,"rssKiB":70212,"fds":23,"scannedFDLimit":64,"sentinelPresent":false,"childFDObservation":"actual bounded child fstat via native transport","brokerFDs":32,"managed":10,"socket":{"sendBuffer":212992,"receiveBuffer":212992,"queuedWrite":0,"queuedRead":0},"usage":{"ordinary":4,"nested":0,"lifecycle":0,"queued":32,"records":36,"offers":0,"failed":false},"wire":{"bytes":9216,"frames":36,"control":0}},{"pid":203502,"rssKiB":70212,"fds":23,"scannedFDLimit":64,"sentinelPresent":false,"childFDObservation":"actual bounded child fstat via native transport","brokerFDs":32,"managed":10,"socket":{"sendBuffer":212992,"receiveBuffer":212992,"queuedWrite":0,"queuedRead":0},"usage":{"ordinary":4,"nested":0,"lifecycle":0,"queued":32,"records":36,"offers":0,"failed":false},"wire":{"bytes":9216,"frames":36,"control":0}},{"pid":203502,"rssKiB":70216,"fds":23,"scannedFDLimit":64,"sentinelPresent":false,"childFDObservation":"actual bounded child fstat via native transport","brokerFDs":32,"managed":10,"socket":{"sendBuffer":212992,"receiveBuffer":212992,"queuedWrite":0,"queuedRead":0},"usage":{"ordinary":4,"nested":0,"lifecycle":0,"queued":32,"records":36,"offers":0,"failed":false},"wire":{"bytes":9216,"frames":36,"control":0}},{"pid":203502,"rssKiB":70216,"fds":23,"scannedFDLimit":64,"sentinelPresent":false,"childFDObservation":"actual bounded child fstat via native transport","brokerFDs":32,"managed":10,"socket":{"sendBuffer":212992,"receiveBuffer":212992,"queuedWrite":0,"queuedRead":0},"usage":{"ordinary":4,"nested":0,"lifecycle":0,"queued":32,"records":36,"offers":0,"failed":false},"wire":{"bytes":9216,"frames":36,"control":0}},{"pid":203502,"rssKiB":70228,"fds":23,"scannedFDLimit":64,"sentinelPresent":false,"childFDObservation":"actual bounded child fstat via native transport","brokerFDs":32,"managed":10,"socket":{"sendBuffer":212992,"receiveBuffer":212992,"queuedWrite":0,"queuedRead":0},"usage":{"ordinary":4,"nested":0,"lifecycle":0,"queued":32,"records":36,"offers":0,"failed":false},"wire":{"bytes":9216,"frames":36,"control":0}},{"pid":203502,"rssKiB":70228,"fds":23,"scannedFDLimit":64,"sentinelPresent":false,"childFDObservation":"actual bounded child fstat via native transport","brokerFDs":32,"managed":10,"socket":{"sendBuffer":212992,"receiveBuffer":212992,"queuedWrite":0,"queuedRead":0},"usage":{"ordinary":4,"nested":0,"lifecycle":0,"queued":32,"records":36,"offers":0,"failed":false},"wire":{"bytes":9216,"frames":36,"control":0}},{"pid":203502,"rssKiB":70228,"fds":23,"scannedFDLimit":64,"sentinelPresent":false,"childFDObservation":"actual bounded child fstat via native transport","brokerFDs":32,"managed":10,"socket":{"sendBuffer":212992,"receiveBuffer":212992,"queuedWrite":0,"queuedRead":0},"usage":{"ordinary":4,"nested":0,"lifecycle":0,"queued":32,"records":36,"offers":0,"failed":false},"wire":{"bytes":9216,"frames":36,"control":0}},{"pid":203502,"rssKiB":70228,"fds":23,"scannedFDLimit":64,"sentinelPresent":false,"childFDObservation":"actual bounded child fstat via native transport","brokerFDs":32,"managed":10,"socket":{"sendBuffer":212992,"receiveBuffer":212992,"queuedWrite":0,"queuedRead":0},"usage":{"ordinary":4,"nested":0,"lifecycle":0,"queued":32,"records":36,"offers":0,"failed":false},"wire":{"bytes":9216,"frames":36,"control":0}}],"after":{"pid":203502,"rssKiB":70228,"fds":20,"scannedFDLimit":64,"sentinelPresent":false,"childFDObservation":"actual bounded child fstat via native transport","brokerFDs":28,"managed":6},"identity":{"runtimeDigest":"sha256:7fde7b8afa198da66257f42ee2001d874c7355631e6d1579a5fb5ef1f246df4c","bridgeDigest":"sha256:7bb4d660d72986ad6feeb851100ce262d994db1034f2d6b41460bf578b533951","launcherDigest":"sha256:a493f78a308f49c23dd192ac8d501c727f37032794b988e6a695397ca57ee8e6","workerDigest":"sha256:02780ca85d20627b515d01f7c9092342ac2300888cfc6733f37b070944d58fdc"}}
ℹ {"receipt":{"pid":203502,"code":1,"signal":null,"elapsedMs":2999.136628999986},"victim":{"pid":203495,"rssKiB":70092,"childFDObservation":"not measured: production victim has no diagnostic dispatcher; required FD counts are measured on sealed qualification children","brokerFDs":25,"managed":3},"brokerAlive":202911}
✔ wire reference agreement and closed envelope/body: hello (38.396047ms)
✔ wire reference agreement and closed envelope/body: accepted (7.284908ms)
✔ wire reference agreement and closed envelope/body: request (5.735783ms)
✔ wire reference agreement and closed envelope/body: response (4.778301ms)
✔ wire reference agreement and closed envelope/body: error (2.951163ms)
✔ wire reference agreement and closed envelope/body: cancel (3.383608ms)
✔ wire reference agreement and closed envelope/body: stream-item (2.792745ms)
✔ wire reference agreement and closed envelope/body: stream-credit (3.364821ms)
✔ wire reference agreement and closed envelope/body: stream-end (4.052146ms)
✔ wire reference agreement and closed envelope/body: event (4.508194ms)
✔ wire reference agreement and closed envelope/body: ping (3.394728ms)
✔ wire reference agreement and closed envelope/body: pong (2.671127ms)
✔ wire reference agreement and closed envelope/body: scope-check (2.725539ms)
✔ wire reference agreement and closed envelope/body: log (3.285494ms)
✔ wire malformed and noncanonical encodings are rejected (0.814181ms)
✔ wire rejects duplicate logical handshake vectors and obsolete feature spelling (3.147131ms)
✔ carrier codec accepts only an exact complete bounded canonical packet (1.856283ms)
✔ pull reader supports every two-part body split and preserves lease ownership (152.58648ms)
✔ reader closes and releases partial assemblies on all framing failures (0.803353ms)
✔ partial deadline is monotonic and applies without new input (0.403218ms)
✔ shared budget enforces frame/byte bounds and independent control reserve (0.54722ms)
✔ endpoint fence rejects retargeting, replay, closed endpoint and sequence wrap (0.623303ms)
ℹ tests 160
ℹ suites 0
ℹ pass 159
ℹ fail 1
ℹ cancelled 0
ℹ skipped 0
ℹ todo 0
ℹ duration_ms 161066.930536

✖ failing tests:

test at tests/ipc/qualification-consumer.test.mjs:195:3
✖ same-source matrix consumer ipc: ancestry, authority and live sibling independence (3916.064706ms)
  [AssertionError [ERR_ASSERTION]: Expected values to be strictly deep-equal:
  + actual - expected
  
    Comparison {
  +   code: 'UNAVAILABLE'
  -   code: 'PERMISSION_DENIED'
    }
  ] {
    generatedMessage: true,
    code: 'ERR_ASSERTION',
    actual: AcapError: UNAVAILABLE
        at ContractSession.call (file:///home/alica-dev/AlicaV2/packages/acap-contracts/dist/runtime.js:521:19)
        at async waitForActual (node:assert:646:5)
        at async strict.rejects (node:assert:769:25),
    expected: { code: 'PERMISSION_DENIED' },
    operator: 'rejects',
    diff: 'simple'
  }
ffb517a5635b391c13b3f4e4a7a664413899d3a293199b715a3af75a53b744de  tools/g7-supervisor.py
7b6702a7e3a0763a087cf8541985b8fe6d2edea039c267866ae3f519cd42921f  tools/g7-owned-coordinator.py
d2ccb91ec26bd8ff1365803716572636ebb62ef285da6e1618d0ae644df9cae5  tools/g7-stopped-verify.mjs
c5a155880c1f9aac1b755897bd6010c7030d2e49e424f2f7d5d8fce0088dab4b  tests/g7/owned-coordinator-driver.py
88e47a7162487eef7d7c5683992dd890cc10b67edd38c4b051dc0a043fe71bf8  tests/g7/owned-coordinator.test.mjs
d6d1b3e28e8966c99f41343aeb10d2904c987d55e144de409657c28fc8931c35  tests/g7/owned-channel-process.py
8ced07a68b3fe26803fb80d2b13ed44c22ad301c5b8b0add8a36153a4fca933f  tests/g7/owned-coordinator-block.mjs
94397f30f2e46945588076b7d0d17ebb9de4385458f1ed42da3e36933bc94c14  docs/g7/R1-OWNED-COORDINATOR-CHECKPOINT.md
bc656f0fda0d8bc74a3fc6b9b7639bbb3ce09b5f1c1e99db83d823fd674d40e8  docs/g7/R1-OWNED-COORDINATOR-EXECUTION.md
