{
  "head": "d9f0c026790a525d606e7d2e9a2687d52039c444",
  "status": " M docs/g7/CONTRACT-REVIEW-R1.md\n M docs/g7/draft/contracts.schema.json\n M docs/gates/G7.md\n M tests/foundation/foundation.test.mjs\n M tests/g7/test_contract_model.py\n M tools/check-boundaries.mjs\n M tools/g7-contract-model.py\n M tools/g7-supervisor.py\n?? G6-APPROVED-IMPLEMENTATION-STATUS.md\n?? G6-CORRECTION-BASELINE.json\n?? G6-CORRECTION-FIX-BASELINE.json\n?? G6-CORRECTION-FIX-STATUS.md\n?? G6-CORRECTION-FIX-TRANSFER.json\n?? G6-CORRECTION-STATUS.md\n?? G6-CORRECTION-TRANSFER.json\n?? G6-FULL-QUALIFICATION-BASELINE.json\n?? G6-FULL-QUALIFICATION-STATUS.md\n?? G6-FULL-QUALIFICATION-TRANSFER.json\n?? G6-HOST-INTEGRATION-STATUS.md\n?? G6-IMPLEMENTATION-TRANSFER.json\n?? G6-ISOLATION-BASELINE.json\n?? G6-ISOLATION-STATUS.md\n?? G6-ISOLATION-TRANSFER.json\n?? G6-PRODUCTION-CLOSURE-BASELINE.json\n?? G6-PRODUCTION-CLOSURE-STATUS.md\n?? G6-PRODUCTION-CLOSURE-TRANSFER.json\n?? docs/g7/R1-ADMIN-AMENDMENT-CHECKPOINT.md\n?? docs/g7/R1-ADMIN-OWNER-APPROVAL.md\n?? evidence/g6-runtime/correction-fix-local-syntax.log\n?? evidence/g6-runtime/correction-fix-parent-run.log\n?? evidence/g6-runtime/correction-local-syntax.log\n?? evidence/g6-runtime/correction-parent-run.log\n?? evidence/g6-runtime/final-isolation-repeat.log\n?? evidence/g6-runtime/full-qualification-first-target.log\n?? evidence/g6-runtime/full-qualification-local-check.log\n?? evidence/g6-runtime/isolation-diagnostic-repeat.log\n?? evidence/g6-runtime/isolation-diagnostic-trace.log\n?? evidence/g6-runtime/isolation-open-diagnostic.log\n?? evidence/g6-runtime/isolation-regressions-and-repeat.log\n?? evidence/g6-runtime/isolation-target.log\n?? evidence/g6-runtime/parent-components.log\n?? evidence/g6-runtime/post-regression-process-check.json\n?? evidence/g6-runtime/pre-isolation-full-ipc.log\n?? evidence/g6-runtime/pre-isolation-regressions.log\n?? evidence/g6-runtime/production-closure-diagnostic-2.log\n?? evidence/g6-runtime/production-closure-runtime-target.log\n?? evidence/g6-runtime/production-closure-target.log\n?? evidence/g6-runtime/publication-check.log\n?? evidence/g6-runtime/restart-check.log\n?? evidence/g6-runtime/restart-preserved.tar.gz\n?? evidence/g6-runtime/runtime-build.log\n?? evidence/g6-runtime/scheduler-test.log\n?? evidence/g7/admin-amendment-process/\n?? tests/g7/admin-amendment.test.mjs\n?? tests/g7/admin-boundary.mjs\n?? tools/g7-admin.mjs\n",
  "files": {
    ".github/workflows/foundation.yml": "23a8b7e8c986d07d631e4339e8e63729f94f76badbaf47d7c4bb8353f5feb5d4",
    ".gitignore": "55bc7d09a24979cc2c6e0425d4d9a9488c2de50506b4d06d9efe2de346bba80e",
    ".node-version": "73fb1b615e2043a933be1c0895cde4358036acc28d785692509b822aa53c761f",
    ".npmrc": "ae68fbe13277326dfb23cacb4ac2ab466e46ceb6d0a025e677e491b06c1ddf8b",
    ".prettierignore": "90c6a450eaf8382582df0185fb26cc9bd33a8be9dfab4f3b85bdb144f3299ad9",
    ".prettierrc.json": "0b9202c996f8dd36f8147e37e99108aa134eed99db3c4a7b920ef48a68a6db42",
    "CONTRIBUTING.md": "c4e4165d6f1ac2706f111ad0e648d70be75f857c029b7c670e2bab11c3c5ff17",
    "G6-APPROVED-IMPLEMENTATION-STATUS.md": "d8949836b84ccea6d66904cb5005861b37a5416bbbf4d2e34ad75d470cff0573",
    "G6-CORRECTION-BASELINE.json": "8a0a370d589f3d8cb9607ec550dbb8e6e052e44751ab1e173f19ddc2fafb5ce5",
    "G6-CORRECTION-FIX-BASELINE.json": "47e79a2d9fe9a5d27034bb8e8c53fa64c6c30f4bf99dc770f8596add7b6405ff",
    "G6-CORRECTION-FIX-STATUS.md": "21e2276b414703c08f047fd1a38dc23528133216b51b161cb2481ab85953187b",
    "G6-CORRECTION-FIX-TRANSFER.json": "6a97c81ea8134bfb21c6b2ffa1f9cb04ce5ef5e6effe9a87d1da4c1c97c2c15c",
    "G6-CORRECTION-STATUS.md": "213b4719e49c423a97a9cd40c664bf0f441cfa27e88dedb511ecc282f929b683",
    "G6-CORRECTION-TRANSFER.json": "ea6a2b5300de7d247676b3547ebe3bd2e8888371e0c0967cffd5aaac228d519d",
    "G6-FULL-QUALIFICATION-BASELINE.json": "2677cf4c75f34651e0e497534925b1dbe20efb51087da0c87c9f49613bb2cc8f",
    "G6-FULL-QUALIFICATION-STATUS.md": "86c3431d1d53ae7d9d6fee5f24193dd651d91efbf52cf23c44bb5a7542851f86",
    "G6-FULL-QUALIFICATION-TRANSFER.json": "111a4f7086c18be09e7dec93662ccb6f1f3a3b8ea8fa500d2a0d13e6a261350d",
    "G6-HOST-INTEGRATION-STATUS.md": "346ccce97240b4671ce4ea7fa8c1fe775000fa020b1a52809a4c807293c44664",
    "G6-IMPLEMENTATION-TRANSFER.json": "d2bd7e1b819faa0bc2d54138c13751b189fd304a38bc00f4d1efcb53584267b0",
    "G6-ISOLATION-BASELINE.json": "e3ad49da42870628367fa248d149151ba7118c566c6b566c3045a4aae67a7486",
    "G6-ISOLATION-STATUS.md": "b99d158aee6155c7f0f1450f376a874a445845b70b16e76f70bdaba8be2dbe25",
    "G6-ISOLATION-TRANSFER.json": "60c86ec91ae1c10e780e9e55b750ca013c53943526a8e9c8e34d473a8199668f",
    "G6-PRODUCTION-CLOSURE-BASELINE.json": "d1bb3d297d875f4fcc9817100553e7e43696d597ec401010dfae9a64d849b0e6",
    "G6-PRODUCTION-CLOSURE-STATUS.md": "8bfab544397b8c7b3a4bed374cecd5948ccf736d87ec6759b99038747ce66dac",
    "G6-PRODUCTION-CLOSURE-TRANSFER.json": "4638b5693832fb088a4381efea5d6e8da1054bda0fac8cc47d23b4961e8116b1",
    "G7-PARENT-NOTES.md": "5c3a192189ff326a951fa1a737c17960316fa375524ed87558161eca5f1c8c7f",
    "README.md": "1ae493c15fd03c9fa1313df80c2357cceeae57e6f7642957dca1a923f109b3c2",
    "SECURITY.md": "eb9bff54b37ee03fd0147ebf946e614c2ad584bfb6724c6f04ac00ea8e24410d",
    "api/plugin-sdk.d.ts": "a93b453ab160f581ab68680cbbc36a53b3ee35447a59eab0c1550098ab74aa85",
    "api/testkit.d.ts": "16f5da08e7597e50990541bb42600e44508a98708319fa28c6a3ecd13de4d0b4",
    "docs/adr/ADR-001.md": "83014b2a2f035c3434e450ae36ab7b2eaf9f23e510dc444ef9bfb597cefce55e",
    "docs/adr/ADR-002.md": "496ae7e80bd95a5bbbd0ec430a366e5aa852b60d2bad4140394cb5b1713456a2",
    "docs/adr/ADR-003.md": "b6278358f887f962c3832564aa316e14c194072996fb7648f09ccd5d67c37c60",
    "docs/adr/ADR-004.md": "1d4276c183fabdd7cc3df91aea67ace6e4b7eaa921b904b63b5643f94ab451b6",
    "docs/adr/ADR-005.md": "699a6b99bba478627988ad691831076ebb7b4a5bd3ea7b825d17fe7855fd4f33",
    "docs/adr/ADR-006.md": "0369ac6332e84624c73e8e53cf082ae783da8108956391dc4b684840f28c670b",
    "docs/adr/ADR-007.md": "7ca7627d3bac6c63593f1c7b2c399eb4c306a4dccbd8624d3c6fec5d4d3ed693",
    "docs/adr/ADR-008.md": "417e3dac019c42c92acc656bfac14ee23ec0e0c043d61893a1b0d3f9bd919ce8",
    "docs/adr/ADR-009.md": "0bc8cb3f39f1856dd43e35752586172d35df28d6a342c408dada3c567a6f5a52",
    "docs/adr/ADR-010.md": "1f87d2bf66c22e386f82872c1cfcada63fea1d362deb9630e0e0c95ee003bda8",
    "docs/adr/ADR-011.md": "b2c9623fd240829bb6a55796f2c8a0eb245aa71db35dd532421197288538fb7d",
    "docs/adr/ADR-012.md": "e5783cfa0b1c92d1f3cf650d6c1f6cab15ce59072bf79ff5e98e2c66ed2a856f",
    "docs/adr/ADR-013.md": "8dd806c402e3d27244f5814b2a9f06ff519ab5000dc7255601a2cd569ce42689",
    "docs/adr/README.md": "873d95c5555a4976e569fda32525ce45c21e06649b3f2a9fb9c6da1749bb2fa5",
    "docs/architecture/THREAT-MODEL.md": "bf42c0616cbb17ca97a29806a21992adcde3202fcb111df06a1f6a6ae261734d",
    "docs/decisions/G0-ACCEPTANCE.md": "42c3f539f249e014c06682e2625436e52a771a2f42e88d685e697bb5056d86d3",
    "docs/decisions/G0-SCOPE-AND-INPUTS.md": "a7aa10084a3b928a797ae889bd473b3c9c5e4f990b95cb9186d30be7ee838cef",
    "docs/decisions/G1-ACCEPTANCE.md": "5136e7def6bb07a2c5644dab08c5af4f137c9fce9df7a2b484cbe77c3f9978ac",
    "docs/decisions/IMPLEMENTATION-AUTHORIZATION.md": "85857de4a108a9e73207e5889b7fba063581994be8e99a0583ef99a4f263a832",
    "docs/development/SETUP.md": "b4cb11b7c8f41f36454e04ea6c421976a261ccc5ee7d9afd4fd72bf8b6f781cd",
    "docs/development/TESTING.md": "5fb96fa1cecd96df675b440bb1c48925530682b712817ef3099ab87b978a3376",
    "docs/g6/CONCURRENCY-REVISION.md": "61df276e27c47cc17312b1ba5f6016a9173272127726a9b9b93b61cce1c22540",
    "docs/g6/CORRECTION-TARGET-RESULTS.md": "e4311b857d53119b3510cf5f02d210070d38908ab6fc787938b1d4d07574370d",
    "docs/g6/FULL-QUALIFICATION-LEDGER.md": "e8ef74a2949b09527d299ac5cc76675517b5f83bf2a0b34b497f10d06f3e27f4",
    "docs/g6/INTEGRATION-EXIT-BLOCKERS.md": "eb27cbf72d442d3daae062fe7e074984f279403efa4436b6f2781849090e08fa",
    "docs/g6/IPC-PROFILE.md": "32bd5b7174e6b3664f80a09f2f42a275714017debc4ee2a097a4a83a5c466d15",
    "docs/g6/QUALIFICATION.md": "392cc4e7dcd0c1b6c3709a146defd56be2ca502551188d4bb4e55cf840c31a0d",
    "docs/g6/SDK-INTEGRATION-GAPS.md": "48470ffbac7bed77347b8bf4ada869d7af6974397ff6d3bdcbc8581728c6fe50",
    "docs/g6/draft/context-offer.example.json": "9a981c6f9172b674d4405e9b256ee6536f071476f9914617cc1f1448972fb1bb",
    "docs/g6/draft/context-offer.schema.json": "bd2815fff4c280cd2a1156dbdaef139a497dcd7e696506361f5c4e5a82556d5c",
    "docs/g6/draft/examples.json": "1e0c25095c17117c5ccf09d25fbb69f6de205e3253ddf91638c4ac9af260d561",
    "docs/g6/draft/frames.schema.json": "4f35cdeee964656dc98ad3177113d095132121b75cc92eb9fba0bd1e6d989af3",
    "docs/g6/draft/native-build.lock.json": "4f92a75dbe08da11bde985fcb1c04b0a1c5b37d34ed0faaed9f0a865ab27f564",
    "docs/g6/review/sdk-wire-v1/ACCEPTANCE.md": "6a37ad18a82eedcf5811a39520b3b0ca04fa0b3634c8949c8c56b75223d9d189",
    "docs/g6/review/sdk-wire-v1/ADDENDUM.md": "31630508ca1d16d1b64554920eacc93bc59e1186262bbfe2833a6cfad3e92fdb",
    "docs/g6/review/sdk-wire-v1/RESULTS.md": "a014f9855d2b478c76dfa8c3c8a8b50fe22d28b04eaa69d8962f87a1ec64e66a",
    "docs/g6/review/sdk-wire-v1/baseline-check.log": "77dd6cd1911de1e3f810753aba8c30edaba890fc045f87cf700eabf0c6a6f285",
    "docs/g6/review/sdk-wire-v1/baseline.sha256.json": "e6d9fb61a29218cba9bb787341fc9be68e060233720bd87e7d202c99d80d991e",
    "docs/g6/review/sdk-wire-v1/build_candidate.py": "4393b427c20781d0a45415d21d0cde6f5f89111286d99a713938865d748a7e66",
    "docs/g6/review/sdk-wire-v1/frames.schema.json": "6beec43c5ddade5fc4165e5e57dc61a9d184388cce6de400404df94dbb7fb857",
    "docs/g6/review/sdk-wire-v1/review-tests.log": "05c4e2995168129b88094b7a9ac0de2776b5b66508c0529974f35cb6babae6a7",
    "docs/g6/review/sdk-wire-v1/review_model.py": "0c6b758ff707047967e0f78242240097d72e355e0863164c09b2268e7190e6c6",
    "docs/g6/review/sdk-wire-v1/test_review.py": "db3234e9f73b671bac39d68952dba48b34a0a9f372be307379427d50aaeb12fb",
    "docs/g7/ACCEPTANCE-MATRIX.md": "53f7617505ee9758247b824c4ee57ef1642b5b27f6410640f2226ae115ea7959",
    "docs/g7/CONTRACT-REVIEW-R1.md": "88c9a61882799d2c1d7303f69692cbf8c665c268585ec43963272df708eeaed7",
    "docs/g7/CUSTODY.md": "23ab80effc48be19e30b1c20c17c97a4925460c83072085486486742e33a1265",
    "docs/g7/DESIGN.md": "b94839ac7532cee71c06a74c765ead46b5620c684a36b64b1b6cb4afe51ed1c5",
    "docs/g7/ENVIRONMENT-PROBES.md": "93fa4353665d4c4f93b3134c2699c91555649e8ed63254acbc9440aa225910cd",
    "docs/g7/PREREQUISITES.md": "9a85e61321d47eed94aeffb3d85b210f6125c1093191109b9b99e6bb56e2d7f6",
    "docs/g7/R1-ADMIN-AMENDMENT-CHECKPOINT.md": "485b9db179a5730ff34891eba10fd343ac0a8ae9775850a79cac63a64482e8a5",
    "docs/g7/R1-ADMIN-OWNER-APPROVAL.md": "97cd905493ebe2b6afcc63da93eb8b876319eefee0aaf428271d2dc2994dd20e",
    "docs/g7/R1-ADMIN-OWNER-DECISION-BRIEF.md": "8a852badef201c6d636ced07c49c2bd00eb42cc4e91ae36ccfffdec50162edfc",
    "docs/g7/R1-CELL-ACTIVATION-CHECKPOINT.md": "8a602a2b95d731be0f81dd85e931c2018600e3dc6e8a58db1c049bc494991468",
    "docs/g7/R1-CELL-ACTIVATION-PARENT-REVIEW.md": "1d40aad5334422a2024a154533186c0440e43dea209e334c714005291676bcdd",
    "docs/g7/R1-CELL-LIFECYCLE-CHECKPOINT.md": "745d60341e5801402dd18f670b2796ad124f2b8d5270fe9f075cc92820d7da0d",
    "docs/g7/R1-CELL-LIFECYCLE-PARENT-EXECUTION.md": "e7179ad79ae84f2f73945b9b35b51bd642940980c211446533290e3161f5643e",
    "docs/g7/R1-CELL-LIFECYCLE-PARENT-REVIEW.md": "e401290c0ce817467260e149cb950a44555a76d12220cafc314eef6cb122ecac",
    "docs/g7/R1-CELL-PREPARATION-CHECKPOINT.md": "cada616d5f702fcfe723f0e70b70e39728fbaefb5305d018170e117e538330d7",
    "docs/g7/R1-CELL-PREPARATION-PARENT-REVIEW.md": "f19a57d51c19fccfa43768e2e28ff281c400fdccefd1727825b380863fb7ad94",
    "docs/g7/R1-CLEAN-START-CHECKPOINT.md": "b732a3f8481841298b681e5a66c0aff78335cbf5a6e756e969a3b090726167b7",
    "docs/g7/R1-CLEAN-START-EXECUTION.md": "4535a6255b9564005048a944c436157ec8decd0d3230d0dd56b0aae1997b6721",
    "docs/g7/R1-CLEAN-START-PARENT-REVIEW.md": "48ae3de834997f670b6d282e0ca0b0e267c0dd1f9ba3c439d52a29cdc1ce430c",
    "docs/g7/R1-IMPLEMENTATION-CHECKPOINT.md": "7672e0f183ef0bc0fdd57a450cc3328840d7fdb95c7448c9460ab128cf276b0d",
    "docs/g7/R1-OWNER-APPROVAL.md": "83f05703fefd097b77b790b0da983d0d2219eb59ef062df463cac325747386ee",
    "docs/g7/R1-SUPERVISION-CHECKPOINT.md": "49e2b719ead65191691df11c1f42769396d1fa9426db1f40aa646ad3c6252c15",
    "docs/g7/R1-SUPERVISION-PARENT-EXECUTION.md": "054e26b260d65e7a8a04fae922327c3ade5c5fd52f31c7af8cfb9ec5460c35cc",
    "docs/g7/R1-SUPERVISION-PARENT-REVIEW.md": "3b1b1d233dd4b42faaf3a66f7de0284b54a49838d7d67bd70e4334a8c37ad158",
    "docs/g7/RELEASE-PACKAGE-ADMISSION.md": "c07e984960b9679a58fcc667a549f605bc60e5d6456e813a9d1151a7e5f90761",
    "docs/g7/draft/contracts.schema.json": "8a7b3ca7c66a10169b0ffb8be606d9681d784f1d699a2dc5f86de1e1f37bbe72",
    "docs/g7/draft/limits.json": "75a0fa6abe34d1c6bbfba24d10e509b32e2bbc40fba3ab372583de07d975d7d2",
    "docs/g7/draft/recovery-dependency.json": "eac07d256034e10fc536f963db7afa3c6d94bfc6078a8842ec90b7453158809c",
    "docs/gates/G0.md": "521341cd624404d6ee5b680b9834a76acbdb9aca1a5316ea89244836cd0f7ea9",
    "docs/gates/G1-REVIEW.md": "98a03f28d9818d58925a42b4bc89344626b08de09bf0f90c1854df0524978444",
    "docs/gates/G1.md": "7d874630d607e1eb45f7e2e1dacd6bda24cf265a9a5b441ed2e6cdb216eee1d5",
    "docs/gates/G2-OWNER-DISPOSITION.md": "805e3b85a63c3a3adb50d202b77791ce465f419d817058c5732fe343282a52ce",
    "docs/gates/G2.md": "ccae5b8505d41e21f4e703cc2c7ace30d5cf78003be44b59f9d19d6ed3ae6109",
    "docs/gates/G3-OWNER-ACCEPTANCE.md": "eb59855ed91d9374ac6866ed7c9fd0d1aab9a0f50d816471e7fbcd3f7635f24e",
    "docs/gates/G3.md": "0f2c255cf4ae09ea449b91dde8bfd0cc9d52e9e568fa0b25c8d275f44e0b970b",
    "docs/gates/G4-OWNER-ACCEPTANCE.md": "a3d8f3e9bf26db504f6d7e95b6a1789cf60c8c99bb86f42ffc525703102ad94c",
    "docs/gates/G4.md": "14034f6491bfb6808379556d30b902cb6e5299f2db23af0abd9a4e149eb2497b",
    "docs/gates/G5-OWNER-ACCEPTANCE.md": "1eb1f876141c8f7f8d20751c9250299807adeca20361c11a42986f99b033fee4",
    "docs/gates/G5.md": "ae594ac68852ab37a99a713e8e17e1948e36585f0b51592452cf6cba3a28bdd9",
    "docs/gates/G6-BASELINE-APPROVAL.md": "590edd86bd5521c86159872c92d8657ad2a849db3ab957058ea106d95c0eb064",
    "docs/gates/G6-CONCURRENCY-DIRECTION.md": "98eab7e48445089fa07ff23f16b3ab215ae03fdea64be985a8550ae4a963fa0c",
    "docs/gates/G6-OWNER-ACCEPTANCE.md": "75039b9af9eb50b20097293f1acc11bd54f4088ab3c24782c97de11800c7ea01",
    "docs/gates/G6-R2-OWNER-APPROVAL.md": "0fb2c9f5c3c0d38878a2b26cd8f89202e276b525e8b8350444a2c6851ce87113",
    "docs/gates/G6-SCOPE-CLEANUP-OWNER-APPROVAL.md": "fa78b28645e7bceaf1cb78416564763030c58c97be72f494ab2a438475a1bd46",
    "docs/gates/G6-SDK-WIRE-OWNER-APPROVAL.md": "d748defc8c82465e3c7ac5f1704252e3adfdae7147baab175304f20d08b0510f",
    "docs/gates/G6.md": "d7f3dc5485bd10562f73dd9b0b463c5cdc73188536a327d4717f64cb4dbd9f08",
    "docs/gates/G7.md": "70485db1a7f4f1291024f6628f5e551388592b6ff67d945953d5d18308423764",
    "docs/gates/STATUS.md": "b6e4cbbf0616b61a1e70434efe0fccf97b0071e1ef57c04df68dd0bedbc06d24",
    "docs/operations/G2-HOST-SECURITY.md": "4c5ae7428f23c729893c55e2628f092e0c98a04c13d7f292004c696fad3cfd8d",
    "docs/operations/RELEASE-EVIDENCE.md": "b192f7033b87e06fd26f9950ee2b2b1a5d8e218266beecdbac38636d9ad3944b",
    "docs/planning/ALICA_V2_Assessment_and_Step1_Building_Plan.md": "6959c48b8f128fdf266abdb570506d7173d5597c5af5e1379244c4d0924e78fb",
    "docs/planning/ALICA_V2_G1_Normative_Review_Package.md": "07be1e176e06f60249ed67766c0eccbc489a7d5257be15a47af83e3310e60a9e",
    "docs/planning/ALICA_V2_G2_Engineering_Foundation_Report.md": "e0238522e605f4c524de3ca7ba7e1f8ca7af89a099d968fce0cf5d321e2fc5e6",
    "docs/references/ALICA_V2_Initial_Project_Directive.original.txt": "375d7d0a66b3eb176de8676862b59add1f56f2842bbd1d5a34a6b6f73f92132e",
    "docs/references/ALICA_V2_Kernel_ACAP_SDK_Step1_Building_Plan.original.md": "d0286a3f861f60ef84cff94eb7fc82422aff418ce3ff98c11850114fb93ad12f",
    "docs/references/README.md": "afb735759e17ca31d84c030426d60e27afd1a57c0f4ee62f4571e8d8fab444a8",
    "docs/references/user-source-provenance.json": "ea291201be16c46d32dbb50b49e45248b6121b73a1c2001199961ad856fe219f",
    "docs/references/v1-artifact-index.json": "f51a49f769b785a6859f7b285b4265b07fe75672ccaa6ed74010740e50569504",
    "docs/references/v1-baseline.lock.json": "0c102d63cffa3db5af573ab1ea83615482dc4abb3a885e57342ab872acc0c618",
    "docs/references/v1-inventory.json": "c7fb89d7081639719a1fef231003ceebaa6a135c7cbaa5f7d41003f3038e698f",
    "docs/references/v1-manifest.reference.json": "e45624bd2c123405ca407f12755a71874c36d994330d419b4a4d46a7443b7c18",
    "docs/sdk/API.md": "b3e19ad8df3b39531b5a17aae4e670fc653f30e5687d4c32fd45913efc8db6bf",
    "docs/sdk/COMPATIBILITY.md": "b75e3c38e047dbc818683a4271cfe3c75b10aa4f3a35ea2589a4be02e181a2f5",
    "docs/sdk/TESTKIT.md": "a7151d3ed769ccee08bc379d36d26d9ab388d18a304ea50ac9fb4c8c5ff22307",
    "docs/sdk/TUTORIAL.md": "e47c33442ffa04e0d1c8b801b0516530391e87d8f45ad030a70e77bf277d6f01",
    "evidence/g0/execution.json": "1f8b1754e44c6ca6b0ba7513e2b9796c48e9019bf72bfad41c09be846dbd0515",
    "evidence/g1/design-tests.txt": "a8a940e48d8f80da88b9497b648734874e27762cf9b9b1c2e886c0b327e1afcb",
    "evidence/g1/execution.json": "ef453aaadd3660e93d082903be91285a2a7db4a9fcb49a6134a044c4168766cb",
    "evidence/g1/initial/design-tests.txt": "6c3e6440215cbbdcfeb72fa8b7e74d0fe1599291adea9d63584d19ecf9f243eb",
    "evidence/g1/initial/execution.json": "ddf7de5fdbec3783b21df628f4a92b1b109a588fb4f1615c9cd7b87b2753f0df",
    "evidence/g2/clean-checkout-log.json": "4a08fc80ee3c3705d778652e86e565b9ac32d861052f6d1965e325dbe96d73f7",
    "evidence/g2/execution.json": "f497c8beca2d23f1417bc31390c5d2d188168e7ec293d5dbc4448db3554aa6ad",
    "evidence/g2/github-inspection.json": "8f10533c0197acc43207b0d5873e25b72e0dd7852551dc0cb99a882c86324064",
    "evidence/g2/host-inspection.json": "eed94fdb860325f6874cdbe813f649da7901f01c63d7dad15750623a21ce94e2",
    "evidence/g2/owner-host-inspection.json": "15b8869c071c48fb1e78a2c1913010d8c08ef6399d64a93213b9d1a77646a3af",
    "evidence/g2/selected-dev-versions.json": "ac766f6c5f00f64016858a754f1b1bfae08b92a717c0141bac02532388d47a73",
    "evidence/g2/toolchain-install.json": "fc721c11e756f0a14a84d177d5425e85dc65f01a48de2b4959f7fa9bb112f3c4",
    "evidence/g2/working-tree-check.txt": "7aa468e3880b56423520e91fff941aa3ebbac878f2abd4b099449022c3e48095",
    "evidence/g3/README.md": "4fe8fc26036ebd23b5b1717b02ab323ee06e4e7ed1542110fbae611626d9cf14",
    "evidence/g3/artifact-sha256.json": "8bedda6664e22fc3635be42b364832802744e6a92a097811412b96741f0e09b3",
    "evidence/g3/clean-bootstrap.log": "74a078de06cb5e9260f59009d5d545d579da832cacfb52f0b13d53f7efc1299e",
    "evidence/g3/clean-check.log": "ad0607e89ba45f0f05f7c064da3f3bf50319ff74dbfd0818d73fb775beaa35fb",
    "evidence/g3/clean-checkout.json": "8d2fae5579a419e22f801f2dc20f5b779b6ae7cd65d53fa196aa301205d91015",
    "evidence/g3/clean-demo-stderr.log": "b62aad5a765026a4b3415155e41b8113300439386e16f352fd3deb61ebb5e7cb",
    "evidence/g3/clean-demo.json": "32b2b8b4b7a51d2840a3f3008ba7f7ed0540faa65481f13f5a31c2f08e7155ee",
    "evidence/g3/clean-install.log": "aaa4891ba6656878639e5f0580a03f0520c43c9dd25da2e336bb28830268fa8f",
    "evidence/g3/demo-stderr.log": "e6292576fe70336ba9c1805e1ad78574f61253886fa09da4a6b79b493d7b85dd",
    "evidence/g3/echo-demo.json": "1956ac25adc90bf835449ac395754e3c4107293edf18552907e21d33cfc34d51",
    "evidence/g3/working-check.log": "0e3b952db3e2c2fcf2f093970913c9bd7785766ebcc4d96e20ef0a1ed9f069cd",
    "evidence/g4/README.md": "e3a5d00746e8966faca0ba249f1e9332da1a71256f694fb94564c8653b609a39",
    "evidence/g4/artifact-sha256.json": "5f7f220eb1093d9aba870124b5822b122c4807154c3db3ffcd27f8297659cddc",
    "evidence/g4/clean-bootstrap.log": "74a078de06cb5e9260f59009d5d545d579da832cacfb52f0b13d53f7efc1299e",
    "evidence/g4/clean-check.log": "a3f3fa134a68587af0c023c2d4783d471ed27ed4c6737131ef47f1b2752af2fd",
    "evidence/g4/clean-demo.log": "ed651dda808f8a8770388477cf4afe02c0aa142fef38691c5934e1a3d2a4a3b3",
    "evidence/g4/clean-install.log": "72a3bb31d5682a6a87ba82c33078c8ee50c3a0f1fc21681ffc6ca3fd4e916a77",
    "evidence/g4/execution.json": "6e64eb417a79b95009db3bd7b530f46b5a8be11b5d9c3a99904c2473a99ac3e5",
    "evidence/g4/isolated-conformance.json": "1e43ac792a26ff3707eb28e1edb5ed468403596c6bfa6d64cebe1dacca140de9",
    "evidence/g4/working-check.log": "a8b6539f592e421fb4466cc961be342b08cb93aaa0ced64170d55a412f9100ad",
    "evidence/g5/README.md": "8452d5f675d9dc70a395db5b8a096c6b13b2568e92cd1dc32d14040edc09b24f",
    "evidence/g5/artifact-sha256.json": "5d5ba0a2576e5cb14a7c6d4ca48475205ddb67da32f7468f18b3658bb8ff974e",
    "evidence/g5/clean-bootstrap.log": "74a078de06cb5e9260f59009d5d545d579da832cacfb52f0b13d53f7efc1299e",
    "evidence/g5/clean-check.log": "ea6e04ec30f6297dbd90a02dfb77ac2521200a318564ed65753d79ec419bdc59",
    "evidence/g5/clean-install.log": "ec1985131131823e5858e54ea9dd8ed3701305eb1e45c79f48ed06441597a5e7",
    "evidence/g5/echo-demo.log": "3cf3eb94df5874a6daee6b9b79ad18684efc414f0bb9fdce7e077e61c39b4a3f",
    "evidence/g5/execution.json": "8b47ae097efb7f06aae8afb8a3952966364af4c6ebea599e280c9e882a4cf40e",
    "evidence/g5/external-conformance.json": "14122cfad95a68f2021e3211f44cecc7a1a88c187c77a5df2e99f0999c69427a",
    "evidence/g6-design/README.md": "9eae67c79268a6546c8261766e088d742f5b087f02e3676b4e912259a73066bc",
    "evidence/g6-design/host-probe-final.json": "93aafe7f7f5b921780df98d93d9486c2c76833f1912930e82f66b89cd66ab846",
    "evidence/g6-design/host-probe-initial.json": "2b966c873985fdc2afea4d2e4747dd8acacaef589302160706e3bfacc6c13da5",
    "evidence/g6-design/review-summary.json": "21b7cb7f25db2f8252f730b896e0c871180fb4715db6179f7b9a33de870a6d1e",
    "evidence/g6-design/schema-checks.json": "5913eb2f75f29529f2f9c41a64e0092839e9b645278121270e1d71b50b075b84",
    "evidence/g6-design/working-check.log": "d4fb3e5b32c5abdacb1c4dfb01fcdfefb54531b9f8029a25e482ca0842452cca",
    "evidence/g6-native-foundation/build-receipt.json": "37ea3dc8ab1ced1eccea654356d6b78242d3a84723fa19a6ecd53e4cba77eb5f",
    "evidence/g6-native-foundation/full-check.log": "9f394474870b8725bceac5568b920ec2b0b12ed7397d076ec0bc13e9b971b6a9",
    "evidence/g6-native-foundation/summary.json": "ce876fce1a72d14fa50660f83e64a6cb3d184c4b8e148084e47f8dc79d1c2fff",
    "evidence/g6-r2-design/README.md": "52af80ef82b1c8967488f2fc1bf38c13893c6e72176f2a576f3308045801f4de",
    "evidence/g6-r2-design/carrier-probe.json": "65a78ccda72dd559ef94e946bc02a6dd481d75e3d84e60f704b4b157a8b47984",
    "evidence/g6-r2-design/full-check.log": "4e67817ec8c1f2fa10ec68e322b1030deb3e3e2d184c61253681fdb1d7b08dc3",
    "evidence/g6-r2-design/model-check.log": "92462fb386e6a2741bba6fb19aad3f3f9f8679e0a9ce5f5b73e7793fd0c7c62b",
    "evidence/g6-r2-design/schema-check.json": "e10fa1f5d5e6d549f9773f371e516e73ee60e49ed0c08511185d5cf7df48faae",
    "evidence/g6-r2-design/summary.json": "d89cfa42883a86dfbda908395e0b0d61aa3de5437ab789a12b25e10cf52e0bb4",
    "evidence/g6-runtime/CLEAN-CHECKPOINT.md": "74d64c20931548e8a7795706fe229e0aebdef3ea055888073fe6b6e240111bcd",
    "evidence/g6-runtime/COMPONENT-CHECKPOINT.md": "b0a03e7a8b067955b177afbadcbf3730ede62bdb437fb935d3913d7ec6e7fba4",
    "evidence/g6-runtime/approved-sdk-components-check.log": "2cdf3fa79d2bb59cd1b36eb7f076c076cb26ff8e6dd194fe2c673891ea386daa",
    "evidence/g6-runtime/buffered-event-closure.log": "0ebe0e583e12c102cd7b8db31b00e6834634cb99c00e18364af5b150f9aaf638",
    "evidence/g6-runtime/clean-check.log": "3a945c5b9880911c154d08194e89bfead361049cbc0c867e8d6fb231ada48137",
    "evidence/g6-runtime/clean-source-final.log": "0a0964d1df4a8cb4674de58cf19484753c8eb99b90b2f163fa9a6db42a4d7b91",
    "evidence/g6-runtime/correction-build-typecheck.log": "117689304bc01e3643d80435be9405d5e4aa5b46e03dbf53132e6ecee6c604ed",
    "evidence/g6-runtime/correction-design-native-build.log": "292f17637ee2d3eb6b655b7502b07212f8f886923c50a7cdc8fe47e24dc6268e",
    "evidence/g6-runtime/correction-fix-build-typecheck.log": "43569aff1f069d8e2f53a6821486bd8ff6ac8d411211cb7656238119aac96ab2",
    "evidence/g6-runtime/correction-fix-focused-tests.log": "bd384fc4d97e54c7b355dd38c60b71fc75d613a512ddb6d02c7b14fae0ea300d",
    "evidence/g6-runtime/correction-fix-full-check.log": "abf9a235e0f4025d687196abe3f9644c63d70984672d365ce1c0659892783edb",
    "evidence/g6-runtime/correction-fix-full-verified.log": "2172856d79ffcfbda9a824987782149ebb2c441cb42d0058afaa445df0744f04",
    "evidence/g6-runtime/correction-fix-local-syntax.log": "6ad91c22279b14c52a2a65890f4e45052d228f2caa82e45228a7f2528a21e6e4",
    "evidence/g6-runtime/correction-fix-parent-run.log": "abb10c9f38926fb3d92622e3e0bb93fbabd83715c70bcab0403d857ab84389e1",
    "evidence/g6-runtime/correction-focused-tests.log": "9c77f0df4cd53ab3231a2da601ba68900a9929804845027860f71dbc4e1d53a3",
    "evidence/g6-runtime/correction-local-syntax.log": "ceb59f150d9cb455b501e5f7de15dcc96e90533a984213ef36c6a29debca8e86",
    "evidence/g6-runtime/correction-parent-run.log": "ff936216947f90cf9a8f849c6b2cde9cf63c07707c6cad04553b986360a845c5",
    "evidence/g6-runtime/final-isolation-repeat.log": "aa5d72e0a77929d25394db0953b993c2c57e38ea24f97bd97624e8a1d547c998",
    "evidence/g6-runtime/full-qualification-first-target.log": "ad27e3c16b166c0e5dcf3bf15f55c014530a7f94f0aa680af067eeb969f1201e",
    "evidence/g6-runtime/full-qualification-local-check.log": "f9ca28c606c978eae2c30a718eddbb2d145179f888b2fb8586e856c04e69a731",
    "evidence/g6-runtime/github-ci-owner-acceptance.json": "350aa3e79640d09bd3cca9e419c422de018ece8c7b5595c7ac26e280822ec3d2",
    "evidence/g6-runtime/host-integration-build.log": "39bb8ccf7cf5b582e0a31d734e75029f4304c63dfbb7aee34c2dc18c937dc572",
    "evidence/g6-runtime/host-integration-exit-check.log": "8271d7daf65a11c3e0e25adb2d7efc45443f726a1f6dd0077530dbed5edfc88f",
    "evidence/g6-runtime/host-integration-full-check-1.log": "831923b65d2fc2bbaac28bb8878442f3991c15bed6226950b41e6b0834594b70",
    "evidence/g6-runtime/host-integration-full-check-2.log": "57cd846fe98a69daaba5a1e89dbbde57f75461fcd6dbe17213082d402c670a1b",
    "evidence/g6-runtime/host-integration-test-1.log": "16e4442d19e06e43ff7b262c7813a906fc9df390e54f005d6bb0104e4babccde",
    "evidence/g6-runtime/isolation-diagnostic-repeat.log": "47dbb3f5ab6e3e74f4b9dbcd73eb6ce4d26feac2db2fbb09582fe521294ced9d",
    "evidence/g6-runtime/isolation-diagnostic-trace.log": "aecb2fe539138971a5c9cb4521cd8e83a052b43a86abe642b56f964c70085ac5",
    "evidence/g6-runtime/isolation-open-diagnostic.log": "59a8638af816911d480bc55c98bf3b30aa5bd881308f1a81796188ea21f0aa58",
    "evidence/g6-runtime/isolation-regressions-and-repeat.log": "c8826f664939e6d6458d7c14f2959c38fccf85248feb21d6cd4b4ba1496abb16",
    "evidence/g6-runtime/isolation-target.log": "42b86de5d5124b27e9d5a7e564fbcdccd6222a81962a334f6394f05111f3d854",
    "evidence/g6-runtime/parent-check.log": "30a83b0df730b4b3d7cf737bf0155959975355b8ce60b43ecac09fd07c3d3728",
    "evidence/g6-runtime/parent-components.log": "78ae45987ca5f631021e5adf39aea1a21f33136ada44226dbd305a800b0213e7",
    "evidence/g6-runtime/post-regression-process-check.json": "9962eb06f0ed384b99c0b59e0d4f70e268530e2b5885d0cbdf38650bb7bb3af2",
    "evidence/g6-runtime/pre-isolation-full-ipc.log": "50774ad0996ff769a907c3af55e53cdb63e73a22dc830046ff9f2762d4082ad4",
    "evidence/g6-runtime/pre-isolation-regressions.log": "195705d71d4dd08ecf1e0a2704f315a8549060ba29d8e8d327525606f5eb5c6c",
    "evidence/g6-runtime/pre-offer-metadata-red.log": "795e212003329768cdead05d97e81b1e277384773f1440fe785c4be344d626e8",
    "evidence/g6-runtime/production-closure-diagnostic-2.log": "e7d9f307931229f7d709cd54cfe46d6d3262d7b5b2d734f9fd0c788bcf9196dc",
    "evidence/g6-runtime/production-closure-runtime-target.log": "aec01030b254556ff6b6be724d8045295a0f3025cefbf950325eb284d79a1463",
    "evidence/g6-runtime/production-closure-target.log": "baaa0a77d0ef67aae73279995db655ea649483a325b7749666ccc8293accd7f7",
    "evidence/g6-runtime/publication-check.log": "294e8668db48c57de9d5e86721438d5d03991946b3d45830ca11f4182a934e17",
    "evidence/g6-runtime/qualification-full-check.log": "2701a4d6a5c1867173c825bea3a07c63b9b7928c02f5056de686872e85a3851e",
    "evidence/g6-runtime/qualified-isolation-repeat.log": "ea92ef98535ca2cdde4fb80b6b7a1d880a4ee3957f76522638310b8fb23d0cca",
    "evidence/g6-runtime/restart-check.log": "5896a242698128fdb2164a45fb04bded593daa1fec69efe4f3046762e348011e",
    "evidence/g6-runtime/restart-preserved.tar.gz": "e5e91fac8860966bb051c47481dee38b4518d999c96febbeb9e535b465b9b9a5",
    "evidence/g6-runtime/runtime-build.log": "11f0fb8c99bafb4fe1c027712708c4362f10b943ec410085920ed4c84b55dc72",
    "evidence/g6-runtime/scheduler-test.log": "a3a40332a80c99c3f91a8961368c772fddf38ade7d08774512123880c17afffe",
    "evidence/g6-runtime/scope-completion-test-1.log": "68927fc7c9ce6cd29bf61cd1da95600336706157ba06e248596ac6e12ea0c0fb",
    "evidence/g6-runtime/scope-completion-test-2.log": "62a973726d9646bcaa299c47e80f3c7c9a4bebdab107fb51221bcec359974926",
    "evidence/g7-design/design-checks.log": "9de124202bc4957c0efc7786203b44c0626945dd6f1525b0f8f7db85081d4114",
    "evidence/g7-design/preparation.json": "0fd021fac0fce6be0015e9de5d5c1a8b40565d020935838a1b7dba4a72464cc4",
    "evidence/g7/admin-amendment-process/focused-final/g7-admin-39kDVD/final/accepted.json": "ca3024c2b557bd1dfd509c37e7bab3eab484664b113f773b95fe1b194c3aeb94",
    "evidence/g7/admin-amendment-process/focused-final/g7-admin-39kDVD/final/floor.json": "3c9186f8968c2dd3393ac7d4cc6edb8aad1501a2fc3c184aa8b9988da45c340a",
    "evidence/g7/admin-amendment-process/focused-final/g7-admin-39kDVD/final/hashes.json": "4c9ecbc01222709da7e92ba544f0e53bb2c31336c4a4c26dd4333a6f7f8e4851",
    "evidence/g7/admin-amendment-process/focused-final/g7-admin-39kDVD/final/identity.json": "f5a114b535578422bbad9607879a9140ae20cf55f768b8a4c13e4bfcb4b27e87",
    "evidence/g7/admin-amendment-process/focused-final/g7-admin-39kDVD/final/supervision/incarnation.json": "9df02f9bf8c973ff297965f85eeebec0bec7ce4e19047158688c6ba01d5de447",
    "evidence/g7/admin-amendment-process/focused-final/g7-admin-39kDVD/final/transactions/78341866-1109-45cd-9015-0d24d97ef453/000001.json": "11134e9ccbc812bfeec96c9d31360677c0b2d2c09542cf84bf2cb5bfbfbca440",
    "evidence/g7/admin-amendment-process/focused-final/g7-admin-39kDVD/final/transactions/78341866-1109-45cd-9015-0d24d97ef453/000002.json": "b80dc597a083298b5d3492268d130616ac4d2097a8c1cd4952409ac715d08113",
    "evidence/g7/admin-amendment-process/focused-final/g7-admin-39kDVD/final/transactions/78341866-1109-45cd-9015-0d24d97ef453/000003.json": "96a10fbc9afd46727a84228d39ebcb2de510b2fc6acd7fd74b027f5046ed70c3",
    "evidence/g7/admin-amendment-process/focused-final/g7-admin-39kDVD/stderr.log": "e3b0c44298fc1c149afbf4c8996fb92427ae41e4649b934ca495991b7852b855",
    "evidence/g7/admin-amendment-process/focused-final/g7-admin-39kDVD/stopped-at-boundary/accepted.json": "ca3024c2b557bd1dfd509c37e7bab3eab484664b113f773b95fe1b194c3aeb94",
    "evidence/g7/admin-amendment-process/focused-final/g7-admin-39kDVD/stopped-at-boundary/floor.json": "3c9186f8968c2dd3393ac7d4cc6edb8aad1501a2fc3c184aa8b9988da45c340a",
    "evidence/g7/admin-amendment-process/focused-final/g7-admin-39kDVD/stopped-at-boundary/hashes.json": "4c9ecbc01222709da7e92ba544f0e53bb2c31336c4a4c26dd4333a6f7f8e4851",
    "evidence/g7/admin-amendment-process/focused-final/g7-admin-39kDVD/stopped-at-boundary/identity.json": "f5a114b535578422bbad9607879a9140ae20cf55f768b8a4c13e4bfcb4b27e87",
    "evidence/g7/admin-amendment-process/focused-final/g7-admin-39kDVD/stopped-at-boundary/supervision/incarnation.json": "9df02f9bf8c973ff297965f85eeebec0bec7ce4e19047158688c6ba01d5de447",
    "evidence/g7/admin-amendment-process/focused-final/g7-admin-39kDVD/stopped-at-boundary/transactions/78341866-1109-45cd-9015-0d24d97ef453/000001.json": "11134e9ccbc812bfeec96c9d31360677c0b2d2c09542cf84bf2cb5bfbfbca440",
    "evidence/g7/admin-amendment-process/focused-final/g7-admin-39kDVD/stopped-at-boundary/transactions/78341866-1109-45cd-9015-0d24d97ef453/000002.json": "b80dc597a083298b5d3492268d130616ac4d2097a8c1cd4952409ac715d08113",
    "evidence/g7/admin-amendment-process/focused-final/g7-admin-39kDVD/stopped-at-boundary/transactions/78341866-1109-45cd-9015-0d24d97ef453/000003.json": "96a10fbc9afd46727a84228d39ebcb2de510b2fc6acd7fd74b027f5046ed70c3",
    "evidence/g7/admin-amendment-process/focused-final/g7-admin-6C1cZq/final/accepted.json": "15094424f157595bbd48b054575e23c14caed1a65a2d16baf2cba3f5c8ad2bcb",
    "evidence/g7/admin-amendment-process/focused-final/g7-admin-6C1cZq/final/floor.json": "2ede56b01ba428bd5402d60749c6316473f29e49e327e2e123090d7dfdcc93e0",
    "evidence/g7/admin-amendment-process/focused-final/g7-admin-6C1cZq/final/hashes.json": "cc86ce6e96bb1fddc6e32939c3945488b526a37dede20c99762b99ddeb28e238",
    "evidence/g7/admin-amendment-process/focused-final/g7-admin-6C1cZq/final/identity.json": "98a4cf75a97bccd89d8962f85d0e7280dfd12b5c1aeeaeeb6690a9ac02b91359",
    "evidence/g7/admin-amendment-process/focused-final/g7-admin-6C1cZq/final/supervision/incarnation.json": "3cd17318cbddbd1686526f47a9e0658df9982797e78cc107076814a7e22ba56f",
    "evidence/g7/admin-amendment-process/focused-final/g7-admin-6C1cZq/final/transactions/0e3d2610-05be-4089-9e98-964f8bf48392/000001.json": "1962bd5473382c7f4ad59922169cd703425122b6f2df6355d0ea49866f2d86d8",
    "evidence/g7/admin-amendment-process/focused-final/g7-admin-6C1cZq/final/transactions/0e3d2610-05be-4089-9e98-964f8bf48392/000002.json": "5c1b3b64f792277ff5d9dd7a15651d8a8ccf416713d46694cd918b1520ddf7b3",
    "evidence/g7/admin-amendment-process/focused-final/g7-admin-6C1cZq/final/transactions/0e3d2610-05be-4089-9e98-964f8bf48392/000003.json": "791b53aa14aeb15e2029a21955e0652575abcf730a443c5d9ae49435f3707ee6",
    "evidence/g7/admin-amendment-process/focused-final/g7-admin-6C1cZq/final/transactions/0e3d2610-05be-4089-9e98-964f8bf48392/000004.json": "383fb6e5dfb789ea4cdc3f931cb1f62e8dd238f394d2118fc5501d26bf945974",
    "evidence/g7/admin-amendment-process/focused-final/g7-admin-6C1cZq/stderr.log": "e3b0c44298fc1c149afbf4c8996fb92427ae41e4649b934ca495991b7852b855",
    "evidence/g7/admin-amendment-process/focused-final/g7-admin-BWHmYO/final/accepted.json": "280845eb25ffdfdd64452bc4ff1c7bcad508ed7ba5b6e3904a27ee9e6ec28e47",
    "evidence/g7/admin-amendment-process/focused-final/g7-admin-BWHmYO/final/floor.json": "d2b1ab3e7527c757cf6e7309dc7eb960ccef41af4627837ffe2132408381c248",
    "evidence/g7/admin-amendment-process/focused-final/g7-admin-BWHmYO/final/hashes.json": "da68767a4d9aa431ef1c079b724e57d6e41e81fb8a49dc17b7babfb3ea76b7a8",
    "evidence/g7/admin-amendment-process/focused-final/g7-admin-BWHmYO/final/identity.json": "1718df37b3bffd9c8382fffbf88d5fa419fe3cad442f64094f2d84ae5af9764b",
    "evidence/g7/admin-amendment-process/focused-final/g7-admin-BWHmYO/final/next-ff655299-ba37-4ddb-9755-0e019f87d7d7": "280845eb25ffdfdd64452bc4ff1c7bcad508ed7ba5b6e3904a27ee9e6ec28e47",
    "evidence/g7/admin-amendment-process/focused-final/g7-admin-BWHmYO/final/supervision/incarnation.json": "7ed94591de50e85f0803b3d5ff7b1f63916def998fee3b373f226d7a46786cc2",
    "evidence/g7/admin-amendment-process/focused-final/g7-admin-BWHmYO/final/transactions/3f622bfc-449a-411d-afd2-3a3c170abcba/000001.json": "94310ef24b67ff518b397322243a9ab9801a4de87d9a319f2e6d288d9b55d601",
    "evidence/g7/admin-amendment-process/focused-final/g7-admin-BWHmYO/final/transactions/3f622bfc-449a-411d-afd2-3a3c170abcba/000002.json": "4ddc9408f33b8ebf0994db95d314e0327458546c544d794280dbbc1d1b5cdbda",
    "evidence/g7/admin-amendment-process/focused-final/g7-admin-BWHmYO/final/transactions/3f622bfc-449a-411d-afd2-3a3c170abcba/000003.json": "de04904721b9913fbb0ad617072d6fc36860f1591e4ec282a6994eca4b644ae3",
    "evidence/g7/admin-amendment-process/focused-final/g7-admin-BWHmYO/final/transactions/3f622bfc-449a-411d-afd2-3a3c170abcba/000004.json": "5fc9d039a9e713a0f3660f47d4c37f37ba936d175eed2228f8eba34215036496",
    "evidence/g7/admin-amendment-process/focused-final/g7-admin-BWHmYO/original/accepted.json": "280845eb25ffdfdd64452bc4ff1c7bcad508ed7ba5b6e3904a27ee9e6ec28e47",
    "evidence/g7/admin-amendment-process/focused-final/g7-admin-BWHmYO/original/floor.json": "b9aa1a1c6f9d7bdc907f70c8867fe9309c6882c74ce44e1dc93b2aec2e5e995d",
    "evidence/g7/admin-amendment-process/focused-final/g7-admin-BWHmYO/original/hashes.json": "d773ce9eaa3483ffcc7402af3a7fbaea43287906c3e615be0213983c1b9bed79",
    "evidence/g7/admin-amendment-process/focused-final/g7-admin-BWHmYO/original/identity.json": "1718df37b3bffd9c8382fffbf88d5fa419fe3cad442f64094f2d84ae5af9764b",
    "evidence/g7/admin-amendment-process/focused-final/g7-admin-BWHmYO/original/supervision/incarnation.json": "7ed94591de50e85f0803b3d5ff7b1f63916def998fee3b373f226d7a46786cc2",
    "evidence/g7/admin-amendment-process/focused-final/g7-admin-BWHmYO/original/transactions/3f622bfc-449a-411d-afd2-3a3c170abcba/000001.json": "94310ef24b67ff518b397322243a9ab9801a4de87d9a319f2e6d288d9b55d601",
    "evidence/g7/admin-amendment-process/focused-final/g7-admin-BWHmYO/original/transactions/3f622bfc-449a-411d-afd2-3a3c170abcba/000002.json": "4ddc9408f33b8ebf0994db95d314e0327458546c544d794280dbbc1d1b5cdbda",
    "evidence/g7/admin-amendment-process/focused-final/g7-admin-BWHmYO/original/transactions/3f622bfc-449a-411d-afd2-3a3c170abcba/000003.json": "de04904721b9913fbb0ad617072d6fc36860f1591e4ec282a6994eca4b644ae3",
    "evidence/g7/admin-amendment-process/focused-final/g7-admin-BWHmYO/original/transactions/3f622bfc-449a-411d-afd2-3a3c170abcba/000004.json": "5fc9d039a9e713a0f3660f47d4c37f37ba936d175eed2228f8eba34215036496",
    "evidence/g7/admin-amendment-process/focused-final/g7-admin-BWHmYO/stderr.log": "e3b0c44298fc1c149afbf4c8996fb92427ae41e4649b934ca495991b7852b855",
    "evidence/g7/admin-amendment-process/focused-final/g7-admin-BWHmYO/stopped-at-boundary/accepted.json": "280845eb25ffdfdd64452bc4ff1c7bcad508ed7ba5b6e3904a27ee9e6ec28e47",
    "evidence/g7/admin-amendment-process/focused-final/g7-admin-BWHmYO/stopped-at-boundary/floor.json": "d2b1ab3e7527c757cf6e7309dc7eb960ccef41af4627837ffe2132408381c248",
    "evidence/g7/admin-amendment-process/focused-final/g7-admin-BWHmYO/stopped-at-boundary/hashes.json": "da68767a4d9aa431ef1c079b724e57d6e41e81fb8a49dc17b7babfb3ea76b7a8",
    "evidence/g7/admin-amendment-process/focused-final/g7-admin-BWHmYO/stopped-at-boundary/identity.json": "1718df37b3bffd9c8382fffbf88d5fa419fe3cad442f64094f2d84ae5af9764b",
    "evidence/g7/admin-amendment-process/focused-final/g7-admin-BWHmYO/stopped-at-boundary/next-ff655299-ba37-4ddb-9755-0e019f87d7d7": "280845eb25ffdfdd64452bc4ff1c7bcad508ed7ba5b6e3904a27ee9e6ec28e47",
    "evidence/g7/admin-amendment-process/focused-final/g7-admin-BWHmYO/stopped-at-boundary/supervision/incarnation.json": "7ed94591de50e85f0803b3d5ff7b1f63916def998fee3b373f226d7a46786cc2",
    "evidence/g7/admin-amendment-process/focused-final/g7-admin-BWHmYO/stopped-at-boundary/transactions/3f622bfc-449a-411d-afd2-3a3c170abcba/000001.json": "94310ef24b67ff518b397322243a9ab9801a4de87d9a319f2e6d288d9b55d601",
    "evidence/g7/admin-amendment-process/focused-final/g7-admin-BWHmYO/stopped-at-boundary/transactions/3f622bfc-449a-411d-afd2-3a3c170abcba/000002.json": "4ddc9408f33b8ebf0994db95d314e0327458546c544d794280dbbc1d1b5cdbda",
    "evidence/g7/admin-amendment-process/focused-final/g7-admin-BWHmYO/stopped-at-boundary/transactions/3f622bfc-449a-411d-afd2-3a3c170abcba/000003.json": "de04904721b9913fbb0ad617072d6fc36860f1591e4ec282a6994eca4b644ae3",
    "evidence/g7/admin-amendment-process/focused-final/g7-admin-BWHmYO/stopped-at-boundary/transactions/3f622bfc-449a-411d-afd2-3a3c170abcba/000004.json": "5fc9d039a9e713a0f3660f47d4c37f37ba936d175eed2228f8eba34215036496",
    "evidence/g7/admin-amendment-process/focused-final/g7-admin-Cv3aRB/final/accepted.json": "9c8ec203fe957b80a586600385a15724d20c570a8d3a2073227c87045b3de20a",
    "evidence/g7/admin-amendment-process/focused-final/g7-admin-Cv3aRB/final/floor.json": "a1da36c5dd134b912ec15ad0a7e9449369dfe69ddac8aa14f9057ad04c1dbfdb",
    "evidence/g7/admin-amendment-process/focused-final/g7-admin-Cv3aRB/final/hashes.json": "d25189443829de4f73a7024ee73b38099e5c80714df66adbb673c75a440cf418",
    "evidence/g7/admin-amendment-process/focused-final/g7-admin-Cv3aRB/final/identity.json": "ab0b9bfdf3ea47a6d231bd8b016f4962bb77815e5bb28cda53d7c5ce405cf393",
    "evidence/g7/admin-amendment-process/focused-final/g7-admin-Cv3aRB/final/supervision/incarnation.json": "7d2d7465a8c4d5c711e1c35f189076271fba307f4d2ee0eae2a8c9ddae7fe4fe",
    "evidence/g7/admin-amendment-process/focused-final/g7-admin-Cv3aRB/final/transactions/7af7f49f-1cbb-4c2d-8f0d-b8fac40c76eb/000001.json": "6fb0e76a5c72988632d08bdb9aecf3761b1f95d3ea50ade3823a12964b1a2fa5",
    "evidence/g7/admin-amendment-process/focused-final/g7-admin-Cv3aRB/final/transactions/7af7f49f-1cbb-4c2d-8f0d-b8fac40c76eb/000002.json": "0d713fe0fdcf6d66bc04319ffa4df925fe6ba46cd9894f9ef795ae24dde93629",
    "evidence/g7/admin-amendment-process/focused-final/g7-admin-Cv3aRB/final/transactions/7af7f49f-1cbb-4c2d-8f0d-b8fac40c76eb/000003.json": "0a4367accf07dd2155d41a5343641ed0a3687d9619ff2080ccd89d2993bd62e7",
    "evidence/g7/admin-amendment-process/focused-final/g7-admin-Cv3aRB/final/transactions/7af7f49f-1cbb-4c2d-8f0d-b8fac40c76eb/000004.json": "03f9f03f24c164c55e7606d1c9a1c72a59780b7d83ed12774be93a133fd0aa99",
    "evidence/g7/admin-amendment-process/focused-final/g7-admin-Cv3aRB/original/accepted.json": "9c8ec203fe957b80a586600385a15724d20c570a8d3a2073227c87045b3de20a",
    "evidence/g7/admin-amendment-process/focused-final/g7-admin-Cv3aRB/original/floor.json": "bf1592257264c4434f51db0f83e8abb66f576b81349c63ada3d09d1dbe06e0b7",
    "evidence/g7/admin-amendment-process/focused-final/g7-admin-Cv3aRB/original/hashes.json": "89bfa959d8a8f8af04c7cf9e59f3fecf9f80d8d4251118063151d1961eb91f3d",
    "evidence/g7/admin-amendment-process/focused-final/g7-admin-Cv3aRB/original/identity.json": "ab0b9bfdf3ea47a6d231bd8b016f4962bb77815e5bb28cda53d7c5ce405cf393",
    "evidence/g7/admin-amendment-process/focused-final/g7-admin-Cv3aRB/original/supervision/incarnation.json": "7d2d7465a8c4d5c711e1c35f189076271fba307f4d2ee0eae2a8c9ddae7fe4fe",
    "evidence/g7/admin-amendment-process/focused-final/g7-admin-Cv3aRB/original/transactions/7af7f49f-1cbb-4c2d-8f0d-b8fac40c76eb/000001.json": "6fb0e76a5c72988632d08bdb9aecf3761b1f95d3ea50ade3823a12964b1a2fa5",
    "evidence/g7/admin-amendment-process/focused-final/g7-admin-Cv3aRB/original/transactions/7af7f49f-1cbb-4c2d-8f0d-b8fac40c76eb/000002.json": "0d713fe0fdcf6d66bc04319ffa4df925fe6ba46cd9894f9ef795ae24dde93629",
    "evidence/g7/admin-amendment-process/focused-final/g7-admin-Cv3aRB/original/transactions/7af7f49f-1cbb-4c2d-8f0d-b8fac40c76eb/000003.json": "0a4367accf07dd2155d41a5343641ed0a3687d9619ff2080ccd89d2993bd62e7",
    "evidence/g7/admin-amendment-process/focused-final/g7-admin-Cv3aRB/original/transactions/7af7f49f-1cbb-4c2d-8f0d-b8fac40c76eb/000004.json": "03f9f03f24c164c55e7606d1c9a1c72a59780b7d83ed12774be93a133fd0aa99",
    "evidence/g7/admin-amendment-process/focused-final/g7-admin-Cv3aRB/stderr.log": "e3b0c44298fc1c149afbf4c8996fb92427ae41e4649b934ca495991b7852b855",
    "evidence/g7/admin-amendment-process/focused-final/g7-admin-Cv3aRB/stopped-at-boundary/accepted.json": "9c8ec203fe957b80a586600385a15724d20c570a8d3a2073227c87045b3de20a",
    "evidence/g7/admin-amendment-process/focused-final/g7-admin-Cv3aRB/stopped-at-boundary/floor.json": "a1da36c5dd134b912ec15ad0a7e9449369dfe69ddac8aa14f9057ad04c1dbfdb",
    "evidence/g7/admin-amendment-process/focused-final/g7-admin-Cv3aRB/stopped-at-boundary/hashes.json": "d25189443829de4f73a7024ee73b38099e5c80714df66adbb673c75a440cf418",
    "evidence/g7/admin-amendment-process/focused-final/g7-admin-Cv3aRB/stopped-at-boundary/identity.json": "ab0b9bfdf3ea47a6d231bd8b016f4962bb77815e5bb28cda53d7c5ce405cf393",
    "evidence/g7/admin-amendment-process/focused-final/g7-admin-Cv3aRB/stopped-at-boundary/supervision/incarnation.json": "7d2d7465a8c4d5c711e1c35f189076271fba307f4d2ee0eae2a8c9ddae7fe4fe",
    "evidence/g7/admin-amendment-process/focused-final/g7-admin-Cv3aRB/stopped-at-boundary/transactions/7af7f49f-1cbb-4c2d-8f0d-b8fac40c76eb/000001.json": "6fb0e76a5c72988632d08bdb9aecf3761b1f95d3ea50ade3823a12964b1a2fa5",
    "evidence/g7/admin-amendment-process/focused-final/g7-admin-Cv3aRB/stopped-at-boundary/transactions/7af7f49f-1cbb-4c2d-8f0d-b8fac40c76eb/000002.json": "0d713fe0fdcf6d66bc04319ffa4df925fe6ba46cd9894f9ef795ae24dde93629",
    "evidence/g7/admin-amendment-process/focused-final/g7-admin-Cv3aRB/stopped-at-boundary/transactions/7af7f49f-1cbb-4c2d-8f0d-b8fac40c76eb/000003.json": "0a4367accf07dd2155d41a5343641ed0a3687d9619ff2080ccd89d2993bd62e7",
    "evidence/g7/admin-amendment-process/focused-final/g7-admin-Cv3aRB/stopped-at-boundary/transactions/7af7f49f-1cbb-4c2d-8f0d-b8fac40c76eb/000004.json": "03f9f03f24c164c55e7606d1c9a1c72a59780b7d83ed12774be93a133fd0aa99",
    "evidence/g7/admin-amendment-process/focused-final/g7-admin-EdAwem/final/accepted.json": "d59a8197bfc1ddfd5c21889e30c527c3eb778d4041bdb7223376b25d6f45d710",
    "evidence/g7/admin-amendment-process/focused-final/g7-admin-EdAwem/final/floor.json": "e51f74b109661346832d2c0349e19b083677098c683ac09c04db370328300e02",
    "evidence/g7/admin-amendment-process/focused-final/g7-admin-EdAwem/final/hashes.json": "5d726ae120e45f83abd71c59ad4a9421582b5fd460a8bb459eb9239edc6ad04f",
    "evidence/g7/admin-amendment-process/focused-final/g7-admin-EdAwem/final/identity.json": "43a9bd608675ecee7f9e5206d7e8c1448d9aa5aae292045a2237d1c3497de1da",
    "evidence/g7/admin-amendment-process/focused-final/g7-admin-EdAwem/final/next-89ed8298-3a08-41b0-89d9-f68c3f2ca666": "d59a8197bfc1ddfd5c21889e30c527c3eb778d4041bdb7223376b25d6f45d710",
    "evidence/g7/admin-amendment-process/focused-final/g7-admin-EdAwem/final/supervision/incarnation.json": "42276111603d5b1c4db2c7312d3f148735191fb2271bb0b1f860ed7c05ee9de0",
    "evidence/g7/admin-amendment-process/focused-final/g7-admin-EdAwem/final/transactions/9c577d77-a332-40c9-aa16-8295977e1578/000001.json": "907b00eff5aaf90bbfb54381c5ca435838c54811a883b56d5194b11209e166fd",
    "evidence/g7/admin-amendment-process/focused-final/g7-admin-EdAwem/final/transactions/9c577d77-a332-40c9-aa16-8295977e1578/000002.json": "488637d4aa30feec72959ab33c083accb58c1aa04a2340d03aded981734854a1",
    "evidence/g7/admin-amendment-process/focused-final/g7-admin-EdAwem/final/transactions/9c577d77-a332-40c9-aa16-8295977e1578/000003.json": "96e70c972c80aa461d0cc7f090c4e324166ec297ca63e9b342c4e9acfac41dd8",
    "evidence/g7/admin-amendment-process/focused-final/g7-admin-EdAwem/final/transactions/9c577d77-a332-40c9-aa16-8295977e1578/000004.json": "089eb62fd62fd1c9d4a38ec33fe6bf4ecacd602153ce9e912784100b70770b85",
    "evidence/g7/admin-amendment-process/focused-final/g7-admin-EdAwem/original/accepted.json": "d59a8197bfc1ddfd5c21889e30c527c3eb778d4041bdb7223376b25d6f45d710",
    "evidence/g7/admin-amendment-process/focused-final/g7-admin-EdAwem/original/floor.json": "6b81bffa2452d6f7ddd332e73e43d9bd1d20a6a382a0f966c7351a60481a1c47",
    "evidence/g7/admin-amendment-process/focused-final/g7-admin-EdAwem/original/hashes.json": "3d825ad6ec68c4c6f7ef48b300245bd1ac0e89ee8b0b7582cef537e9afc8efca",
    "evidence/g7/admin-amendment-process/focused-final/g7-admin-EdAwem/original/identity.json": "43a9bd608675ecee7f9e5206d7e8c1448d9aa5aae292045a2237d1c3497de1da",
    "evidence/g7/admin-amendment-process/focused-final/g7-admin-EdAwem/original/supervision/incarnation.json": "42276111603d5b1c4db2c7312d3f148735191fb2271bb0b1f860ed7c05ee9de0",
    "evidence/g7/admin-amendment-process/focused-final/g7-admin-EdAwem/original/transactions/9c577d77-a332-40c9-aa16-8295977e1578/000001.json": "907b00eff5aaf90bbfb54381c5ca435838c54811a883b56d5194b11209e166fd",
    "evidence/g7/admin-amendment-process/focused-final/g7-admin-EdAwem/original/transactions/9c577d77-a332-40c9-aa16-8295977e1578/000002.json": "488637d4aa30feec72959ab33c083accb58c1aa04a2340d03aded981734854a1",
    "evidence/g7/admin-amendment-process/focused-final/g7-admin-EdAwem/original/transactions/9c577d77-a332-40c9-aa16-8295977e1578/000003.json": "96e70c972c80aa461d0cc7f090c4e324166ec297ca63e9b342c4e9acfac41dd8",
    "evidence/g7/admin-amendment-process/focused-final/g7-admin-EdAwem/original/transactions/9c577d77-a332-40c9-aa16-8295977e1578/000004.json": "089eb62fd62fd1c9d4a38ec33fe6bf4ecacd602153ce9e912784100b70770b85",
    "evidence/g7/admin-amendment-process/focused-final/g7-admin-EdAwem/stderr.log": "e3b0c44298fc1c149afbf4c8996fb92427ae41e4649b934ca495991b7852b855",
    "evidence/g7/admin-amendment-process/focused-final/g7-admin-EdAwem/stopped-at-boundary/accepted.json": "d59a8197bfc1ddfd5c21889e30c527c3eb778d4041bdb7223376b25d6f45d710",
    "evidence/g7/admin-amendment-process/focused-final/g7-admin-EdAwem/stopped-at-boundary/floor.json": "e51f74b109661346832d2c0349e19b083677098c683ac09c04db370328300e02",
    "evidence/g7/admin-amendment-process/focused-final/g7-admin-EdAwem/stopped-at-boundary/hashes.json": "5d726ae120e45f83abd71c59ad4a9421582b5fd460a8bb459eb9239edc6ad04f",
    "evidence/g7/admin-amendment-process/focused-final/g7-admin-EdAwem/stopped-at-boundary/identity.json": "43a9bd608675ecee7f9e5206d7e8c1448d9aa5aae292045a2237d1c3497de1da",
    "evidence/g7/admin-amendment-process/focused-final/g7-admin-EdAwem/stopped-at-boundary/next-89ed8298-3a08-41b0-89d9-f68c3f2ca666": "d59a8197bfc1ddfd5c21889e30c527c3eb778d4041bdb7223376b25d6f45d710",
    "evidence/g7/admin-amendment-process/focused-final/g7-admin-EdAwem/stopped-at-boundary/supervision/incarnation.json": "42276111603d5b1c4db2c7312d3f148735191fb2271bb0b1f860ed7c05ee9de0",
    "evidence/g7/admin-amendment-process/focused-final/g7-admin-EdAwem/stopped-at-boundary/transactions/9c577d77-a332-40c9-aa16-8295977e1578/000001.json": "907b00eff5aaf90bbfb54381c5ca435838c54811a883b56d5194b11209e166fd",
    "evidence/g7/admin-amendment-process/focused-final/g7-admin-EdAwem/stopped-at-boundary/transactions/9c577d77-a332-40c9-aa16-8295977e1578/000002.json": "488637d4aa30feec72959ab33c083accb58c1aa04a2340d03aded981734854a1",
    "evidence/g7/admin-amendment-process/focused-final/g7-admin-EdAwem/stopped-at-boundary/transactions/9c577d77-a332-40c9-aa16-8295977e1578/000003.json": "96e70c972c80aa461d0cc7f090c4e324166ec297ca63e9b342c4e9acfac41dd8",
    "evidence/g7/admin-amendment-process/focused-final/g7-admin-EdAwem/stopped-at-boundary/transactions/9c577d77-a332-40c9-aa16-8295977e1578/000004.json": "089eb62fd62fd1c9d4a38ec33fe6bf4ecacd602153ce9e912784100b70770b85",
    "evidence/g7/admin-amendment-process/focused-final/g7-admin-Kn7pGc/failed-validation/floor.json": "0e43830bbf86e84aa1997037390be504c543c3c4e8fb503b524aa070fb81c7f6",
    "evidence/g7/admin-amendment-process/focused-final/g7-admin-Kn7pGc/failed-validation/hashes.json": "7a64772f719542e9085515f5b501fedf5a6981dd00579faa7e775f999c3fe327",
    "evidence/g7/admin-amendment-process/focused-final/g7-admin-Kn7pGc/failed-validation/identity.json": "18242f7d498a84c02918289c642a0763f6ed7b61a74490149a2747889377eab5",
    "evidence/g7/admin-amendment-process/focused-final/g7-admin-Kn7pGc/failed-validation/supervision/incarnation.json": "620817975e606314dc257b4044f4ea9d8586a2acb75ecbf58774726cc3e394d9",
    "evidence/g7/admin-amendment-process/focused-final/g7-admin-Kn7pGc/failed-validation/transactions/a42661ca-40e6-48d7-a2f9-d4430d0d040d/000001.json": "e1b533e32473d63dff1037dc383692a1a054aa95893d8f80d3009c787678bab6",
    "evidence/g7/admin-amendment-process/focused-final/g7-admin-Kn7pGc/failed-validation/transactions/a42661ca-40e6-48d7-a2f9-d4430d0d040d/000002.json": "8726b963ae3391cf72062875fdfb09bc9f560f6b622d052fe4a5a62de69d3129",
    "evidence/g7/admin-amendment-process/focused-final/g7-admin-Kn7pGc/failed-validation/transactions/a42661ca-40e6-48d7-a2f9-d4430d0d040d/000003.json": "8efc0f6f42244cf3f884863c9676401e53274e5ca2b572fe7f254aeff142804c",
    "evidence/g7/admin-amendment-process/focused-final/g7-admin-Kn7pGc/failed-validation/transactions/a42661ca-40e6-48d7-a2f9-d4430d0d040d/000004.json": "3e97b6e784f64d10f5fcaa39035c4ed7c53d208ec9f9b690656425e307ecda29",
    "evidence/g7/admin-amendment-process/focused-final/g7-admin-Kn7pGc/final/accepted.json": "5e3da0d2b7254adf20c67d3b642e6050931f5e920f18174bdb1287f5aa6ab999",
    "evidence/g7/admin-amendment-process/focused-final/g7-admin-Kn7pGc/final/floor.json": "0e43830bbf86e84aa1997037390be504c543c3c4e8fb503b524aa070fb81c7f6",
    "evidence/g7/admin-amendment-process/focused-final/g7-admin-Kn7pGc/final/hashes.json": "dc54ebd40531ed6ef39872ebd313670ed20a5e1c81f8a5c11d6a2900283813b2",
    "evidence/g7/admin-amendment-process/focused-final/g7-admin-Kn7pGc/final/identity.json": "18242f7d498a84c02918289c642a0763f6ed7b61a74490149a2747889377eab5",
    "evidence/g7/admin-amendment-process/focused-final/g7-admin-Kn7pGc/final/supervision/incarnation.json": "620817975e606314dc257b4044f4ea9d8586a2acb75ecbf58774726cc3e394d9",
    "evidence/g7/admin-amendment-process/focused-final/g7-admin-Kn7pGc/final/transactions/a42661ca-40e6-48d7-a2f9-d4430d0d040d/000001.json": "e1b533e32473d63dff1037dc383692a1a054aa95893d8f80d3009c787678bab6",
    "evidence/g7/admin-amendment-process/focused-final/g7-admin-Kn7pGc/final/transactions/a42661ca-40e6-48d7-a2f9-d4430d0d040d/000002.json": "8726b963ae3391cf72062875fdfb09bc9f560f6b622d052fe4a5a62de69d3129",
    "evidence/g7/admin-amendment-process/focused-final/g7-admin-Kn7pGc/final/transactions/a42661ca-40e6-48d7-a2f9-d4430d0d040d/000003.json": "8efc0f6f42244cf3f884863c9676401e53274e5ca2b572fe7f254aeff142804c",
    "evidence/g7/admin-amendment-process/focused-final/g7-admin-Kn7pGc/final/transactions/a42661ca-40e6-48d7-a2f9-d4430d0d040d/000004.json": "3e97b6e784f64d10f5fcaa39035c4ed7c53d208ec9f9b690656425e307ecda29",
    "evidence/g7/admin-amendment-process/focused-final/g7-admin-Kn7pGc/original/accepted.json": "5e3da0d2b7254adf20c67d3b642e6050931f5e920f18174bdb1287f5aa6ab999",
    "evidence/g7/admin-amendment-process/focused-final/g7-admin-Kn7pGc/original/floor.json": "0e43830bbf86e84aa1997037390be504c543c3c4e8fb503b524aa070fb81c7f6",
    "evidence/g7/admin-amendment-process/focused-final/g7-admin-Kn7pGc/original/hashes.json": "4b602ffe27493e3560c1f3a5848d72ed81554a5cc0ac0f0876722c7a072b3642",
    "evidence/g7/admin-amendment-process/focused-final/g7-admin-Kn7pGc/original/identity.json": "18242f7d498a84c02918289c642a0763f6ed7b61a74490149a2747889377eab5",
    "evidence/g7/admin-amendment-process/focused-final/g7-admin-Kn7pGc/original/supervision/incarnation.json": "620817975e606314dc257b4044f4ea9d8586a2acb75ecbf58774726cc3e394d9",
    "evidence/g7/admin-amendment-process/focused-final/g7-admin-Kn7pGc/original/transactions/a42661ca-40e6-48d7-a2f9-d4430d0d040d/000001.json": "e1b533e32473d63dff1037dc383692a1a054aa95893d8f80d3009c787678bab6",
    "evidence/g7/admin-amendment-process/focused-final/g7-admin-Kn7pGc/original/transactions/a42661ca-40e6-48d7-a2f9-d4430d0d040d/000002.json": "8726b963ae3391cf72062875fdfb09bc9f560f6b622d052fe4a5a62de69d3129",
    "evidence/g7/admin-amendment-process/focused-final/g7-admin-Kn7pGc/original/transactions/a42661ca-40e6-48d7-a2f9-d4430d0d040d/000003.json": "8efc0f6f42244cf3f884863c9676401e53274e5ca2b572fe7f254aeff142804c",
    "evidence/g7/admin-amendment-process/focused-final/g7-admin-Kn7pGc/original/transactions/a42661ca-40e6-48d7-a2f9-d4430d0d040d/000004.json": "3e97b6e784f64d10f5fcaa39035c4ed7c53d208ec9f9b690656425e307ecda29",
    "evidence/g7/admin-amendment-process/focused-final/g7-admin-Kn7pGc/stderr.log": "e3b0c44298fc1c149afbf4c8996fb92427ae41e4649b934ca495991b7852b855",
    "evidence/g7/admin-amendment-process/focused-final/g7-admin-RWAI9K/final/floor.json": "df945d7be47b706a56e727cec45e94f600ff740f201279507f82ae657816894f",
    "evidence/g7/admin-amendment-process/focused-final/g7-admin-RWAI9K/final/hashes.json": "ad24923ada2a092b7164d34ea24505efb54d64296eb691d402f2db5c398186cb",
    "evidence/g7/admin-amendment-process/focused-final/g7-admin-RWAI9K/final/identity.json": "6b749b232cc9584a88052a052dbc577bd8dab3013d620d76b0ceb0b32e04e6d5",
    "evidence/g7/admin-amendment-process/focused-final/g7-admin-RWAI9K/final/supervision/incarnation.json": "ce912fa6411bc53e2ddac20eea69594b856e2184535af98314e8b9bead22a2ba",
    "evidence/g7/admin-amendment-process/focused-final/g7-admin-RWAI9K/final/transactions/6b016c39-8b5a-4b4e-94aa-5bda8bd846de/000001.json": "e4ad1c9ea5cab09e35337aeb6c446312cf95489488d2130358e92ae13e92e175",
    "evidence/g7/admin-amendment-process/focused-final/g7-admin-RWAI9K/final/transactions/6b016c39-8b5a-4b4e-94aa-5bda8bd846de/000002.json": "4ad2148deffe3beede99e5480c733c550d4afe667f8e12552951cd1aaa4371e1",
    "evidence/g7/admin-amendment-process/focused-final/g7-admin-RWAI9K/stderr.log": "e3b0c44298fc1c149afbf4c8996fb92427ae41e4649b934ca495991b7852b855",
    "evidence/g7/admin-amendment-process/focused-final/g7-admin-Vap3Wu/final/floor.json": "271d73da2e759f8d4ae1fe46d65fa24682ef07d12d5fe7f6de96564c3c3553d0",
    "evidence/g7/admin-amendment-process/focused-final/g7-admin-Vap3Wu/final/hashes.json": "c9d4aade579faa61297dbcd7982d761c315c2fc3b279540f95e97939bf78326f",
    "evidence/g7/admin-amendment-process/focused-final/g7-admin-Vap3Wu/final/identity.json": "c65c5813f8310747a2e266a2a3e8905bedb69b7988314e0e95eeab6c72bc7263",
    "evidence/g7/admin-amendment-process/focused-final/g7-admin-Vap3Wu/final/next-19679203-d606-46a1-9fd8-d3baa135bd17": "2e6a76da07b1b902e2a3878829b10f187a8fabd619abb51462aff641f7a22821",
    "evidence/g7/admin-amendment-process/focused-final/g7-admin-Vap3Wu/final/supervision/incarnation.json": "c432f1e200641ff9b586185c85e022d4d11fca569f4a2c7ce1bfe67cccb661f9",
    "evidence/g7/admin-amendment-process/focused-final/g7-admin-Vap3Wu/final/transactions/504a7882-0443-4ae3-8acf-c0fc1571f875/000001.json": "8a6d7f55829d55156222718cca7f74218093b814fa39faec1c067fb9a667b493",
    "evidence/g7/admin-amendment-process/focused-final/g7-admin-Vap3Wu/final/transactions/504a7882-0443-4ae3-8acf-c0fc1571f875/000002.json": "098ff8efc959ed7fda40de532e9c35ef94d82910ea0af8c8558994a91bc6c740",
    "evidence/g7/admin-amendment-process/focused-final/g7-admin-Vap3Wu/final/transactions/504a7882-0443-4ae3-8acf-c0fc1571f875/000003.json": "cf6ba4ea441695cf6543c38514535175fb4fc4231feb63417cb37920434c5ee6",
    "evidence/g7/admin-amendment-process/focused-final/g7-admin-Vap3Wu/stderr.log": "e3b0c44298fc1c149afbf4c8996fb92427ae41e4649b934ca495991b7852b855",
    "evidence/g7/admin-amendment-process/focused-final/g7-admin-Vap3Wu/stopped-at-boundary/floor.json": "271d73da2e759f8d4ae1fe46d65fa24682ef07d12d5fe7f6de96564c3c3553d0",
    "evidence/g7/admin-amendment-process/focused-final/g7-admin-Vap3Wu/stopped-at-boundary/hashes.json": "c9d4aade579faa61297dbcd7982d761c315c2fc3b279540f95e97939bf78326f",
    "evidence/g7/admin-amendment-process/focused-final/g7-admin-Vap3Wu/stopped-at-boundary/identity.json": "c65c5813f8310747a2e266a2a3e8905bedb69b7988314e0e95eeab6c72bc7263",
    "evidence/g7/admin-amendment-process/focused-final/g7-admin-Vap3Wu/stopped-at-boundary/next-19679203-d606-46a1-9fd8-d3baa135bd17": "2e6a76da07b1b902e2a3878829b10f187a8fabd619abb51462aff641f7a22821",
    "evidence/g7/admin-amendment-process/focused-final/g7-admin-Vap3Wu/stopped-at-boundary/supervision/incarnation.json": "c432f1e200641ff9b586185c85e022d4d11fca569f4a2c7ce1bfe67cccb661f9",
    "evidence/g7/admin-amendment-process/focused-final/g7-admin-Vap3Wu/stopped-at-boundary/transactions/504a7882-0443-4ae3-8acf-c0fc1571f875/000001.json": "8a6d7f55829d55156222718cca7f74218093b814fa39faec1c067fb9a667b493",
    "evidence/g7/admin-amendment-process/focused-final/g7-admin-Vap3Wu/stopped-at-boundary/transactions/504a7882-0443-4ae3-8acf-c0fc1571f875/000002.json": "098ff8efc959ed7fda40de532e9c35ef94d82910ea0af8c8558994a91bc6c740",
    "evidence/g7/admin-amendment-process/focused-final/g7-admin-Vap3Wu/stopped-at-boundary/transactions/504a7882-0443-4ae3-8acf-c0fc1571f875/000003.json": "cf6ba4ea441695cf6543c38514535175fb4fc4231feb63417cb37920434c5ee6",
    "evidence/g7/admin-amendment-process/focused-final/g7-admin-WFS4EQ/final/accepted.json": "ce34edca139f252602804b024108127370100d3790f9c32663cdd1b6b42d0517",
    "evidence/g7/admin-amendment-process/focused-final/g7-admin-WFS4EQ/final/floor.json": "08a64867ec59857b532acc4b4771c7c4bdf4f2d0c8866188eaa75d251dbd67a6",
    "evidence/g7/admin-amendment-process/focused-final/g7-admin-WFS4EQ/final/hashes.json": "e1f52bbd5d0189fe7b4c375212a20f54cba74a285692b39f03ee79d0be4870a4",
    "evidence/g7/admin-amendment-process/focused-final/g7-admin-WFS4EQ/final/identity.json": "b1691aa5c1f6daab0a3ff4c29f489d822f3458db0d41e40f891a098cbce06911",
    "evidence/g7/admin-amendment-process/focused-final/g7-admin-WFS4EQ/final/supervision/incarnation.json": "8786868b2b1a5538dc36362958690b66dd4911fa929d1cfcb0afef1c8fac2b55",
    "evidence/g7/admin-amendment-process/focused-final/g7-admin-WFS4EQ/final/transactions/5bfc8245-b956-43d2-a31c-228b40cc18d1/000001.json": "e8c9a1711506869ee2a1409e3e8b1b4fe37f91779e28599258ebb80b5b87edb8",
    "evidence/g7/admin-amendment-process/focused-final/g7-admin-WFS4EQ/final/transactions/5bfc8245-b956-43d2-a31c-228b40cc18d1/000002.json": "91240cee3c62851bbeab0d754590d433174b6f8dd553300d37a507bdc85a6775",
    "evidence/g7/admin-amendment-process/focused-final/g7-admin-WFS4EQ/final/transactions/5bfc8245-b956-43d2-a31c-228b40cc18d1/000003.json": "6c600a65df131211b05fba37d460c4a9fd7f3b4df28599993bd2c665b67cf8e8",
    "evidence/g7/admin-amendment-process/focused-final/g7-admin-WFS4EQ/final/transactions/5bfc8245-b956-43d2-a31c-228b40cc18d1/000004.json": "190b15f3e07ab3f9089685481be30c80ab9f4f8db7575eb32eb9cf74604fa356",
    "evidence/g7/admin-amendment-process/focused-final/g7-admin-WFS4EQ/stderr.log": "e3b0c44298fc1c149afbf4c8996fb92427ae41e4649b934ca495991b7852b855",
    "evidence/g7/admin-amendment-process/focused-final/g7-admin-bXeXBR/final/accepted.json": "b409577f869fd320a589fd0b12917831dbd6a508ea4452bc511760594a3b6831",
    "evidence/g7/admin-amendment-process/focused-final/g7-admin-bXeXBR/final/floor.json": "753a78952b4c30d6c3ad7c5424994a08812b105c27f3dd710844404aec8af7d3",
    "evidence/g7/admin-amendment-process/focused-final/g7-admin-bXeXBR/final/hashes.json": "fe66b312cc80ac496f3e39b431e7ee219a80a126e160971ffc1b4189908694e7",
    "evidence/g7/admin-amendment-process/focused-final/g7-admin-bXeXBR/final/identity.json": "660f39182a95ea49455ad074084f13f2772a16dd502f3a8ff0a40ceb0b874fca",
    "evidence/g7/admin-amendment-process/focused-final/g7-admin-bXeXBR/final/supervision/incarnation.json": "29081fb959c42c089ad4104550bd990daaf6b6b749c10f2c8cfb98d276bfdf9a",
    "evidence/g7/admin-amendment-process/focused-final/g7-admin-bXeXBR/final/transactions/7516d032-a7b2-4657-bc2a-0538cf553c85/000001.json": "42fa3c212fc16fb83568bd7a3722517d1aa4a4b0e55ca8d3613505653687005e",
    "evidence/g7/admin-amendment-process/focused-final/g7-admin-bXeXBR/final/transactions/7516d032-a7b2-4657-bc2a-0538cf553c85/000002.json": "dc0959667b31d5291e9e3db9065342a199d21d02eb5d59e79162bbebf7723ed7",
    "evidence/g7/admin-amendment-process/focused-final/g7-admin-bXeXBR/final/transactions/7516d032-a7b2-4657-bc2a-0538cf553c85/000003.json": "ad8e840dada79f03be56031af24116a35ee771e2a7e4b827d5962c60c6ce2823",
    "evidence/g7/admin-amendment-process/focused-final/g7-admin-bXeXBR/final/transactions/7516d032-a7b2-4657-bc2a-0538cf553c85/000004.json": "ab55f80c83c37a6a0d8b0a751eaf3cc21447a8f9bb115f9d403cc9d0f894b0ac",
    "evidence/g7/admin-amendment-process/focused-final/g7-admin-bXeXBR/stderr.log": "e3b0c44298fc1c149afbf4c8996fb92427ae41e4649b934ca495991b7852b855",
    "evidence/g7/admin-amendment-process/focused-final/g7-admin-bfE4eB/final/accepted.json": "eca6cf0b14d2efd3411ba0a62f4d79a71d1ad4cf8aad6cc3bc4bef8c80425cb2",
    "evidence/g7/admin-amendment-process/focused-final/g7-admin-bfE4eB/final/floor.json": "c853abec93562549174a9a81d3a4034d084f3b049c5678b96a5d7eb4e24bbcae",
    "evidence/g7/admin-amendment-process/focused-final/g7-admin-bfE4eB/final/hashes.json": "909733335b1dc82592c8eaaca9080bc850d0623470dc79a98a9ccb5afcbd7a9b",
    "evidence/g7/admin-amendment-process/focused-final/g7-admin-bfE4eB/final/identity.json": "65eaae55ae9c4ff384e745d1969fb23e411c9ccb17e75384656cb46fed93bf8b",
    "evidence/g7/admin-amendment-process/focused-final/g7-admin-bfE4eB/final/supervision/incarnation.json": "0a73e835cb2d26398b602a121bdc40bfdf2502d560739469ad2824111440f369",
    "evidence/g7/admin-amendment-process/focused-final/g7-admin-bfE4eB/final/transactions/13ccbfbd-a35a-4731-8323-9ff842682466/000001.json": "f5190c7ab21b136f2685e38eed5305160bc4c99fd822101b408a250f92ffd37e",
    "evidence/g7/admin-amendment-process/focused-final/g7-admin-bfE4eB/final/transactions/13ccbfbd-a35a-4731-8323-9ff842682466/000002.json": "a96cb147c963d9f44d2c4612eb584b1fce7b0dba8cd36d78cac82dcd866b0afb",
    "evidence/g7/admin-amendment-process/focused-final/g7-admin-bfE4eB/final/transactions/13ccbfbd-a35a-4731-8323-9ff842682466/000003.json": "207b38861f1b02fd8c93f857930ff44b937125235c5a4f9678101292b9a64c52",
    "evidence/g7/admin-amendment-process/focused-final/g7-admin-bfE4eB/final/transactions/13ccbfbd-a35a-4731-8323-9ff842682466/000004.json": "0ea66e63300254bf2df06b4c8482f86b7ed7574b2cb3e4b17bb0be001e80f3d3",
    "evidence/g7/admin-amendment-process/focused-final/g7-admin-bfE4eB/original/accepted.json": "eca6cf0b14d2efd3411ba0a62f4d79a71d1ad4cf8aad6cc3bc4bef8c80425cb2",
    "evidence/g7/admin-amendment-process/focused-final/g7-admin-bfE4eB/original/floor.json": "c853abec93562549174a9a81d3a4034d084f3b049c5678b96a5d7eb4e24bbcae",
    "evidence/g7/admin-amendment-process/focused-final/g7-admin-bfE4eB/original/hashes.json": "909733335b1dc82592c8eaaca9080bc850d0623470dc79a98a9ccb5afcbd7a9b",
    "evidence/g7/admin-amendment-process/focused-final/g7-admin-bfE4eB/original/identity.json": "65eaae55ae9c4ff384e745d1969fb23e411c9ccb17e75384656cb46fed93bf8b",
    "evidence/g7/admin-amendment-process/focused-final/g7-admin-bfE4eB/original/supervision/incarnation.json": "0a73e835cb2d26398b602a121bdc40bfdf2502d560739469ad2824111440f369",
    "evidence/g7/admin-amendment-process/focused-final/g7-admin-bfE4eB/original/transactions/13ccbfbd-a35a-4731-8323-9ff842682466/000001.json": "f5190c7ab21b136f2685e38eed5305160bc4c99fd822101b408a250f92ffd37e",
    "evidence/g7/admin-amendment-process/focused-final/g7-admin-bfE4eB/original/transactions/13ccbfbd-a35a-4731-8323-9ff842682466/000002.json": "a96cb147c963d9f44d2c4612eb584b1fce7b0dba8cd36d78cac82dcd866b0afb",
    "evidence/g7/admin-amendment-process/focused-final/g7-admin-bfE4eB/original/transactions/13ccbfbd-a35a-4731-8323-9ff842682466/000003.json": "207b38861f1b02fd8c93f857930ff44b937125235c5a4f9678101292b9a64c52",
    "evidence/g7/admin-amendment-process/focused-final/g7-admin-bfE4eB/original/transactions/13ccbfbd-a35a-4731-8323-9ff842682466/000004.json": "0ea66e63300254bf2df06b4c8482f86b7ed7574b2cb3e4b17bb0be001e80f3d3",
    "evidence/g7/admin-amendment-process/focused-final/g7-admin-bfE4eB/stderr.log": "e3b0c44298fc1c149afbf4c8996fb92427ae41e4649b934ca495991b7852b855",
    "evidence/g7/admin-amendment-process/focused-final/g7-admin-h4PbOz/final/accepted.json": "9e40c02a37c21c4bc931bb7f96ef8d7aa62de540c2dded651e6438ac44e47035",
    "evidence/g7/admin-amendment-process/focused-final/g7-admin-h4PbOz/final/floor.json": "7c0d319483b916e34259a6699c1aa1e64cb73e8fa1acc6c499a55de4f12d173b",
    "evidence/g7/admin-amendment-process/focused-final/g7-admin-h4PbOz/final/hashes.json": "87449a7e85e296972887ca5a7e57c50840c2380fac903c70da02171138725189",
    "evidence/g7/admin-amendment-process/focused-final/g7-admin-h4PbOz/final/identity.json": "64228f822de5cb499fae5ae8c5a561b47867d253aca7942d32f12e8d4f7f2e46",
    "evidence/g7/admin-amendment-process/focused-final/g7-admin-h4PbOz/final/supervision/incarnation.json": "b53cc494a6dee669d77354ecfdaa17f486528691d87fe3b1595454a8a94932d2",
    "evidence/g7/admin-amendment-process/focused-final/g7-admin-h4PbOz/final/transactions/55bf7ffc-a2f3-457b-aa68-f099542e67c7/000001.json": "093292f9fe1599ee31866438229098a9f0585e60b0b34a8335c4aa6f412da257",
    "evidence/g7/admin-amendment-process/focused-final/g7-admin-h4PbOz/final/transactions/55bf7ffc-a2f3-457b-aa68-f099542e67c7/000002.json": "a4dc4398d1b8f93fcce6a0714e42a112f36bc55caa73cdc9f789e473cba9696e",
    "evidence/g7/admin-amendment-process/focused-final/g7-admin-h4PbOz/final/transactions/55bf7ffc-a2f3-457b-aa68-f099542e67c7/000003.json": "47e2d7f5869d99fae6caf34b832a4366e1054848f45f62035b2678007d131201",
    "evidence/g7/admin-amendment-process/focused-final/g7-admin-h4PbOz/final/transactions/55bf7ffc-a2f3-457b-aa68-f099542e67c7/000004.json": "d62016ec1db2bcb550dfb34150932b37408f67df57ca3359ab81b408213a1d1c",
    "evidence/g7/admin-amendment-process/focused-final/g7-admin-h4PbOz/original/accepted.json": "9e40c02a37c21c4bc931bb7f96ef8d7aa62de540c2dded651e6438ac44e47035",
    "evidence/g7/admin-amendment-process/focused-final/g7-admin-h4PbOz/original/floor.json": "0177b664a2d30753d80a81d42ba9be65f981c8b97b2895e75b4a160185f170e6",
    "evidence/g7/admin-amendment-process/focused-final/g7-admin-h4PbOz/original/hashes.json": "ba86d9cf6f6337a3ffb28470f36b9fcf84666338c74fff49245df142068f74f2",
    "evidence/g7/admin-amendment-process/focused-final/g7-admin-h4PbOz/original/identity.json": "64228f822de5cb499fae5ae8c5a561b47867d253aca7942d32f12e8d4f7f2e46",
    "evidence/g7/admin-amendment-process/focused-final/g7-admin-h4PbOz/original/supervision/incarnation.json": "b53cc494a6dee669d77354ecfdaa17f486528691d87fe3b1595454a8a94932d2",
    "evidence/g7/admin-amendment-process/focused-final/g7-admin-h4PbOz/original/transactions/55bf7ffc-a2f3-457b-aa68-f099542e67c7/000001.json": "093292f9fe1599ee31866438229098a9f0585e60b0b34a8335c4aa6f412da257",
    "evidence/g7/admin-amendment-process/focused-final/g7-admin-h4PbOz/original/transactions/55bf7ffc-a2f3-457b-aa68-f099542e67c7/000002.json": "a4dc4398d1b8f93fcce6a0714e42a112f36bc55caa73cdc9f789e473cba9696e",
    "evidence/g7/admin-amendment-process/focused-final/g7-admin-h4PbOz/original/transactions/55bf7ffc-a2f3-457b-aa68-f099542e67c7/000003.json": "47e2d7f5869d99fae6caf34b832a4366e1054848f45f62035b2678007d131201",
    "evidence/g7/admin-amendment-process/focused-final/g7-admin-h4PbOz/original/transactions/55bf7ffc-a2f3-457b-aa68-f099542e67c7/000004.json": "d62016ec1db2bcb550dfb34150932b37408f67df57ca3359ab81b408213a1d1c",
    "evidence/g7/admin-amendment-process/focused-final/g7-admin-h4PbOz/stderr.log": "e3b0c44298fc1c149afbf4c8996fb92427ae41e4649b934ca495991b7852b855",
    "evidence/g7/admin-amendment-process/focused-final/g7-admin-h4PbOz/stopped-at-boundary/accepted.json": "9e40c02a37c21c4bc931bb7f96ef8d7aa62de540c2dded651e6438ac44e47035",
    "evidence/g7/admin-amendment-process/focused-final/g7-admin-h4PbOz/stopped-at-boundary/floor.json": "7c0d319483b916e34259a6699c1aa1e64cb73e8fa1acc6c499a55de4f12d173b",
    "evidence/g7/admin-amendment-process/focused-final/g7-admin-h4PbOz/stopped-at-boundary/hashes.json": "87449a7e85e296972887ca5a7e57c50840c2380fac903c70da02171138725189",
    "evidence/g7/admin-amendment-process/focused-final/g7-admin-h4PbOz/stopped-at-boundary/identity.json": "64228f822de5cb499fae5ae8c5a561b47867d253aca7942d32f12e8d4f7f2e46",
    "evidence/g7/admin-amendment-process/focused-final/g7-admin-h4PbOz/stopped-at-boundary/supervision/incarnation.json": "b53cc494a6dee669d77354ecfdaa17f486528691d87fe3b1595454a8a94932d2",
    "evidence/g7/admin-amendment-process/focused-final/g7-admin-h4PbOz/stopped-at-boundary/transactions/55bf7ffc-a2f3-457b-aa68-f099542e67c7/000001.json": "093292f9fe1599ee31866438229098a9f0585e60b0b34a8335c4aa6f412da257",
    "evidence/g7/admin-amendment-process/focused-final/g7-admin-h4PbOz/stopped-at-boundary/transactions/55bf7ffc-a2f3-457b-aa68-f099542e67c7/000002.json": "a4dc4398d1b8f93fcce6a0714e42a112f36bc55caa73cdc9f789e473cba9696e",
    "evidence/g7/admin-amendment-process/focused-final/g7-admin-h4PbOz/stopped-at-boundary/transactions/55bf7ffc-a2f3-457b-aa68-f099542e67c7/000003.json": "47e2d7f5869d99fae6caf34b832a4366e1054848f45f62035b2678007d131201",
    "evidence/g7/admin-amendment-process/focused-final/g7-admin-h4PbOz/stopped-at-boundary/transactions/55bf7ffc-a2f3-457b-aa68-f099542e67c7/000004.json": "d62016ec1db2bcb550dfb34150932b37408f67df57ca3359ab81b408213a1d1c",
    "evidence/g7/admin-amendment-process/focused-final/g7-admin-hNGUns/final/accepted.json": "feded83e0f36cbcfcff8f742e18581c68cb0993f755c820939e6c4df907e1b8d",
    "evidence/g7/admin-amendment-process/focused-final/g7-admin-hNGUns/final/floor.json": "8b59dfab4b2e02a769c4f1919b9fc347c832b14f3f7baa98ee065667ab9d5fbb",
    "evidence/g7/admin-amendment-process/focused-final/g7-admin-hNGUns/final/hashes.json": "b62b81d634ed16fcc722bfff36f7d836a8b8e99f5cd0eeebdf8749413652990a",
    "evidence/g7/admin-amendment-process/focused-final/g7-admin-hNGUns/final/identity.json": "15b53244feab86d8ff3313437cdb896d2d7934b21d74aa42d52c3986daba8caa",
    "evidence/g7/admin-amendment-process/focused-final/g7-admin-hNGUns/final/supervision/incarnation.json": "2e42edf382918e6f7440c19810fdb3febd9b4206c852bb02040789af546ced6a",
    "evidence/g7/admin-amendment-process/focused-final/g7-admin-hNGUns/final/transactions/109d49f9-f9cb-49c0-995d-21e44f1a1fc9/000001.json": "2f5d72f1155a701d09ef54c940577456e8cb4df6f07eb1e1f87bc387872c5028",
    "evidence/g7/admin-amendment-process/focused-final/g7-admin-hNGUns/final/transactions/109d49f9-f9cb-49c0-995d-21e44f1a1fc9/000002.json": "d7ec98661c02da97e0caf07a79f7a1cdfc05c765565193eaaa54c731618d5205",
    "evidence/g7/admin-amendment-process/focused-final/g7-admin-hNGUns/final/transactions/109d49f9-f9cb-49c0-995d-21e44f1a1fc9/000003.json": "d5f41a9f2743dc5118a97b27fbea7cbf2d4c9112dea8b70152a6dcb60be2ce36",
    "evidence/g7/admin-amendment-process/focused-final/g7-admin-hNGUns/stderr.log": "e3b0c44298fc1c149afbf4c8996fb92427ae41e4649b934ca495991b7852b855",
    "evidence/g7/admin-amendment-process/focused-final/g7-admin-hNGUns/stopped-at-boundary/accepted.json": "feded83e0f36cbcfcff8f742e18581c68cb0993f755c820939e6c4df907e1b8d",
    "evidence/g7/admin-amendment-process/focused-final/g7-admin-hNGUns/stopped-at-boundary/floor.json": "8b59dfab4b2e02a769c4f1919b9fc347c832b14f3f7baa98ee065667ab9d5fbb",
    "evidence/g7/admin-amendment-process/focused-final/g7-admin-hNGUns/stopped-at-boundary/hashes.json": "b62b81d634ed16fcc722bfff36f7d836a8b8e99f5cd0eeebdf8749413652990a",
    "evidence/g7/admin-amendment-process/focused-final/g7-admin-hNGUns/stopped-at-boundary/identity.json": "15b53244feab86d8ff3313437cdb896d2d7934b21d74aa42d52c3986daba8caa",
    "evidence/g7/admin-amendment-process/focused-final/g7-admin-hNGUns/stopped-at-boundary/supervision/incarnation.json": "2e42edf382918e6f7440c19810fdb3febd9b4206c852bb02040789af546ced6a",
    "evidence/g7/admin-amendment-process/focused-final/g7-admin-hNGUns/stopped-at-boundary/transactions/109d49f9-f9cb-49c0-995d-21e44f1a1fc9/000001.json": "2f5d72f1155a701d09ef54c940577456e8cb4df6f07eb1e1f87bc387872c5028",
    "evidence/g7/admin-amendment-process/focused-final/g7-admin-hNGUns/stopped-at-boundary/transactions/109d49f9-f9cb-49c0-995d-21e44f1a1fc9/000002.json": "d7ec98661c02da97e0caf07a79f7a1cdfc05c765565193eaaa54c731618d5205",
    "evidence/g7/admin-amendment-process/focused-final/g7-admin-hNGUns/stopped-at-boundary/transactions/109d49f9-f9cb-49c0-995d-21e44f1a1fc9/000003.json": "d5f41a9f2743dc5118a97b27fbea7cbf2d4c9112dea8b70152a6dcb60be2ce36",
    "evidence/g7/admin-amendment-process/focused-final/g7-admin-iynV7G/final/accepted.json": "ccd7cd63500d7dd7fe9de7d0b2d57f5406f8fdd00fd3a8252b0c7c04543cc226",
    "evidence/g7/admin-amendment-process/focused-final/g7-admin-iynV7G/final/floor.json": "6be9aef517b3df1b50ba7658bd41acc414d7501732f2de9175fdff3085221677",
    "evidence/g7/admin-amendment-process/focused-final/g7-admin-iynV7G/final/hashes.json": "b1837ced1f50b79cea3ee2ea90cd76269487f5eb8e2748c2fae180ad570f4310",
    "evidence/g7/admin-amendment-process/focused-final/g7-admin-iynV7G/final/identity.json": "e0c8e8282bdecc58462f6f61f6ddb8500bd733d6cee4f1a49ef6732a2cb0ac3a",
    "evidence/g7/admin-amendment-process/focused-final/g7-admin-iynV7G/final/supervision/incarnation.json": "7b1dda9f1a383a0642563c5f897563948fd18c072e0718b1127a85b2fa387de8",
    "evidence/g7/admin-amendment-process/focused-final/g7-admin-iynV7G/final/transactions/11014593-9330-4b65-9c7f-141606257184/000001.json": "382023836109ca8b2456bc051c8c7f66065719ae533a057bd57b03a682cbd5a9",
    "evidence/g7/admin-amendment-process/focused-final/g7-admin-iynV7G/final/transactions/11014593-9330-4b65-9c7f-141606257184/000002.json": "cb81f10b4a5639bef10653483d8f001f0c0738d6b32a52141d45b9ab015613b0",
    "evidence/g7/admin-amendment-process/focused-final/g7-admin-iynV7G/final/transactions/11014593-9330-4b65-9c7f-141606257184/000003.json": "4bc238e47742a3b86725389568d81b095a47a68828bd2a359718ca692ab783df",
    "evidence/g7/admin-amendment-process/focused-final/g7-admin-iynV7G/stderr.log": "e3b0c44298fc1c149afbf4c8996fb92427ae41e4649b934ca495991b7852b855",
    "evidence/g7/admin-amendment-process/focused-final/g7-admin-iynV7G/stopped-at-boundary/accepted.json": "ccd7cd63500d7dd7fe9de7d0b2d57f5406f8fdd00fd3a8252b0c7c04543cc226",
    "evidence/g7/admin-amendment-process/focused-final/g7-admin-iynV7G/stopped-at-boundary/floor.json": "6be9aef517b3df1b50ba7658bd41acc414d7501732f2de9175fdff3085221677",
    "evidence/g7/admin-amendment-process/focused-final/g7-admin-iynV7G/stopped-at-boundary/hashes.json": "b1837ced1f50b79cea3ee2ea90cd76269487f5eb8e2748c2fae180ad570f4310",
    "evidence/g7/admin-amendment-process/focused-final/g7-admin-iynV7G/stopped-at-boundary/identity.json": "e0c8e8282bdecc58462f6f61f6ddb8500bd733d6cee4f1a49ef6732a2cb0ac3a",
    "evidence/g7/admin-amendment-process/focused-final/g7-admin-iynV7G/stopped-at-boundary/supervision/incarnation.json": "7b1dda9f1a383a0642563c5f897563948fd18c072e0718b1127a85b2fa387de8",
    "evidence/g7/admin-amendment-process/focused-final/g7-admin-iynV7G/stopped-at-boundary/transactions/11014593-9330-4b65-9c7f-141606257184/000001.json": "382023836109ca8b2456bc051c8c7f66065719ae533a057bd57b03a682cbd5a9",
    "evidence/g7/admin-amendment-process/focused-final/g7-admin-iynV7G/stopped-at-boundary/transactions/11014593-9330-4b65-9c7f-141606257184/000002.json": "cb81f10b4a5639bef10653483d8f001f0c0738d6b32a52141d45b9ab015613b0",
    "evidence/g7/admin-amendment-process/focused-final/g7-admin-iynV7G/stopped-at-boundary/transactions/11014593-9330-4b65-9c7f-141606257184/000003.json": "4bc238e47742a3b86725389568d81b095a47a68828bd2a359718ca692ab783df",
    "evidence/g7/admin-amendment-process/focused-final/g7-admin-n43LXm/failed-validation/accepted.json": "44136fa355b3678a1146ad16f7e8649e94fb4fc21fe77e8310c060f61caaff8a",
    "evidence/g7/admin-amendment-process/focused-final/g7-admin-n43LXm/failed-validation/floor.json": "1ceeaec0da7332e5dc9005c84b371e096d15c18eb0813e2c168397b625871ea3",
    "evidence/g7/admin-amendment-process/focused-final/g7-admin-n43LXm/failed-validation/hashes.json": "be33afa14250bdb2c2476f49eceef79880c36bf7dc58efdba7399bb948c3adb8",
    "evidence/g7/admin-amendment-process/focused-final/g7-admin-n43LXm/failed-validation/identity.json": "f279505f431b39d10eaef65d8cf44e8f57bdf86e207552a9da0ea62787039cf3",
    "evidence/g7/admin-amendment-process/focused-final/g7-admin-n43LXm/failed-validation/supervision/incarnation.json": "3f439b0bfd7b073e17879c1f3dec5a21588ac8795ae2178dda2358c1983335ce",
    "evidence/g7/admin-amendment-process/focused-final/g7-admin-n43LXm/failed-validation/transactions/e75cb041-e85f-4825-9ab9-ecdb2522ac1c/000001.json": "5f5e6019f310929976ae225e5e2870927c89a4a6e9bdcf1ef28ff9739cec0fdf",
    "evidence/g7/admin-amendment-process/focused-final/g7-admin-n43LXm/failed-validation/transactions/e75cb041-e85f-4825-9ab9-ecdb2522ac1c/000002.json": "e2e6859fdf2379912a81d90ff28492450aec564e6c8ab6b20e614fef97952334",
    "evidence/g7/admin-amendment-process/focused-final/g7-admin-n43LXm/failed-validation/transactions/e75cb041-e85f-4825-9ab9-ecdb2522ac1c/000003.json": "92706f63f0f97f3ff78e066e91cf90f81b981bacc8e6473ec6d7d418d07388f8",
    "evidence/g7/admin-amendment-process/focused-final/g7-admin-n43LXm/failed-validation/transactions/e75cb041-e85f-4825-9ab9-ecdb2522ac1c/000004.json": "3260b44a0053e40b9c7fe623a3c61713d0cc152e42708d2ad74fd7569f8399a4",
    "evidence/g7/admin-amendment-process/focused-final/g7-admin-n43LXm/final/accepted.json": "c50d982118c74833aceadfd2d6c46f98a5c8d557887d4b1cf48c9d91133f670b",
    "evidence/g7/admin-amendment-process/focused-final/g7-admin-n43LXm/final/floor.json": "1ceeaec0da7332e5dc9005c84b371e096d15c18eb0813e2c168397b625871ea3",
    "evidence/g7/admin-amendment-process/focused-final/g7-admin-n43LXm/final/hashes.json": "37bafd3c2761e128830493a83e3c96551c9f4971fd627223d7797aefe824d4b3",
    "evidence/g7/admin-amendment-process/focused-final/g7-admin-n43LXm/final/identity.json": "f279505f431b39d10eaef65d8cf44e8f57bdf86e207552a9da0ea62787039cf3",
    "evidence/g7/admin-amendment-process/focused-final/g7-admin-n43LXm/final/supervision/incarnation.json": "3f439b0bfd7b073e17879c1f3dec5a21588ac8795ae2178dda2358c1983335ce",
    "evidence/g7/admin-amendment-process/focused-final/g7-admin-n43LXm/final/transactions/e75cb041-e85f-4825-9ab9-ecdb2522ac1c/000001.json": "5f5e6019f310929976ae225e5e2870927c89a4a6e9bdcf1ef28ff9739cec0fdf",
    "evidence/g7/admin-amendment-process/focused-final/g7-admin-n43LXm/final/transactions/e75cb041-e85f-4825-9ab9-ecdb2522ac1c/000002.json": "e2e6859fdf2379912a81d90ff28492450aec564e6c8ab6b20e614fef97952334",
    "evidence/g7/admin-amendment-process/focused-final/g7-admin-n43LXm/final/transactions/e75cb041-e85f-4825-9ab9-ecdb2522ac1c/000003.json": "92706f63f0f97f3ff78e066e91cf90f81b981bacc8e6473ec6d7d418d07388f8",
    "evidence/g7/admin-amendment-process/focused-final/g7-admin-n43LXm/final/transactions/e75cb041-e85f-4825-9ab9-ecdb2522ac1c/000004.json": "3260b44a0053e40b9c7fe623a3c61713d0cc152e42708d2ad74fd7569f8399a4",
    "evidence/g7/admin-amendment-process/focused-final/g7-admin-n43LXm/original/accepted.json": "c50d982118c74833aceadfd2d6c46f98a5c8d557887d4b1cf48c9d91133f670b",
    "evidence/g7/admin-amendment-process/focused-final/g7-admin-n43LXm/original/floor.json": "1ceeaec0da7332e5dc9005c84b371e096d15c18eb0813e2c168397b625871ea3",
    "evidence/g7/admin-amendment-process/focused-final/g7-admin-n43LXm/original/hashes.json": "22e3fd2753d1fef94cb8c7eb74e8410979c945b61dea8bc7f7ce0895812baf64",
    "evidence/g7/admin-amendment-process/focused-final/g7-admin-n43LXm/original/identity.json": "f279505f431b39d10eaef65d8cf44e8f57bdf86e207552a9da0ea62787039cf3",
    "evidence/g7/admin-amendment-process/focused-final/g7-admin-n43LXm/original/supervision/incarnation.json": "3f439b0bfd7b073e17879c1f3dec5a21588ac8795ae2178dda2358c1983335ce",
    "evidence/g7/admin-amendment-process/focused-final/g7-admin-n43LXm/original/transactions/e75cb041-e85f-4825-9ab9-ecdb2522ac1c/000001.json": "5f5e6019f310929976ae225e5e2870927c89a4a6e9bdcf1ef28ff9739cec0fdf",
    "evidence/g7/admin-amendment-process/focused-final/g7-admin-n43LXm/original/transactions/e75cb041-e85f-4825-9ab9-ecdb2522ac1c/000002.json": "e2e6859fdf2379912a81d90ff28492450aec564e6c8ab6b20e614fef97952334",
    "evidence/g7/admin-amendment-process/focused-final/g7-admin-n43LXm/original/transactions/e75cb041-e85f-4825-9ab9-ecdb2522ac1c/000003.json": "92706f63f0f97f3ff78e066e91cf90f81b981bacc8e6473ec6d7d418d07388f8",
    "evidence/g7/admin-amendment-process/focused-final/g7-admin-n43LXm/original/transactions/e75cb041-e85f-4825-9ab9-ecdb2522ac1c/000004.json": "3260b44a0053e40b9c7fe623a3c61713d0cc152e42708d2ad74fd7569f8399a4",
    "evidence/g7/admin-amendment-process/focused-final/g7-admin-n43LXm/stderr.log": "e3b0c44298fc1c149afbf4c8996fb92427ae41e4649b934ca495991b7852b855",
    "evidence/g7/admin-amendment-process/focused-final/g7-admin-nbwUgv/final/accepted.json": "8c1bd1b672afffe1bdf19f3f09121651ada4456473e9a82eee92b3cbbea49c98",
    "evidence/g7/admin-amendment-process/focused-final/g7-admin-nbwUgv/final/floor.json": "4815db3dca648f0f6cba7ffd7507763b5b7eec4f126e94d56bd0c92209ece82d",
    "evidence/g7/admin-amendment-process/focused-final/g7-admin-nbwUgv/final/hashes.json": "a9fb1e06be4827d37adcb1cd364ebc1542bd9baa9d986e9758fe4160c7d5e18e",
    "evidence/g7/admin-amendment-process/focused-final/g7-admin-nbwUgv/final/identity.json": "e390b564931f559a65ea242b53dcea4e97939a33c6ba4f561e6c90f1f4ddabd2",
    "evidence/g7/admin-amendment-process/focused-final/g7-admin-nbwUgv/final/supervision/incarnation.json": "282ce380ccc914fe2883c85a751fca1b10e693af4be44c2b4637621123f01f4d",
    "evidence/g7/admin-amendment-process/focused-final/g7-admin-nbwUgv/final/transactions/8578df58-9b1b-4296-a188-0c3808f39076/000001.json": "a121f7dda39f61f2c5f56edbf9aead5da0a0159ab6527b0cd23924184aef3781",
    "evidence/g7/admin-amendment-process/focused-final/g7-admin-nbwUgv/final/transactions/8578df58-9b1b-4296-a188-0c3808f39076/000002.json": "25185f4c3d3bc35bf7e2838286edbb51ec80de90e3616f67bf25f90c161cd84d",
    "evidence/g7/admin-amendment-process/focused-final/g7-admin-nbwUgv/final/transactions/8578df58-9b1b-4296-a188-0c3808f39076/000003.json": "92ab7d4d294c13e6de689a53de895b17085f04422cb7b8f388db950b5d8c3a67",
    "evidence/g7/admin-amendment-process/focused-final/g7-admin-nbwUgv/final/transactions/8578df58-9b1b-4296-a188-0c3808f39076/000004.json": "9b31bba310bf3e499048150c05b47fa071b5d3b8ce87ab55eda7b40c904a96e7",
    "evidence/g7/admin-amendment-process/focused-final/g7-admin-nbwUgv/original/accepted.json": "8c1bd1b672afffe1bdf19f3f09121651ada4456473e9a82eee92b3cbbea49c98",
    "evidence/g7/admin-amendment-process/focused-final/g7-admin-nbwUgv/original/floor.json": "e67946d4d32677ae49a197c39e934fb891b5d0d0c6e53993ef7b8b6fe5eabd92",
    "evidence/g7/admin-amendment-process/focused-final/g7-admin-nbwUgv/original/hashes.json": "31dfb8cfc179c40f373af18f9927f75cc813e4af25e24850aea16b071119c739",
    "evidence/g7/admin-amendment-process/focused-final/g7-admin-nbwUgv/original/identity.json": "e390b564931f559a65ea242b53dcea4e97939a33c6ba4f561e6c90f1f4ddabd2",
    "evidence/g7/admin-amendment-process/focused-final/g7-admin-nbwUgv/original/supervision/incarnation.json": "282ce380ccc914fe2883c85a751fca1b10e693af4be44c2b4637621123f01f4d",
    "evidence/g7/admin-amendment-process/focused-final/g7-admin-nbwUgv/original/transactions/8578df58-9b1b-4296-a188-0c3808f39076/000001.json": "a121f7dda39f61f2c5f56edbf9aead5da0a0159ab6527b0cd23924184aef3781",
    "evidence/g7/admin-amendment-process/focused-final/g7-admin-nbwUgv/original/transactions/8578df58-9b1b-4296-a188-0c3808f39076/000002.json": "25185f4c3d3bc35bf7e2838286edbb51ec80de90e3616f67bf25f90c161cd84d",
    "evidence/g7/admin-amendment-process/focused-final/g7-admin-nbwUgv/original/transactions/8578df58-9b1b-4296-a188-0c3808f39076/000003.json": "92ab7d4d294c13e6de689a53de895b17085f04422cb7b8f388db950b5d8c3a67",
    "evidence/g7/admin-amendment-process/focused-final/g7-admin-nbwUgv/original/transactions/8578df58-9b1b-4296-a188-0c3808f39076/000004.json": "9b31bba310bf3e499048150c05b47fa071b5d3b8ce87ab55eda7b40c904a96e7",
    "evidence/g7/admin-amendment-process/focused-final/g7-admin-nbwUgv/stderr.log": "e3b0c44298fc1c149afbf4c8996fb92427ae41e4649b934ca495991b7852b855",
    "evidence/g7/admin-amendment-process/focused-final/g7-admin-nbwUgv/stopped-at-boundary/accepted.json": "8c1bd1b672afffe1bdf19f3f09121651ada4456473e9a82eee92b3cbbea49c98",
    "evidence/g7/admin-amendment-process/focused-final/g7-admin-nbwUgv/stopped-at-boundary/floor.json": "4815db3dca648f0f6cba7ffd7507763b5b7eec4f126e94d56bd0c92209ece82d",
    "evidence/g7/admin-amendment-process/focused-final/g7-admin-nbwUgv/stopped-at-boundary/hashes.json": "a9fb1e06be4827d37adcb1cd364ebc1542bd9baa9d986e9758fe4160c7d5e18e",
    "evidence/g7/admin-amendment-process/focused-final/g7-admin-nbwUgv/stopped-at-boundary/identity.json": "e390b564931f559a65ea242b53dcea4e97939a33c6ba4f561e6c90f1f4ddabd2",
    "evidence/g7/admin-amendment-process/focused-final/g7-admin-nbwUgv/stopped-at-boundary/supervision/incarnation.json": "282ce380ccc914fe2883c85a751fca1b10e693af4be44c2b4637621123f01f4d",
    "evidence/g7/admin-amendment-process/focused-final/g7-admin-nbwUgv/stopped-at-boundary/transactions/8578df58-9b1b-4296-a188-0c3808f39076/000001.json": "a121f7dda39f61f2c5f56edbf9aead5da0a0159ab6527b0cd23924184aef3781",
    "evidence/g7/admin-amendment-process/focused-final/g7-admin-nbwUgv/stopped-at-boundary/transactions/8578df58-9b1b-4296-a188-0c3808f39076/000002.json": "25185f4c3d3bc35bf7e2838286edbb51ec80de90e3616f67bf25f90c161cd84d",
    "evidence/g7/admin-amendment-process/focused-final/g7-admin-nbwUgv/stopped-at-boundary/transactions/8578df58-9b1b-4296-a188-0c3808f39076/000003.json": "92ab7d4d294c13e6de689a53de895b17085f04422cb7b8f388db950b5d8c3a67",
    "evidence/g7/admin-amendment-process/focused-final/g7-admin-nbwUgv/stopped-at-boundary/transactions/8578df58-9b1b-4296-a188-0c3808f39076/000004.json": "9b31bba310bf3e499048150c05b47fa071b5d3b8ce87ab55eda7b40c904a96e7",
    "evidence/g7/admin-amendment-process/focused-final/g7-admin-o23Ag0/final/accepted.json": "be5e972f23b345cb2cf1db42cef6e9b507fd5d0d8d86dfbba8a29c6a7651412f",
    "evidence/g7/admin-amendment-process/focused-final/g7-admin-o23Ag0/final/floor.json": "6a0f8b5393cdd01a2ca0d3cbdc555069781824398cd33fb2debcd180439be9ce",
    "evidence/g7/admin-amendment-process/focused-final/g7-admin-o23Ag0/final/hashes.json": "9552948bb00089dcadfe3b192d26133b005d6f37ae41b17dcde6a54448346365",
    "evidence/g7/admin-amendment-process/focused-final/g7-admin-o23Ag0/final/identity.json": "791a9b6b9df5a20bc4dd8e8e20b987f90e37d1410426e0a1ace939afad2b7f9d",
    "evidence/g7/admin-amendment-process/focused-final/g7-admin-o23Ag0/final/supervision/incarnation.json": "2138f6918ace7bdd3cefd5c542f44babd84a1899e01adb071fbabcb4291c00a1",
    "evidence/g7/admin-amendment-process/focused-final/g7-admin-o23Ag0/final/transactions/4c7d2cf6-e199-47f9-ba44-0254b8d750f7/000001.json": "3b46f5b6d0acde351a7a707c84731a5c5e85ff198994f2e503b3077332b65092",
    "evidence/g7/admin-amendment-process/focused-final/g7-admin-o23Ag0/final/transactions/4c7d2cf6-e199-47f9-ba44-0254b8d750f7/000002.json": "ae3cb69c2f260423640cd91faa3d3cfb6544ec85a37b72e6eb79e4207dfa5678",
    "evidence/g7/admin-amendment-process/focused-final/g7-admin-o23Ag0/final/transactions/4c7d2cf6-e199-47f9-ba44-0254b8d750f7/000003.json": "48da52f566f2efb397147ba6bd2f37cf2ccc3fecdaeeaf8dbeed3ca237609bcc",
    "evidence/g7/admin-amendment-process/focused-final/g7-admin-o23Ag0/final/transactions/4c7d2cf6-e199-47f9-ba44-0254b8d750f7/000004.json": "bad27b8be39e74955204e23ec65146ceecf0d6894a97ce5489872f67e91bac9b",
    "evidence/g7/admin-amendment-process/focused-final/g7-admin-o23Ag0/stderr.log": "e3b0c44298fc1c149afbf4c8996fb92427ae41e4649b934ca495991b7852b855",
    "evidence/g7/admin-amendment-process/focused-final/g7-admin-rVcywE/final/floor.json": "3158bb5fb37365d50fc03f751e21380da0f236d19d3ebb2275f1b2efbe496d7d",
    "evidence/g7/admin-amendment-process/focused-final/g7-admin-rVcywE/final/hashes.json": "268b66e6c08ff657f7aa90da237923723d02857903c96a8ba4e24d86477a6d0c",
    "evidence/g7/admin-amendment-process/focused-final/g7-admin-rVcywE/final/identity.json": "336824f9f74b946e59e260c026c8f20ca9ed3276f1b4ac11bbd18bbc3ba94cb3",
    "evidence/g7/admin-amendment-process/focused-final/g7-admin-rVcywE/final/next-f9adbd3e-a069-47a7-9f10-af99ae24d207": "1439cc49c9614d590824f83bdad88e8915383c89ff6b8853a60693fa3a2fe0c2",
    "evidence/g7/admin-amendment-process/focused-final/g7-admin-rVcywE/final/supervision/incarnation.json": "8f85da5ec3c24c5980c38dcbe6a78d5c48806c7ca218f21173538c51e92a72c0",
    "evidence/g7/admin-amendment-process/focused-final/g7-admin-rVcywE/final/transactions/ad03be2e-6639-4e0d-89d1-26829e248fe7/000001.json": "231334ccdf4831610a58eeef29d55e2ef06d81425c3f997dd0d436da453450d9",
    "evidence/g7/admin-amendment-process/focused-final/g7-admin-rVcywE/final/transactions/ad03be2e-6639-4e0d-89d1-26829e248fe7/000002.json": "cf58faa4fa5960483b9c614cf82edb336128806966f6f5e49118924dd318630e",
    "evidence/g7/admin-amendment-process/focused-final/g7-admin-rVcywE/final/transactions/ad03be2e-6639-4e0d-89d1-26829e248fe7/000003.json": "c6b7fadb5bcf879b684a1ba10a28ccbfe321cab1574de79ec7f08840f27af3aa",
    "evidence/g7/admin-amendment-process/focused-final/g7-admin-rVcywE/stderr.log": "e3b0c44298fc1c149afbf4c8996fb92427ae41e4649b934ca495991b7852b855",
    "evidence/g7/admin-amendment-process/focused-final/g7-admin-rVcywE/stopped-at-boundary/floor.json": "3158bb5fb37365d50fc03f751e21380da0f236d19d3ebb2275f1b2efbe496d7d",
    "evidence/g7/admin-amendment-process/focused-final/g7-admin-rVcywE/stopped-at-boundary/hashes.json": "268b66e6c08ff657f7aa90da237923723d02857903c96a8ba4e24d86477a6d0c",
    "evidence/g7/admin-amendment-process/focused-final/g7-admin-rVcywE/stopped-at-boundary/identity.json": "336824f9f74b946e59e260c026c8f20ca9ed3276f1b4ac11bbd18bbc3ba94cb3",
    "evidence/g7/admin-amendment-process/focused-final/g7-admin-rVcywE/stopped-at-boundary/next-f9adbd3e-a069-47a7-9f10-af99ae24d207": "1439cc49c9614d590824f83bdad88e8915383c89ff6b8853a60693fa3a2fe0c2",
    "evidence/g7/admin-amendment-process/focused-final/g7-admin-rVcywE/stopped-at-boundary/supervision/incarnation.json": "8f85da5ec3c24c5980c38dcbe6a78d5c48806c7ca218f21173538c51e92a72c0",
    "evidence/g7/admin-amendment-process/focused-final/g7-admin-rVcywE/stopped-at-boundary/transactions/ad03be2e-6639-4e0d-89d1-26829e248fe7/000001.json": "231334ccdf4831610a58eeef29d55e2ef06d81425c3f997dd0d436da453450d9",
    "evidence/g7/admin-amendment-process/focused-final/g7-admin-rVcywE/stopped-at-boundary/transactions/ad03be2e-6639-4e0d-89d1-26829e248fe7/000002.json": "cf58faa4fa5960483b9c614cf82edb336128806966f6f5e49118924dd318630e",
    "evidence/g7/admin-amendment-process/focused-final/g7-admin-rVcywE/stopped-at-boundary/transactions/ad03be2e-6639-4e0d-89d1-26829e248fe7/000003.json": "c6b7fadb5bcf879b684a1ba10a28ccbfe321cab1574de79ec7f08840f27af3aa",
    "evidence/g7/admin-amendment-process/full-check/g7-admin-01kpnb/final/accepted.json": "6943c7f1fd5d373afd4d381b789bae6ae7653c50abc36a7b0f74f5e0506f9fa0",
    "evidence/g7/admin-amendment-process/full-check/g7-admin-01kpnb/final/floor.json": "c6ce1b6f793648fdb45f03d357e478f64dc9bcf476e8119cb6995fdee1795adb",
    "evidence/g7/admin-amendment-process/full-check/g7-admin-01kpnb/final/hashes.json": "8fdb6d7b1ba86bd54f50073c4247518d428dca41e8e2b94754525df74c1a8029",
    "evidence/g7/admin-amendment-process/full-check/g7-admin-01kpnb/final/identity.json": "8726758dcac350054a06db5b3aeace98105ad97b69b3680ad6b596228f3ca268",
    "evidence/g7/admin-amendment-process/full-check/g7-admin-01kpnb/final/supervision/incarnation.json": "01f2b040cb80d6c97e40268b1efd21079bc74945a419b3ea5f052fc3fc3459ea",
    "evidence/g7/admin-amendment-process/full-check/g7-admin-01kpnb/final/transactions/1acf4441-7f20-4088-a767-948af2b95b24/000001.json": "3715615a2fe643c7b5cc5db703ec353924e138d067fec482f33e0d52a6d86dce",
    "evidence/g7/admin-amendment-process/full-check/g7-admin-01kpnb/final/transactions/1acf4441-7f20-4088-a767-948af2b95b24/000002.json": "75630b7b22f54b4bda466e4ab8626b934aeb7bd2856f70cb4bf303e20070e052",
    "evidence/g7/admin-amendment-process/full-check/g7-admin-01kpnb/final/transactions/1acf4441-7f20-4088-a767-948af2b95b24/000003.json": "8c1439c2f59e59e9b77ec41f2ba2eb28c8fdfb400caa51f6635fe8c2938bad5a",
    "evidence/g7/admin-amendment-process/full-check/g7-admin-01kpnb/stderr.log": "e3b0c44298fc1c149afbf4c8996fb92427ae41e4649b934ca495991b7852b855",
    "evidence/g7/admin-amendment-process/full-check/g7-admin-01kpnb/stopped-at-boundary/accepted.json": "6943c7f1fd5d373afd4d381b789bae6ae7653c50abc36a7b0f74f5e0506f9fa0",
    "evidence/g7/admin-amendment-process/full-check/g7-admin-01kpnb/stopped-at-boundary/floor.json": "c6ce1b6f793648fdb45f03d357e478f64dc9bcf476e8119cb6995fdee1795adb",
    "evidence/g7/admin-amendment-process/full-check/g7-admin-01kpnb/stopped-at-boundary/hashes.json": "8fdb6d7b1ba86bd54f50073c4247518d428dca41e8e2b94754525df74c1a8029",
    "evidence/g7/admin-amendment-process/full-check/g7-admin-01kpnb/stopped-at-boundary/identity.json": "8726758dcac350054a06db5b3aeace98105ad97b69b3680ad6b596228f3ca268",
    "evidence/g7/admin-amendment-process/full-check/g7-admin-01kpnb/stopped-at-boundary/supervision/incarnation.json": "01f2b040cb80d6c97e40268b1efd21079bc74945a419b3ea5f052fc3fc3459ea",
    "evidence/g7/admin-amendment-process/full-check/g7-admin-01kpnb/stopped-at-boundary/transactions/1acf4441-7f20-4088-a767-948af2b95b24/000001.json": "3715615a2fe643c7b5cc5db703ec353924e138d067fec482f33e0d52a6d86dce",
    "evidence/g7/admin-amendment-process/full-check/g7-admin-01kpnb/stopped-at-boundary/transactions/1acf4441-7f20-4088-a767-948af2b95b24/000002.json": "75630b7b22f54b4bda466e4ab8626b934aeb7bd2856f70cb4bf303e20070e052",
    "evidence/g7/admin-amendment-process/full-check/g7-admin-01kpnb/stopped-at-boundary/transactions/1acf4441-7f20-4088-a767-948af2b95b24/000003.json": "8c1439c2f59e59e9b77ec41f2ba2eb28c8fdfb400caa51f6635fe8c2938bad5a",
    "evidence/g7/admin-amendment-process/full-check/g7-admin-BXO10w/final/accepted.json": "51b4e114f734346abcb0242d29366ef1e575c5ba1d0ffa5d34d97d74e4115336",
    "evidence/g7/admin-amendment-process/full-check/g7-admin-BXO10w/final/floor.json": "d3d602e1a8602804f56046a3972ec6545728c9f79fd81d25cf669903752e8dda",
    "evidence/g7/admin-amendment-process/full-check/g7-admin-BXO10w/final/hashes.json": "0dc7649b6245ec654b83458a9d5e518257507022c7b6f089d625d16a114769b1",
    "evidence/g7/admin-amendment-process/full-check/g7-admin-BXO10w/final/identity.json": "9206f25c41e69f2fdcf48f84f083be16a39857409e92f502127ef70d3ff5136a",
    "evidence/g7/admin-amendment-process/full-check/g7-admin-BXO10w/final/supervision/incarnation.json": "7917fba4dab754f1ace4479d09b2ec31f93c7459536a3a104a3a39eb06a77939",
    "evidence/g7/admin-amendment-process/full-check/g7-admin-BXO10w/final/transactions/d864c963-25c4-4384-aa7e-57803562cdb4/000001.json": "fd94b18b3f24e815c2c267855c2ceebb31ece3b8546a233597fcf3eafb32e22c",
    "evidence/g7/admin-amendment-process/full-check/g7-admin-BXO10w/final/transactions/d864c963-25c4-4384-aa7e-57803562cdb4/000002.json": "d41e03252aa2ba73d8ed5602b640e7633993eb7d32beec4af69b21dbc9fdb8c9",
    "evidence/g7/admin-amendment-process/full-check/g7-admin-BXO10w/final/transactions/d864c963-25c4-4384-aa7e-57803562cdb4/000003.json": "dc02ceb634530e0d48239aefabd860f095b8e2f7d1dd646452f2a19875c8db54",
    "evidence/g7/admin-amendment-process/full-check/g7-admin-BXO10w/final/transactions/d864c963-25c4-4384-aa7e-57803562cdb4/000004.json": "488b34077a0b6a47e139f837d34399ab52fccffec891138141eec37f31f79b2e",
    "evidence/g7/admin-amendment-process/full-check/g7-admin-BXO10w/stderr.log": "e3b0c44298fc1c149afbf4c8996fb92427ae41e4649b934ca495991b7852b855",
    "evidence/g7/admin-amendment-process/full-check/g7-admin-DZn2Yw/final/floor.json": "bbe34059918505a45b5cadd2b3844d813743018ed2997511c0ebc231c42f86ed",
    "evidence/g7/admin-amendment-process/full-check/g7-admin-DZn2Yw/final/hashes.json": "6b7a3219c93b0d88519dc0db28ba9540075555d29f3063eba0f2ffe27532cf61",
    "evidence/g7/admin-amendment-process/full-check/g7-admin-DZn2Yw/final/identity.json": "3ac65afec2e1a5a49d15ca1580acef17ca540fd1e4c7b63049a108c90fe9f1f7",
    "evidence/g7/admin-amendment-process/full-check/g7-admin-DZn2Yw/final/next-98302ccc-5c6d-46ab-bcae-9538091699db": "3db10b9a5694f60dec882478f6d6156b07a1d6355acfe4e8df7e89ea6bcbcddf",
    "evidence/g7/admin-amendment-process/full-check/g7-admin-DZn2Yw/final/supervision/incarnation.json": "16a7b13c738c4d715b36046fe8130d0b76666acf905367a1e8667a4c7e184918",
    "evidence/g7/admin-amendment-process/full-check/g7-admin-DZn2Yw/final/transactions/756c42ca-8fe9-4bfe-8197-fd107d0d12f1/000001.json": "37b5ab89e78949149d5442f087d18a969fb9570d6ecf3e1385594c2ea09af8aa",
    "evidence/g7/admin-amendment-process/full-check/g7-admin-DZn2Yw/final/transactions/756c42ca-8fe9-4bfe-8197-fd107d0d12f1/000002.json": "48c968829f4485f3726d48476ea8386239563957b8d4b3d459a1a5aff9ac08b9",
    "evidence/g7/admin-amendment-process/full-check/g7-admin-DZn2Yw/final/transactions/756c42ca-8fe9-4bfe-8197-fd107d0d12f1/000003.json": "855179d4bb50bffc0c98634f7e166ea646cfc415c48472d9f0911bbb68a1653d",
    "evidence/g7/admin-amendment-process/full-check/g7-admin-DZn2Yw/stderr.log": "e3b0c44298fc1c149afbf4c8996fb92427ae41e4649b934ca495991b7852b855",
    "evidence/g7/admin-amendment-process/full-check/g7-admin-DZn2Yw/stopped-at-boundary/floor.json": "bbe34059918505a45b5cadd2b3844d813743018ed2997511c0ebc231c42f86ed",
    "evidence/g7/admin-amendment-process/full-check/g7-admin-DZn2Yw/stopped-at-boundary/hashes.json": "6b7a3219c93b0d88519dc0db28ba9540075555d29f3063eba0f2ffe27532cf61",
    "evidence/g7/admin-amendment-process/full-check/g7-admin-DZn2Yw/stopped-at-boundary/identity.json": "3ac65afec2e1a5a49d15ca1580acef17ca540fd1e4c7b63049a108c90fe9f1f7",
    "evidence/g7/admin-amendment-process/full-check/g7-admin-DZn2Yw/stopped-at-boundary/next-98302ccc-5c6d-46ab-bcae-9538091699db": "3db10b9a5694f60dec882478f6d6156b07a1d6355acfe4e8df7e89ea6bcbcddf",
    "evidence/g7/admin-amendment-process/full-check/g7-admin-DZn2Yw/stopped-at-boundary/supervision/incarnation.json": "16a7b13c738c4d715b36046fe8130d0b76666acf905367a1e8667a4c7e184918",
    "evidence/g7/admin-amendment-process/full-check/g7-admin-DZn2Yw/stopped-at-boundary/transactions/756c42ca-8fe9-4bfe-8197-fd107d0d12f1/000001.json": "37b5ab89e78949149d5442f087d18a969fb9570d6ecf3e1385594c2ea09af8aa",
    "evidence/g7/admin-amendment-process/full-check/g7-admin-DZn2Yw/stopped-at-boundary/transactions/756c42ca-8fe9-4bfe-8197-fd107d0d12f1/000002.json": "48c968829f4485f3726d48476ea8386239563957b8d4b3d459a1a5aff9ac08b9",
    "evidence/g7/admin-amendment-process/full-check/g7-admin-DZn2Yw/stopped-at-boundary/transactions/756c42ca-8fe9-4bfe-8197-fd107d0d12f1/000003.json": "855179d4bb50bffc0c98634f7e166ea646cfc415c48472d9f0911bbb68a1653d",
    "evidence/g7/admin-amendment-process/full-check/g7-admin-E6oUfd/final/accepted.json": "0fb7d03b72685c39fba52b8143d7d1a7f620f21abfc29305899ccf27ffe1c6e8",
    "evidence/g7/admin-amendment-process/full-check/g7-admin-E6oUfd/final/floor.json": "c7de77e9b4588736fbfebb67dafdacc5514cf7efcb9e47076c591b231737d9c7",
    "evidence/g7/admin-amendment-process/full-check/g7-admin-E6oUfd/final/hashes.json": "e1f463c8cf210008cdb6c4b9cd62879ffc5e177243beb00da8b1741128968303",
    "evidence/g7/admin-amendment-process/full-check/g7-admin-E6oUfd/final/identity.json": "e39173cb5eff8f536662b4db69ac8fb2dd4a2d58dade7d3fbd72b316277f571e",
    "evidence/g7/admin-amendment-process/full-check/g7-admin-E6oUfd/final/supervision/incarnation.json": "ed18496a1cec94e386ba2f0fe7354c2106b7a50cd34c881cd35f32dff6793e2e",
    "evidence/g7/admin-amendment-process/full-check/g7-admin-E6oUfd/final/transactions/c474de67-89c0-48db-ba6a-d624e0873018/000001.json": "f5d44270775cd87d26b82e63f6a997d1385349db34f9903569a79850f68082d0",
    "evidence/g7/admin-amendment-process/full-check/g7-admin-E6oUfd/final/transactions/c474de67-89c0-48db-ba6a-d624e0873018/000002.json": "284f93f6f6414c98fa5acfef1a066308f86bf08743b6cd25ed8f05f8e6d7c4f9",
    "evidence/g7/admin-amendment-process/full-check/g7-admin-E6oUfd/final/transactions/c474de67-89c0-48db-ba6a-d624e0873018/000003.json": "bde8b3cf88520aae46ad93357b630a7209691d038c2e9f8e9ed7c7d40ba3b952",
    "evidence/g7/admin-amendment-process/full-check/g7-admin-E6oUfd/final/transactions/c474de67-89c0-48db-ba6a-d624e0873018/000004.json": "df4c62dfb3e5a015a63f6e1ae4c60315939cba0854ba72847f8c76b12db89f8a",
    "evidence/g7/admin-amendment-process/full-check/g7-admin-E6oUfd/original/accepted.json": "0fb7d03b72685c39fba52b8143d7d1a7f620f21abfc29305899ccf27ffe1c6e8",
    "evidence/g7/admin-amendment-process/full-check/g7-admin-E6oUfd/original/floor.json": "91b1b06cbd8300678608052c6ec49915a94338143f01d10e08eb0dd9559cc922",
    "evidence/g7/admin-amendment-process/full-check/g7-admin-E6oUfd/original/hashes.json": "a1465fde6c90c05b0e1bae8a9ab2fd026fbba51392e1627e83bb8a5729fde3bb",
    "evidence/g7/admin-amendment-process/full-check/g7-admin-E6oUfd/original/identity.json": "e39173cb5eff8f536662b4db69ac8fb2dd4a2d58dade7d3fbd72b316277f571e",
    "evidence/g7/admin-amendment-process/full-check/g7-admin-E6oUfd/original/supervision/incarnation.json": "ed18496a1cec94e386ba2f0fe7354c2106b7a50cd34c881cd35f32dff6793e2e",
    "evidence/g7/admin-amendment-process/full-check/g7-admin-E6oUfd/original/transactions/c474de67-89c0-48db-ba6a-d624e0873018/000001.json": "f5d44270775cd87d26b82e63f6a997d1385349db34f9903569a79850f68082d0",
    "evidence/g7/admin-amendment-process/full-check/g7-admin-E6oUfd/original/transactions/c474de67-89c0-48db-ba6a-d624e0873018/000002.json": "284f93f6f6414c98fa5acfef1a066308f86bf08743b6cd25ed8f05f8e6d7c4f9",
    "evidence/g7/admin-amendment-process/full-check/g7-admin-E6oUfd/original/transactions/c474de67-89c0-48db-ba6a-d624e0873018/000003.json": "bde8b3cf88520aae46ad93357b630a7209691d038c2e9f8e9ed7c7d40ba3b952",
    "evidence/g7/admin-amendment-process/full-check/g7-admin-E6oUfd/original/transactions/c474de67-89c0-48db-ba6a-d624e0873018/000004.json": "df4c62dfb3e5a015a63f6e1ae4c60315939cba0854ba72847f8c76b12db89f8a",
    "evidence/g7/admin-amendment-process/full-check/g7-admin-E6oUfd/stderr.log": "e3b0c44298fc1c149afbf4c8996fb92427ae41e4649b934ca495991b7852b855",
    "evidence/g7/admin-amendment-process/full-check/g7-admin-E6oUfd/stopped-at-boundary/accepted.json": "0fb7d03b72685c39fba52b8143d7d1a7f620f21abfc29305899ccf27ffe1c6e8",
    "evidence/g7/admin-amendment-process/full-check/g7-admin-E6oUfd/stopped-at-boundary/floor.json": "c7de77e9b4588736fbfebb67dafdacc5514cf7efcb9e47076c591b231737d9c7",
    "evidence/g7/admin-amendment-process/full-check/g7-admin-E6oUfd/stopped-at-boundary/hashes.json": "e1f463c8cf210008cdb6c4b9cd62879ffc5e177243beb00da8b1741128968303",
    "evidence/g7/admin-amendment-process/full-check/g7-admin-E6oUfd/stopped-at-boundary/identity.json": "e39173cb5eff8f536662b4db69ac8fb2dd4a2d58dade7d3fbd72b316277f571e",
    "evidence/g7/admin-amendment-process/full-check/g7-admin-E6oUfd/stopped-at-boundary/supervision/incarnation.json": "ed18496a1cec94e386ba2f0fe7354c2106b7a50cd34c881cd35f32dff6793e2e",
    "evidence/g7/admin-amendment-process/full-check/g7-admin-E6oUfd/stopped-at-boundary/transactions/c474de67-89c0-48db-ba6a-d624e0873018/000001.json": "f5d44270775cd87d26b82e63f6a997d1385349db34f9903569a79850f68082d0",
    "evidence/g7/admin-amendment-process/full-check/g7-admin-E6oUfd/stopped-at-boundary/transactions/c474de67-89c0-48db-ba6a-d624e0873018/000002.json": "284f93f6f6414c98fa5acfef1a066308f86bf08743b6cd25ed8f05f8e6d7c4f9",
    "evidence/g7/admin-amendment-process/full-check/g7-admin-E6oUfd/stopped-at-boundary/transactions/c474de67-89c0-48db-ba6a-d624e0873018/000003.json": "bde8b3cf88520aae46ad93357b630a7209691d038c2e9f8e9ed7c7d40ba3b952",
    "evidence/g7/admin-amendment-process/full-check/g7-admin-E6oUfd/stopped-at-boundary/transactions/c474de67-89c0-48db-ba6a-d624e0873018/000004.json": "df4c62dfb3e5a015a63f6e1ae4c60315939cba0854ba72847f8c76b12db89f8a",
    "evidence/g7/admin-amendment-process/full-check/g7-admin-FX9JGX/final/floor.json": "dbcd290e5e7cbfecb92b6397ece96bfc6e28b6a1b2a489ccfb3237ddb1412ed9",
    "evidence/g7/admin-amendment-process/full-check/g7-admin-FX9JGX/final/hashes.json": "ea3c0e05eb26639e5dbdabc4012dd6073d0985feac1ec320c83008f302b0658b",
    "evidence/g7/admin-amendment-process/full-check/g7-admin-FX9JGX/final/identity.json": "f7ce3bc257ca09844a9eca435b056fa672afcfafbccb66d2b84849e0832c9526",
    "evidence/g7/admin-amendment-process/full-check/g7-admin-FX9JGX/final/next-0ddbde0c-afc8-4fd4-bbd2-e1a0b58c0a54": "2607d34c5eb5bbcdb4a41159da1e74374a6e6bea3ec874e37f7b157074deda8b",
    "evidence/g7/admin-amendment-process/full-check/g7-admin-FX9JGX/final/supervision/incarnation.json": "f7f3fe4d54a52a5ce1c823f7a1a1fde0a08e7d1edb838499ba2ccf11ca077102",
    "evidence/g7/admin-amendment-process/full-check/g7-admin-FX9JGX/final/transactions/3282869e-71c8-4783-a045-508960d52f4e/000001.json": "582e3e76ae1c590a4589150b963489914746336c11240d8ad82ba2b4394a9947",
    "evidence/g7/admin-amendment-process/full-check/g7-admin-FX9JGX/final/transactions/3282869e-71c8-4783-a045-508960d52f4e/000002.json": "f12d493c97a5bc6cd496c58c0f38b1b6bae10a7c2b8338f182397c319dd1aa6e",
    "evidence/g7/admin-amendment-process/full-check/g7-admin-FX9JGX/final/transactions/3282869e-71c8-4783-a045-508960d52f4e/000003.json": "87d45889bb333e560c480adb4d2dde5188f10d95ee020471c51146d5ed6cdcb7",
    "evidence/g7/admin-amendment-process/full-check/g7-admin-FX9JGX/stderr.log": "e3b0c44298fc1c149afbf4c8996fb92427ae41e4649b934ca495991b7852b855",
    "evidence/g7/admin-amendment-process/full-check/g7-admin-FX9JGX/stopped-at-boundary/floor.json": "dbcd290e5e7cbfecb92b6397ece96bfc6e28b6a1b2a489ccfb3237ddb1412ed9",
    "evidence/g7/admin-amendment-process/full-check/g7-admin-FX9JGX/stopped-at-boundary/hashes.json": "ea3c0e05eb26639e5dbdabc4012dd6073d0985feac1ec320c83008f302b0658b",
    "evidence/g7/admin-amendment-process/full-check/g7-admin-FX9JGX/stopped-at-boundary/identity.json": "f7ce3bc257ca09844a9eca435b056fa672afcfafbccb66d2b84849e0832c9526",
    "evidence/g7/admin-amendment-process/full-check/g7-admin-FX9JGX/stopped-at-boundary/next-0ddbde0c-afc8-4fd4-bbd2-e1a0b58c0a54": "2607d34c5eb5bbcdb4a41159da1e74374a6e6bea3ec874e37f7b157074deda8b",
    "evidence/g7/admin-amendment-process/full-check/g7-admin-FX9JGX/stopped-at-boundary/supervision/incarnation.json": "f7f3fe4d54a52a5ce1c823f7a1a1fde0a08e7d1edb838499ba2ccf11ca077102",
    "evidence/g7/admin-amendment-process/full-check/g7-admin-FX9JGX/stopped-at-boundary/transactions/3282869e-71c8-4783-a045-508960d52f4e/000001.json": "582e3e76ae1c590a4589150b963489914746336c11240d8ad82ba2b4394a9947",
    "evidence/g7/admin-amendment-process/full-check/g7-admin-FX9JGX/stopped-at-boundary/transactions/3282869e-71c8-4783-a045-508960d52f4e/000002.json": "f12d493c97a5bc6cd496c58c0f38b1b6bae10a7c2b8338f182397c319dd1aa6e",
    "evidence/g7/admin-amendment-process/full-check/g7-admin-FX9JGX/stopped-at-boundary/transactions/3282869e-71c8-4783-a045-508960d52f4e/000003.json": "87d45889bb333e560c480adb4d2dde5188f10d95ee020471c51146d5ed6cdcb7",
    "evidence/g7/admin-amendment-process/full-check/g7-admin-GJance/final/accepted.json": "65dd6602a5f51017260421d4e776bd8f0f1113f13d4d971feed18a58233c8881",
    "evidence/g7/admin-amendment-process/full-check/g7-admin-GJance/final/floor.json": "b59662556c024b9dd22b4c33a591d1c59e56aea46206c051d6ef6332f19c7f9c",
    "evidence/g7/admin-amendment-process/full-check/g7-admin-GJance/final/hashes.json": "6f0986ace2aa7778b7faa02764db0606a6424798640998e282d55f32d99994d2",
    "evidence/g7/admin-amendment-process/full-check/g7-admin-GJance/final/identity.json": "bceb7a2756dafbde4c58c06303018b7c8315620bb7a65395efa3be4bab24a9e6",
    "evidence/g7/admin-amendment-process/full-check/g7-admin-GJance/final/supervision/incarnation.json": "caed2d98348970ed89a5c829dd98db2b285de0d63eb2418f59cea530e379bcf4",
    "evidence/g7/admin-amendment-process/full-check/g7-admin-GJance/final/transactions/314e8cd4-08bc-401b-8928-59dabccdf6e1/000001.json": "c0b9f744f782c953ac23af991f429a31e75120f1f6c6085762ddcfa045c6e5e3",
    "evidence/g7/admin-amendment-process/full-check/g7-admin-GJance/final/transactions/314e8cd4-08bc-401b-8928-59dabccdf6e1/000002.json": "0a040f6954a3000d46dd5f4898728046cff33fbb286337a3936beaa7ff2ac2af",
    "evidence/g7/admin-amendment-process/full-check/g7-admin-GJance/final/transactions/314e8cd4-08bc-401b-8928-59dabccdf6e1/000003.json": "73af710cf378c82af844fb8826c3b1acd5ee3070ff2341585845cf3d0e9f0ee0",
    "evidence/g7/admin-amendment-process/full-check/g7-admin-GJance/stderr.log": "e3b0c44298fc1c149afbf4c8996fb92427ae41e4649b934ca495991b7852b855",
    "evidence/g7/admin-amendment-process/full-check/g7-admin-GJance/stopped-at-boundary/accepted.json": "65dd6602a5f51017260421d4e776bd8f0f1113f13d4d971feed18a58233c8881",
    "evidence/g7/admin-amendment-process/full-check/g7-admin-GJance/stopped-at-boundary/floor.json": "b59662556c024b9dd22b4c33a591d1c59e56aea46206c051d6ef6332f19c7f9c",
    "evidence/g7/admin-amendment-process/full-check/g7-admin-GJance/stopped-at-boundary/hashes.json": "6f0986ace2aa7778b7faa02764db0606a6424798640998e282d55f32d99994d2",
    "evidence/g7/admin-amendment-process/full-check/g7-admin-GJance/stopped-at-boundary/identity.json": "bceb7a2756dafbde4c58c06303018b7c8315620bb7a65395efa3be4bab24a9e6",
    "evidence/g7/admin-amendment-process/full-check/g7-admin-GJance/stopped-at-boundary/supervision/incarnation.json": "caed2d98348970ed89a5c829dd98db2b285de0d63eb2418f59cea530e379bcf4",
    "evidence/g7/admin-amendment-process/full-check/g7-admin-GJance/stopped-at-boundary/transactions/314e8cd4-08bc-401b-8928-59dabccdf6e1/000001.json": "c0b9f744f782c953ac23af991f429a31e75120f1f6c6085762ddcfa045c6e5e3",
    "evidence/g7/admin-amendment-process/full-check/g7-admin-GJance/stopped-at-boundary/transactions/314e8cd4-08bc-401b-8928-59dabccdf6e1/000002.json": "0a040f6954a3000d46dd5f4898728046cff33fbb286337a3936beaa7ff2ac2af",
    "evidence/g7/admin-amendment-process/full-check/g7-admin-GJance/stopped-at-boundary/transactions/314e8cd4-08bc-401b-8928-59dabccdf6e1/000003.json": "73af710cf378c82af844fb8826c3b1acd5ee3070ff2341585845cf3d0e9f0ee0",
    "evidence/g7/admin-amendment-process/full-check/g7-admin-LFK5Zi/final/accepted.json": "67db072e15700b5a460fb2ba675f5b90ac4624ba9414d42889d498a77637beb4",
    "evidence/g7/admin-amendment-process/full-check/g7-admin-LFK5Zi/final/floor.json": "c30e5b4ee9125275b0782f6237b287eba78fdf351be475d1f15fda4a3cafb21c",
    "evidence/g7/admin-amendment-process/full-check/g7-admin-LFK5Zi/final/hashes.json": "ab739c6116e97ca7b52eace01000214577212eab68433ccdde3640113bd330c6",
    "evidence/g7/admin-amendment-process/full-check/g7-admin-LFK5Zi/final/identity.json": "bfc1ad4be1941b3139eb5eba1a3e6b4cb68001e0bf2707fdcbde960d4399a270",
    "evidence/g7/admin-amendment-process/full-check/g7-admin-LFK5Zi/final/supervision/incarnation.json": "e7620717b3f2e6660debe90c15aa4f1b09281ac7c3667b16ac7fef25f5f1e09e",
    "evidence/g7/admin-amendment-process/full-check/g7-admin-LFK5Zi/final/transactions/8305522d-f3f7-4c83-a938-b1a41ddff2ba/000001.json": "3672f0f7df4dd2e15174867b599fd3a52ae5bc6c90a6797500945fc78b514569",
    "evidence/g7/admin-amendment-process/full-check/g7-admin-LFK5Zi/final/transactions/8305522d-f3f7-4c83-a938-b1a41ddff2ba/000002.json": "068604b3fb7b09160abc27b1618b3b8994173a6642b299ebdcf07d167e662d1e",
    "evidence/g7/admin-amendment-process/full-check/g7-admin-LFK5Zi/final/transactions/8305522d-f3f7-4c83-a938-b1a41ddff2ba/000003.json": "88dcefeae21a75f83715aa53333005f6304913ad8da3e34e95d7fa8399a06c21",
    "evidence/g7/admin-amendment-process/full-check/g7-admin-LFK5Zi/final/transactions/8305522d-f3f7-4c83-a938-b1a41ddff2ba/000004.json": "5723d694bf7ae42a14b338e1c22b0370c962bb04b1fb5e8d5a4888e3a2089dac",
    "evidence/g7/admin-amendment-process/full-check/g7-admin-LFK5Zi/stderr.log": "e3b0c44298fc1c149afbf4c8996fb92427ae41e4649b934ca495991b7852b855",
    "evidence/g7/admin-amendment-process/full-check/g7-admin-OiwmgO/final/floor.json": "7aba0991d9ef0fad474da1e14a8220aaad3b4eb1f2345bc3932cfbd55186176d",
    "evidence/g7/admin-amendment-process/full-check/g7-admin-OiwmgO/final/hashes.json": "4aef3aa0f693fc5506345d864a3af2e42cebb3cc252c0ccb5e5ebe8c629d08bb",
    "evidence/g7/admin-amendment-process/full-check/g7-admin-OiwmgO/final/identity.json": "87289fde2eeb678a53cce45558ce839a817a4c431b82a0dd139bb838de694091",
    "evidence/g7/admin-amendment-process/full-check/g7-admin-OiwmgO/final/supervision/incarnation.json": "d9d008129f1c476838f2d94a09d78ccf7ed5bad08b230d6a3d98af545ef334f8",
    "evidence/g7/admin-amendment-process/full-check/g7-admin-OiwmgO/final/transactions/16469845-6a3c-4b76-91e2-cd9a40657eba/000001.json": "9e91c01e441bdc6544b607fdfe0ab30bc65f85c764ad24bce4aca0bd38084bd2",
    "evidence/g7/admin-amendment-process/full-check/g7-admin-OiwmgO/final/transactions/16469845-6a3c-4b76-91e2-cd9a40657eba/000002.json": "2eca4ad2b953c6efd9a96b627b9ec6d2993c587b0588f399cf8693223a192785",
    "evidence/g7/admin-amendment-process/full-check/g7-admin-OiwmgO/stderr.log": "e3b0c44298fc1c149afbf4c8996fb92427ae41e4649b934ca495991b7852b855",
    "evidence/g7/admin-amendment-process/full-check/g7-admin-QBinhp/final/accepted.json": "ea740ca54621362da267953eb70553543d4d4493376aaa704c3d552214316d51",
    "evidence/g7/admin-amendment-process/full-check/g7-admin-QBinhp/final/floor.json": "91b7764afee0f503d7e4dc173e0505f4e3dba76546c6dc43bd93e8770f6fb031",
    "evidence/g7/admin-amendment-process/full-check/g7-admin-QBinhp/final/hashes.json": "0f0120282067527671d3f5e9172221a6335ac1182afedd1b9448d18fcdb76f9e",
    "evidence/g7/admin-amendment-process/full-check/g7-admin-QBinhp/final/identity.json": "2d0e61aca3029d83f2466b082d62c05a40c91c4cfc9d0cf9884041bae0510d71",
    "evidence/g7/admin-amendment-process/full-check/g7-admin-QBinhp/final/supervision/incarnation.json": "c26cf4104d0618cad7321f9590d10416fd4c392e1e667dc9b372310aef178e03",
    "evidence/g7/admin-amendment-process/full-check/g7-admin-QBinhp/final/transactions/4fd2e821-be4e-4ce2-8015-dac55a399d33/000001.json": "dab1c91d3a78ae832d72c87abdb7a123932762afbe9faad207af90edb5a67a6f",
    "evidence/g7/admin-amendment-process/full-check/g7-admin-QBinhp/final/transactions/4fd2e821-be4e-4ce2-8015-dac55a399d33/000002.json": "2a43c715974e32af999614e71ab049b0adb744bf67758514450d34c9b95ea4cf",
    "evidence/g7/admin-amendment-process/full-check/g7-admin-QBinhp/final/transactions/4fd2e821-be4e-4ce2-8015-dac55a399d33/000003.json": "a7ac4e66f949bcc326852375557c637b65b1dd07cd98be6113194e54660606a1",
    "evidence/g7/admin-amendment-process/full-check/g7-admin-QBinhp/stderr.log": "e3b0c44298fc1c149afbf4c8996fb92427ae41e4649b934ca495991b7852b855",
    "evidence/g7/admin-amendment-process/full-check/g7-admin-QBinhp/stopped-at-boundary/accepted.json": "ea740ca54621362da267953eb70553543d4d4493376aaa704c3d552214316d51",
    "evidence/g7/admin-amendment-process/full-check/g7-admin-QBinhp/stopped-at-boundary/floor.json": "91b7764afee0f503d7e4dc173e0505f4e3dba76546c6dc43bd93e8770f6fb031",
    "evidence/g7/admin-amendment-process/full-check/g7-admin-QBinhp/stopped-at-boundary/hashes.json": "0f0120282067527671d3f5e9172221a6335ac1182afedd1b9448d18fcdb76f9e",
    "evidence/g7/admin-amendment-process/full-check/g7-admin-QBinhp/stopped-at-boundary/identity.json": "2d0e61aca3029d83f2466b082d62c05a40c91c4cfc9d0cf9884041bae0510d71",
    "evidence/g7/admin-amendment-process/full-check/g7-admin-QBinhp/stopped-at-boundary/supervision/incarnation.json": "c26cf4104d0618cad7321f9590d10416fd4c392e1e667dc9b372310aef178e03",
    "evidence/g7/admin-amendment-process/full-check/g7-admin-QBinhp/stopped-at-boundary/transactions/4fd2e821-be4e-4ce2-8015-dac55a399d33/000001.json": "dab1c91d3a78ae832d72c87abdb7a123932762afbe9faad207af90edb5a67a6f",
    "evidence/g7/admin-amendment-process/full-check/g7-admin-QBinhp/stopped-at-boundary/transactions/4fd2e821-be4e-4ce2-8015-dac55a399d33/000002.json": "2a43c715974e32af999614e71ab049b0adb744bf67758514450d34c9b95ea4cf",
    "evidence/g7/admin-amendment-process/full-check/g7-admin-QBinhp/stopped-at-boundary/transactions/4fd2e821-be4e-4ce2-8015-dac55a399d33/000003.json": "a7ac4e66f949bcc326852375557c637b65b1dd07cd98be6113194e54660606a1",
    "evidence/g7/admin-amendment-process/full-check/g7-admin-VMinjc/final/accepted.json": "096a5b3621cea855645652a0adb41b5061cfaefc0ea5602e44faf7a4bbc72fe4",
    "evidence/g7/admin-amendment-process/full-check/g7-admin-VMinjc/final/floor.json": "c6172785a5c90e19c6ebd6bf5cd396b318a512d4907837a88dca87e8661d1184",
    "evidence/g7/admin-amendment-process/full-check/g7-admin-VMinjc/final/hashes.json": "0f1190227a81717e0dd3030f9d3058ef7a3fe63e25f9eb7a73f991b504d4b673",
    "evidence/g7/admin-amendment-process/full-check/g7-admin-VMinjc/final/identity.json": "815363244ce4689eb835d0b35336d84b35b495dadd72f7e6a05407d71cfadde2",
    "evidence/g7/admin-amendment-process/full-check/g7-admin-VMinjc/final/supervision/incarnation.json": "12c33b63d138d2f09018c02b132cacc9e7c684af4ea9ffb3d8e6b89506cdf08f",
    "evidence/g7/admin-amendment-process/full-check/g7-admin-VMinjc/final/transactions/95776594-058b-4984-ac9a-4ae14b3491a3/000001.json": "6f8dc63bfd1166c73b872ce15005149aa98026bf03971faf6d461b2ce4e088d8",
    "evidence/g7/admin-amendment-process/full-check/g7-admin-VMinjc/final/transactions/95776594-058b-4984-ac9a-4ae14b3491a3/000002.json": "1fe3a6ddbcb1de061548ce7582754568559378ac680fd709df2130e5b82ee4f9",
    "evidence/g7/admin-amendment-process/full-check/g7-admin-VMinjc/final/transactions/95776594-058b-4984-ac9a-4ae14b3491a3/000003.json": "93dd06d3ecda4ed6775b615737ee1de95d3afd9f0bf99a43894e005032e9cbdb",
    "evidence/g7/admin-amendment-process/full-check/g7-admin-VMinjc/final/transactions/95776594-058b-4984-ac9a-4ae14b3491a3/000004.json": "abd28a155eedbf960fee30a766eb1045e86c76f1a973475e8f43ae719e7f57c9",
    "evidence/g7/admin-amendment-process/full-check/g7-admin-VMinjc/original/accepted.json": "096a5b3621cea855645652a0adb41b5061cfaefc0ea5602e44faf7a4bbc72fe4",
    "evidence/g7/admin-amendment-process/full-check/g7-admin-VMinjc/original/floor.json": "cefdc6352702d94f41006196b50752c8dfdf557ed32023efd15cc243503ac2ce",
    "evidence/g7/admin-amendment-process/full-check/g7-admin-VMinjc/original/hashes.json": "ef5fd5966a5efe8bbf8de79f4794d15fa31cf00b371700f6e3b23eddecc2cb57",
    "evidence/g7/admin-amendment-process/full-check/g7-admin-VMinjc/original/identity.json": "815363244ce4689eb835d0b35336d84b35b495dadd72f7e6a05407d71cfadde2",
    "evidence/g7/admin-amendment-process/full-check/g7-admin-VMinjc/original/supervision/incarnation.json": "12c33b63d138d2f09018c02b132cacc9e7c684af4ea9ffb3d8e6b89506cdf08f",
    "evidence/g7/admin-amendment-process/full-check/g7-admin-VMinjc/original/transactions/95776594-058b-4984-ac9a-4ae14b3491a3/000001.json": "6f8dc63bfd1166c73b872ce15005149aa98026bf03971faf6d461b2ce4e088d8",
    "evidence/g7/admin-amendment-process/full-check/g7-admin-VMinjc/original/transactions/95776594-058b-4984-ac9a-4ae14b3491a3/000002.json": "1fe3a6ddbcb1de061548ce7582754568559378ac680fd709df2130e5b82ee4f9",
    "evidence/g7/admin-amendment-process/full-check/g7-admin-VMinjc/original/transactions/95776594-058b-4984-ac9a-4ae14b3491a3/000003.json": "93dd06d3ecda4ed6775b615737ee1de95d3afd9f0bf99a43894e005032e9cbdb",
    "evidence/g7/admin-amendment-process/full-check/g7-admin-VMinjc/original/transactions/95776594-058b-4984-ac9a-4ae14b3491a3/000004.json": "abd28a155eedbf960fee30a766eb1045e86c76f1a973475e8f43ae719e7f57c9",
    "evidence/g7/admin-amendment-process/full-check/g7-admin-VMinjc/stderr.log": "e3b0c44298fc1c149afbf4c8996fb92427ae41e4649b934ca495991b7852b855",
    "evidence/g7/admin-amendment-process/full-check/g7-admin-VMinjc/stopped-at-boundary/accepted.json": "096a5b3621cea855645652a0adb41b5061cfaefc0ea5602e44faf7a4bbc72fe4",
    "evidence/g7/admin-amendment-process/full-check/g7-admin-VMinjc/stopped-at-boundary/floor.json": "c6172785a5c90e19c6ebd6bf5cd396b318a512d4907837a88dca87e8661d1184",
    "evidence/g7/admin-amendment-process/full-check/g7-admin-VMinjc/stopped-at-boundary/hashes.json": "0f1190227a81717e0dd3030f9d3058ef7a3fe63e25f9eb7a73f991b504d4b673",
    "evidence/g7/admin-amendment-process/full-check/g7-admin-VMinjc/stopped-at-boundary/identity.json": "815363244ce4689eb835d0b35336d84b35b495dadd72f7e6a05407d71cfadde2",
    "evidence/g7/admin-amendment-process/full-check/g7-admin-VMinjc/stopped-at-boundary/supervision/incarnation.json": "12c33b63d138d2f09018c02b132cacc9e7c684af4ea9ffb3d8e6b89506cdf08f",
    "evidence/g7/admin-amendment-process/full-check/g7-admin-VMinjc/stopped-at-boundary/transactions/95776594-058b-4984-ac9a-4ae14b3491a3/000001.json": "6f8dc63bfd1166c73b872ce15005149aa98026bf03971faf6d461b2ce4e088d8",
    "evidence/g7/admin-amendment-process/full-check/g7-admin-VMinjc/stopped-at-boundary/transactions/95776594-058b-4984-ac9a-4ae14b3491a3/000002.json": "1fe3a6ddbcb1de061548ce7582754568559378ac680fd709df2130e5b82ee4f9",
    "evidence/g7/admin-amendment-process/full-check/g7-admin-VMinjc/stopped-at-boundary/transactions/95776594-058b-4984-ac9a-4ae14b3491a3/000003.json": "93dd06d3ecda4ed6775b615737ee1de95d3afd9f0bf99a43894e005032e9cbdb",
    "evidence/g7/admin-amendment-process/full-check/g7-admin-VMinjc/stopped-at-boundary/transactions/95776594-058b-4984-ac9a-4ae14b3491a3/000004.json": "abd28a155eedbf960fee30a766eb1045e86c76f1a973475e8f43ae719e7f57c9",
    "evidence/g7/admin-amendment-process/full-check/g7-admin-Wlot0V/final/accepted.json": "fb01612ebacacaea776cea1a61912e7afde96ebf4abd6d810e0311b58ff49926",
    "evidence/g7/admin-amendment-process/full-check/g7-admin-Wlot0V/final/floor.json": "2db4a52da58427f107dd500bf86c14c60328a64488490280ad5a9401f935c7eb",
    "evidence/g7/admin-amendment-process/full-check/g7-admin-Wlot0V/final/hashes.json": "ae040050f7a06a8311bd976b41bae0349174d305fc02f35e66d7a61a6d43c86e",
    "evidence/g7/admin-amendment-process/full-check/g7-admin-Wlot0V/final/identity.json": "f31ca4d8de551f2021fc850aee33ed7451345382919ba918bfa63b93e9001124",
    "evidence/g7/admin-amendment-process/full-check/g7-admin-Wlot0V/final/next-076f430f-d97a-4298-a2af-c36ddc68cf93": "fb01612ebacacaea776cea1a61912e7afde96ebf4abd6d810e0311b58ff49926",
    "evidence/g7/admin-amendment-process/full-check/g7-admin-Wlot0V/final/supervision/incarnation.json": "e675282bba7971fa9c13fd554df8b204a7713f8af22a2c36dd9b525310891536",
    "evidence/g7/admin-amendment-process/full-check/g7-admin-Wlot0V/final/transactions/1af081c1-797b-4cb0-87ed-cb10e4e53e2d/000001.json": "0d168876b3a06e68da6ab15fc9924b15ff0e69f70ae5402c36c82d6031308612",
    "evidence/g7/admin-amendment-process/full-check/g7-admin-Wlot0V/final/transactions/1af081c1-797b-4cb0-87ed-cb10e4e53e2d/000002.json": "b69aa3cd48b41a8e01f09d42fe0e4be6d2da38783d8c54007f020f54c2c8daa3",
    "evidence/g7/admin-amendment-process/full-check/g7-admin-Wlot0V/final/transactions/1af081c1-797b-4cb0-87ed-cb10e4e53e2d/000003.json": "63a5a6af681e06dfd7ad929cc90920ef391e2bab89c540560d77aafeb6eb94dc",
    "evidence/g7/admin-amendment-process/full-check/g7-admin-Wlot0V/final/transactions/1af081c1-797b-4cb0-87ed-cb10e4e53e2d/000004.json": "bd73838fdacf80c62df0f54d94fa1a52cfc44f73ab7fed52a00c2e0936deb097",
    "evidence/g7/admin-amendment-process/full-check/g7-admin-Wlot0V/original/accepted.json": "fb01612ebacacaea776cea1a61912e7afde96ebf4abd6d810e0311b58ff49926",
    "evidence/g7/admin-amendment-process/full-check/g7-admin-Wlot0V/original/floor.json": "cd30cd72d9ffc32aa0c602fc3034307a9f3b9aab25020d7bd005558a4b9f8d48",
    "evidence/g7/admin-amendment-process/full-check/g7-admin-Wlot0V/original/hashes.json": "91dcb8dff1ad66599fbc376dd094534344776efae0ab58db2dff6e19093c7a75",
    "evidence/g7/admin-amendment-process/full-check/g7-admin-Wlot0V/original/identity.json": "f31ca4d8de551f2021fc850aee33ed7451345382919ba918bfa63b93e9001124",
    "evidence/g7/admin-amendment-process/full-check/g7-admin-Wlot0V/original/supervision/incarnation.json": "e675282bba7971fa9c13fd554df8b204a7713f8af22a2c36dd9b525310891536",
    "evidence/g7/admin-amendment-process/full-check/g7-admin-Wlot0V/original/transactions/1af081c1-797b-4cb0-87ed-cb10e4e53e2d/000001.json": "0d168876b3a06e68da6ab15fc9924b15ff0e69f70ae5402c36c82d6031308612",
    "evidence/g7/admin-amendment-process/full-check/g7-admin-Wlot0V/original/transactions/1af081c1-797b-4cb0-87ed-cb10e4e53e2d/000002.json": "b69aa3cd48b41a8e01f09d42fe0e4be6d2da38783d8c54007f020f54c2c8daa3",
    "evidence/g7/admin-amendment-process/full-check/g7-admin-Wlot0V/original/transactions/1af081c1-797b-4cb0-87ed-cb10e4e53e2d/000003.json": "63a5a6af681e06dfd7ad929cc90920ef391e2bab89c540560d77aafeb6eb94dc",
    "evidence/g7/admin-amendment-process/full-check/g7-admin-Wlot0V/original/transactions/1af081c1-797b-4cb0-87ed-cb10e4e53e2d/000004.json": "bd73838fdacf80c62df0f54d94fa1a52cfc44f73ab7fed52a00c2e0936deb097",
    "evidence/g7/admin-amendment-process/full-check/g7-admin-Wlot0V/stderr.log": "e3b0c44298fc1c149afbf4c8996fb92427ae41e4649b934ca495991b7852b855",
    "evidence/g7/admin-amendment-process/full-check/g7-admin-Wlot0V/stopped-at-boundary/accepted.json": "fb01612ebacacaea776cea1a61912e7afde96ebf4abd6d810e0311b58ff49926",
    "evidence/g7/admin-amendment-process/full-check/g7-admin-Wlot0V/stopped-at-boundary/floor.json": "2db4a52da58427f107dd500bf86c14c60328a64488490280ad5a9401f935c7eb",
    "evidence/g7/admin-amendment-process/full-check/g7-admin-Wlot0V/stopped-at-boundary/hashes.json": "ae040050f7a06a8311bd976b41bae0349174d305fc02f35e66d7a61a6d43c86e",
    "evidence/g7/admin-amendment-process/full-check/g7-admin-Wlot0V/stopped-at-boundary/identity.json": "f31ca4d8de551f2021fc850aee33ed7451345382919ba918bfa63b93e9001124",
    "evidence/g7/admin-amendment-process/full-check/g7-admin-Wlot0V/stopped-at-boundary/next-076f430f-d97a-4298-a2af-c36ddc68cf93": "fb01612ebacacaea776cea1a61912e7afde96ebf4abd6d810e0311b58ff49926",
    "evidence/g7/admin-amendment-process/full-check/g7-admin-Wlot0V/stopped-at-boundary/supervision/incarnation.json": "e675282bba7971fa9c13fd554df8b204a7713f8af22a2c36dd9b525310891536",
    "evidence/g7/admin-amendment-process/full-check/g7-admin-Wlot0V/stopped-at-boundary/transactions/1af081c1-797b-4cb0-87ed-cb10e4e53e2d/000001.json": "0d168876b3a06e68da6ab15fc9924b15ff0e69f70ae5402c36c82d6031308612",
    "evidence/g7/admin-amendment-process/full-check/g7-admin-Wlot0V/stopped-at-boundary/transactions/1af081c1-797b-4cb0-87ed-cb10e4e53e2d/000002.json": "b69aa3cd48b41a8e01f09d42fe0e4be6d2da38783d8c54007f020f54c2c8daa3",
    "evidence/g7/admin-amendment-process/full-check/g7-admin-Wlot0V/stopped-at-boundary/transactions/1af081c1-797b-4cb0-87ed-cb10e4e53e2d/000003.json": "63a5a6af681e06dfd7ad929cc90920ef391e2bab89c540560d77aafeb6eb94dc",
    "evidence/g7/admin-amendment-process/full-check/g7-admin-Wlot0V/stopped-at-boundary/transactions/1af081c1-797b-4cb0-87ed-cb10e4e53e2d/000004.json": "bd73838fdacf80c62df0f54d94fa1a52cfc44f73ab7fed52a00c2e0936deb097",
    "evidence/g7/admin-amendment-process/full-check/g7-admin-dlpUrj/final/accepted.json": "4bc6c6d7e63aa9e58175910be8448b9b0955d99a355797f262d96d3066f52b83",
    "evidence/g7/admin-amendment-process/full-check/g7-admin-dlpUrj/final/floor.json": "ceb4c0060a4f24371962e8826e6d6ccd35fa12c2ba3ec79c3ca033ca377aa740",
    "evidence/g7/admin-amendment-process/full-check/g7-admin-dlpUrj/final/hashes.json": "ac87af27162b71c20760be5b2068b4cbbd58e202e79b7c7eda6f731101d6d2df",
    "evidence/g7/admin-amendment-process/full-check/g7-admin-dlpUrj/final/identity.json": "34991be494830469822c951a9d58fd1c0e8fef185d3bf7edc8cf1d364acc0c1a",
    "evidence/g7/admin-amendment-process/full-check/g7-admin-dlpUrj/final/supervision/incarnation.json": "3030ca0849b85b74084b7fdc5ecf9621921a2f62325ba71433df41b09c65f3e2",
    "evidence/g7/admin-amendment-process/full-check/g7-admin-dlpUrj/final/transactions/f0a4f927-a10f-43ce-9fac-92d4e6a4ce94/000001.json": "26b4861186a3d4a3687fd5b718b1690cbc04ceb403a265c134237ce5a9ccc1ca",
    "evidence/g7/admin-amendment-process/full-check/g7-admin-dlpUrj/final/transactions/f0a4f927-a10f-43ce-9fac-92d4e6a4ce94/000002.json": "0131682678c164677f622d180d8cf5b5cdc526539af7990cbde2598557da7eb1",
    "evidence/g7/admin-amendment-process/full-check/g7-admin-dlpUrj/final/transactions/f0a4f927-a10f-43ce-9fac-92d4e6a4ce94/000003.json": "4e25240575d089556e724dce661b3e5b5b9c07fea20c8b09acdf3bdca7782619",
    "evidence/g7/admin-amendment-process/full-check/g7-admin-dlpUrj/final/transactions/f0a4f927-a10f-43ce-9fac-92d4e6a4ce94/000004.json": "2ec3d0767a5c29ad4a2a37218d107b364cd8a54daa1bc996a16d06c7caaf85b4",
    "evidence/g7/admin-amendment-process/full-check/g7-admin-dlpUrj/stderr.log": "e3b0c44298fc1c149afbf4c8996fb92427ae41e4649b934ca495991b7852b855",
    "evidence/g7/admin-amendment-process/full-check/g7-admin-fGXVzI/final/accepted.json": "20b4ba160b1afad43e4aadb6410e3bb45e507bb4a60c87fd088f1484c2b8ec19",
    "evidence/g7/admin-amendment-process/full-check/g7-admin-fGXVzI/final/floor.json": "00ee59145b6df02fb2dea8b08d3c11059bea15bf2cb73218dc9c03910291729b",
    "evidence/g7/admin-amendment-process/full-check/g7-admin-fGXVzI/final/hashes.json": "9c4a3494a1b490660841d4606c450b03d88d5b53c0b5421c78eec88590023427",
    "evidence/g7/admin-amendment-process/full-check/g7-admin-fGXVzI/final/identity.json": "f6c0c99f1a4546f647c5b9a1e3f8d82b242620689a991a3dd1ba9afd7f741b04",
    "evidence/g7/admin-amendment-process/full-check/g7-admin-fGXVzI/final/supervision/incarnation.json": "f85d2fe6cdca44740f44e426aa2a993f199b4558f60c15aa90703f5538828191",
    "evidence/g7/admin-amendment-process/full-check/g7-admin-fGXVzI/final/transactions/841b3327-1474-4fdb-8bb8-2b6de189f83c/000001.json": "1a0af909ad0cfd58f296da77301d2e0d0024696ba07339431e269dd0304f3658",
    "evidence/g7/admin-amendment-process/full-check/g7-admin-fGXVzI/final/transactions/841b3327-1474-4fdb-8bb8-2b6de189f83c/000002.json": "4cbb439ea879a7b4ad2f8ae03abb0d4095e5b1306e3a7eb5097f7f4075d78e48",
    "evidence/g7/admin-amendment-process/full-check/g7-admin-fGXVzI/final/transactions/841b3327-1474-4fdb-8bb8-2b6de189f83c/000003.json": "265ef83a60fea924688b703289d097370b11add2ebc9f9036821bbf9c5821eb4",
    "evidence/g7/admin-amendment-process/full-check/g7-admin-fGXVzI/final/transactions/841b3327-1474-4fdb-8bb8-2b6de189f83c/000004.json": "d6ba97400229b757acd7a6bc38272824b418091f744cefe303e5084e4a5d1944",
    "evidence/g7/admin-amendment-process/full-check/g7-admin-fGXVzI/original/accepted.json": "20b4ba160b1afad43e4aadb6410e3bb45e507bb4a60c87fd088f1484c2b8ec19",
    "evidence/g7/admin-amendment-process/full-check/g7-admin-fGXVzI/original/floor.json": "00ee59145b6df02fb2dea8b08d3c11059bea15bf2cb73218dc9c03910291729b",
    "evidence/g7/admin-amendment-process/full-check/g7-admin-fGXVzI/original/hashes.json": "9c4a3494a1b490660841d4606c450b03d88d5b53c0b5421c78eec88590023427",
    "evidence/g7/admin-amendment-process/full-check/g7-admin-fGXVzI/original/identity.json": "f6c0c99f1a4546f647c5b9a1e3f8d82b242620689a991a3dd1ba9afd7f741b04",
    "evidence/g7/admin-amendment-process/full-check/g7-admin-fGXVzI/original/supervision/incarnation.json": "f85d2fe6cdca44740f44e426aa2a993f199b4558f60c15aa90703f5538828191",
    "evidence/g7/admin-amendment-process/full-check/g7-admin-fGXVzI/original/transactions/841b3327-1474-4fdb-8bb8-2b6de189f83c/000001.json": "1a0af909ad0cfd58f296da77301d2e0d0024696ba07339431e269dd0304f3658",
    "evidence/g7/admin-amendment-process/full-check/g7-admin-fGXVzI/original/transactions/841b3327-1474-4fdb-8bb8-2b6de189f83c/000002.json": "4cbb439ea879a7b4ad2f8ae03abb0d4095e5b1306e3a7eb5097f7f4075d78e48",
    "evidence/g7/admin-amendment-process/full-check/g7-admin-fGXVzI/original/transactions/841b3327-1474-4fdb-8bb8-2b6de189f83c/000003.json": "265ef83a60fea924688b703289d097370b11add2ebc9f9036821bbf9c5821eb4",
    "evidence/g7/admin-amendment-process/full-check/g7-admin-fGXVzI/original/transactions/841b3327-1474-4fdb-8bb8-2b6de189f83c/000004.json": "d6ba97400229b757acd7a6bc38272824b418091f744cefe303e5084e4a5d1944",
    "evidence/g7/admin-amendment-process/full-check/g7-admin-fGXVzI/stderr.log": "e3b0c44298fc1c149afbf4c8996fb92427ae41e4649b934ca495991b7852b855",
    "evidence/g7/admin-amendment-process/full-check/g7-admin-lFWzEM/failed-validation/accepted.json": "44136fa355b3678a1146ad16f7e8649e94fb4fc21fe77e8310c060f61caaff8a",
    "evidence/g7/admin-amendment-process/full-check/g7-admin-lFWzEM/failed-validation/floor.json": "428cddf22f9bf7479e1e407ff9b4e379abaa1d98cb300541202f671563c03d89",
    "evidence/g7/admin-amendment-process/full-check/g7-admin-lFWzEM/failed-validation/hashes.json": "1a856ad2486249449f6079ed8fa520005da29f9729ed6d3ddcf637d7fb977c47",
    "evidence/g7/admin-amendment-process/full-check/g7-admin-lFWzEM/failed-validation/identity.json": "be8c489761b2a3b51ddc01e4d22e9b0189c75cfa656be4b30548a86e3323fcc9",
    "evidence/g7/admin-amendment-process/full-check/g7-admin-lFWzEM/failed-validation/supervision/incarnation.json": "3f387dfd28b53ee0f74dbc753c348867cbc318d6705d89044647c4310f997912",
    "evidence/g7/admin-amendment-process/full-check/g7-admin-lFWzEM/failed-validation/transactions/2c7e3554-938c-4481-ac96-3b645ae36b45/000001.json": "4466e9c86d39b2adc713ee98d2fcdcaeaf55df4615d10af747bb25815338763b",
    "evidence/g7/admin-amendment-process/full-check/g7-admin-lFWzEM/failed-validation/transactions/2c7e3554-938c-4481-ac96-3b645ae36b45/000002.json": "d5b54224191383b13454f118360d7771dd5a52dc3955e95b4319836dae18c517",
    "evidence/g7/admin-amendment-process/full-check/g7-admin-lFWzEM/failed-validation/transactions/2c7e3554-938c-4481-ac96-3b645ae36b45/000003.json": "e15373cff429a6682b8be16873a4136a97205f0dd8696bc36d92a544bda51aa0",
    "evidence/g7/admin-amendment-process/full-check/g7-admin-lFWzEM/failed-validation/transactions/2c7e3554-938c-4481-ac96-3b645ae36b45/000004.json": "fc435a1bdf58a9efe0f10589dcde75b8751d3a4a56cf53bf6d93e7f0a507258a",
    "evidence/g7/admin-amendment-process/full-check/g7-admin-lFWzEM/final/accepted.json": "eb8aaa435a7565f4eff7602fec618336090b441be6075c83b4d2317e27a0330d",
    "evidence/g7/admin-amendment-process/full-check/g7-admin-lFWzEM/final/floor.json": "428cddf22f9bf7479e1e407ff9b4e379abaa1d98cb300541202f671563c03d89",
    "evidence/g7/admin-amendment-process/full-check/g7-admin-lFWzEM/final/hashes.json": "24a14250d4c53b4ad7afcfe1d04ef937a6df688fb19ea0cce4f050781c2359e2",
    "evidence/g7/admin-amendment-process/full-check/g7-admin-lFWzEM/final/identity.json": "be8c489761b2a3b51ddc01e4d22e9b0189c75cfa656be4b30548a86e3323fcc9",
    "evidence/g7/admin-amendment-process/full-check/g7-admin-lFWzEM/final/supervision/incarnation.json": "3f387dfd28b53ee0f74dbc753c348867cbc318d6705d89044647c4310f997912",
    "evidence/g7/admin-amendment-process/full-check/g7-admin-lFWzEM/final/transactions/2c7e3554-938c-4481-ac96-3b645ae36b45/000001.json": "4466e9c86d39b2adc713ee98d2fcdcaeaf55df4615d10af747bb25815338763b",
    "evidence/g7/admin-amendment-process/full-check/g7-admin-lFWzEM/final/transactions/2c7e3554-938c-4481-ac96-3b645ae36b45/000002.json": "d5b54224191383b13454f118360d7771dd5a52dc3955e95b4319836dae18c517",
    "evidence/g7/admin-amendment-process/full-check/g7-admin-lFWzEM/final/transactions/2c7e3554-938c-4481-ac96-3b645ae36b45/000003.json": "e15373cff429a6682b8be16873a4136a97205f0dd8696bc36d92a544bda51aa0",
    "evidence/g7/admin-amendment-process/full-check/g7-admin-lFWzEM/final/transactions/2c7e3554-938c-4481-ac96-3b645ae36b45/000004.json": "fc435a1bdf58a9efe0f10589dcde75b8751d3a4a56cf53bf6d93e7f0a507258a",
    "evidence/g7/admin-amendment-process/full-check/g7-admin-lFWzEM/original/accepted.json": "eb8aaa435a7565f4eff7602fec618336090b441be6075c83b4d2317e27a0330d",
    "evidence/g7/admin-amendment-process/full-check/g7-admin-lFWzEM/original/floor.json": "428cddf22f9bf7479e1e407ff9b4e379abaa1d98cb300541202f671563c03d89",
    "evidence/g7/admin-amendment-process/full-check/g7-admin-lFWzEM/original/hashes.json": "eabaf6db969fdff8759c2a8441a3a6d6b1a3dfe785967ee4268343cd245b98dd",
    "evidence/g7/admin-amendment-process/full-check/g7-admin-lFWzEM/original/identity.json": "be8c489761b2a3b51ddc01e4d22e9b0189c75cfa656be4b30548a86e3323fcc9",
    "evidence/g7/admin-amendment-process/full-check/g7-admin-lFWzEM/original/supervision/incarnation.json": "3f387dfd28b53ee0f74dbc753c348867cbc318d6705d89044647c4310f997912",
    "evidence/g7/admin-amendment-process/full-check/g7-admin-lFWzEM/original/transactions/2c7e3554-938c-4481-ac96-3b645ae36b45/000001.json": "4466e9c86d39b2adc713ee98d2fcdcaeaf55df4615d10af747bb25815338763b",
    "evidence/g7/admin-amendment-process/full-check/g7-admin-lFWzEM/original/transactions/2c7e3554-938c-4481-ac96-3b645ae36b45/000002.json": "d5b54224191383b13454f118360d7771dd5a52dc3955e95b4319836dae18c517",
    "evidence/g7/admin-amendment-process/full-check/g7-admin-lFWzEM/original/transactions/2c7e3554-938c-4481-ac96-3b645ae36b45/000003.json": "e15373cff429a6682b8be16873a4136a97205f0dd8696bc36d92a544bda51aa0",
    "evidence/g7/admin-amendment-process/full-check/g7-admin-lFWzEM/original/transactions/2c7e3554-938c-4481-ac96-3b645ae36b45/000004.json": "fc435a1bdf58a9efe0f10589dcde75b8751d3a4a56cf53bf6d93e7f0a507258a",
    "evidence/g7/admin-amendment-process/full-check/g7-admin-lFWzEM/stderr.log": "e3b0c44298fc1c149afbf4c8996fb92427ae41e4649b934ca495991b7852b855",
    "evidence/g7/admin-amendment-process/full-check/g7-admin-m0XyKW/failed-validation/floor.json": "e276aec0718752626ffeb2cf5b77196fd5cbd4054c9efafeb6b280d50d8dc9a1",
    "evidence/g7/admin-amendment-process/full-check/g7-admin-m0XyKW/failed-validation/hashes.json": "565e32c0225190f0fbf1f507b3a345213bdbb6bed30d2bd6ef7be579d16fdae5",
    "evidence/g7/admin-amendment-process/full-check/g7-admin-m0XyKW/failed-validation/identity.json": "0ae61a17b018e4e2fe261557202b10aa4cca10c85e306d5a1aec602c2bca3b72",
    "evidence/g7/admin-amendment-process/full-check/g7-admin-m0XyKW/failed-validation/supervision/incarnation.json": "83e3bbd4152e836efe517efd6bc56beda5f2885c711d5e858d8b9452e5402e5b",
    "evidence/g7/admin-amendment-process/full-check/g7-admin-m0XyKW/failed-validation/transactions/6f1f797b-78b2-43d1-8bce-40d33c84220e/000001.json": "b5e4ab2144e22507b1b5d80a82b5f924311039755fff87939c4cc011e5bcf9c9",
    "evidence/g7/admin-amendment-process/full-check/g7-admin-m0XyKW/failed-validation/transactions/6f1f797b-78b2-43d1-8bce-40d33c84220e/000002.json": "214c10d82707c5746cdf4bbbfc1224670a32e14c6236e4ce552bfa8c841691e4",
    "evidence/g7/admin-amendment-process/full-check/g7-admin-m0XyKW/failed-validation/transactions/6f1f797b-78b2-43d1-8bce-40d33c84220e/000003.json": "992225adae0a0c86069c8e35844947399172cf0170fb60e6177eaaa78e1ebe72",
    "evidence/g7/admin-amendment-process/full-check/g7-admin-m0XyKW/failed-validation/transactions/6f1f797b-78b2-43d1-8bce-40d33c84220e/000004.json": "5ddf0456a283086eb8c248fe7ca1a898daae566b9f4541903115f922af70ff3f",
    "evidence/g7/admin-amendment-process/full-check/g7-admin-m0XyKW/final/accepted.json": "bf30ca22739223d78f0512978e573dd9900ce0103ab6279fd18dc661661c955b",
    "evidence/g7/admin-amendment-process/full-check/g7-admin-m0XyKW/final/floor.json": "e276aec0718752626ffeb2cf5b77196fd5cbd4054c9efafeb6b280d50d8dc9a1",
    "evidence/g7/admin-amendment-process/full-check/g7-admin-m0XyKW/final/hashes.json": "70874583d761b473f15641dd878a6e5f589a65de044b455f1a7cede79e82632b",
    "evidence/g7/admin-amendment-process/full-check/g7-admin-m0XyKW/final/identity.json": "0ae61a17b018e4e2fe261557202b10aa4cca10c85e306d5a1aec602c2bca3b72",
    "evidence/g7/admin-amendment-process/full-check/g7-admin-m0XyKW/final/supervision/incarnation.json": "83e3bbd4152e836efe517efd6bc56beda5f2885c711d5e858d8b9452e5402e5b",
    "evidence/g7/admin-amendment-process/full-check/g7-admin-m0XyKW/final/transactions/6f1f797b-78b2-43d1-8bce-40d33c84220e/000001.json": "b5e4ab2144e22507b1b5d80a82b5f924311039755fff87939c4cc011e5bcf9c9",
    "evidence/g7/admin-amendment-process/full-check/g7-admin-m0XyKW/final/transactions/6f1f797b-78b2-43d1-8bce-40d33c84220e/000002.json": "214c10d82707c5746cdf4bbbfc1224670a32e14c6236e4ce552bfa8c841691e4",
    "evidence/g7/admin-amendment-process/full-check/g7-admin-m0XyKW/final/transactions/6f1f797b-78b2-43d1-8bce-40d33c84220e/000003.json": "992225adae0a0c86069c8e35844947399172cf0170fb60e6177eaaa78e1ebe72",
    "evidence/g7/admin-amendment-process/full-check/g7-admin-m0XyKW/final/transactions/6f1f797b-78b2-43d1-8bce-40d33c84220e/000004.json": "5ddf0456a283086eb8c248fe7ca1a898daae566b9f4541903115f922af70ff3f",
    "evidence/g7/admin-amendment-process/full-check/g7-admin-m0XyKW/original/accepted.json": "bf30ca22739223d78f0512978e573dd9900ce0103ab6279fd18dc661661c955b",
    "evidence/g7/admin-amendment-process/full-check/g7-admin-m0XyKW/original/floor.json": "e276aec0718752626ffeb2cf5b77196fd5cbd4054c9efafeb6b280d50d8dc9a1",
    "evidence/g7/admin-amendment-process/full-check/g7-admin-m0XyKW/original/hashes.json": "6c7cd49594f83af426360a0a271ea4316cd8f502a0e7f43f4884fe2120267242",
    "evidence/g7/admin-amendment-process/full-check/g7-admin-m0XyKW/original/identity.json": "0ae61a17b018e4e2fe261557202b10aa4cca10c85e306d5a1aec602c2bca3b72",
    "evidence/g7/admin-amendment-process/full-check/g7-admin-m0XyKW/original/supervision/incarnation.json": "83e3bbd4152e836efe517efd6bc56beda5f2885c711d5e858d8b9452e5402e5b",
    "evidence/g7/admin-amendment-process/full-check/g7-admin-m0XyKW/original/transactions/6f1f797b-78b2-43d1-8bce-40d33c84220e/000001.json": "b5e4ab2144e22507b1b5d80a82b5f924311039755fff87939c4cc011e5bcf9c9",
    "evidence/g7/admin-amendment-process/full-check/g7-admin-m0XyKW/original/transactions/6f1f797b-78b2-43d1-8bce-40d33c84220e/000002.json": "214c10d82707c5746cdf4bbbfc1224670a32e14c6236e4ce552bfa8c841691e4",
    "evidence/g7/admin-amendment-process/full-check/g7-admin-m0XyKW/original/transactions/6f1f797b-78b2-43d1-8bce-40d33c84220e/000003.json": "992225adae0a0c86069c8e35844947399172cf0170fb60e6177eaaa78e1ebe72",
    "evidence/g7/admin-amendment-process/full-check/g7-admin-m0XyKW/original/transactions/6f1f797b-78b2-43d1-8bce-40d33c84220e/000004.json": "5ddf0456a283086eb8c248fe7ca1a898daae566b9f4541903115f922af70ff3f",
    "evidence/g7/admin-amendment-process/full-check/g7-admin-m0XyKW/stderr.log": "e3b0c44298fc1c149afbf4c8996fb92427ae41e4649b934ca495991b7852b855",
    "evidence/g7/admin-amendment-process/full-check/g7-admin-q96zHe/final/accepted.json": "0bdc5a97108ac20eb6ff66dfc07795455e11960a648991a25c3836c3452f3219",
    "evidence/g7/admin-amendment-process/full-check/g7-admin-q96zHe/final/floor.json": "ee58d87d60d65966c52b67db16b96c8360e2ac45662c34a0c12e66e0f2f0d127",
    "evidence/g7/admin-amendment-process/full-check/g7-admin-q96zHe/final/hashes.json": "1d814c1022cd4d06334f26b472f3e90d7155be6be96e0a3d25a25c7913cd5d8e",
    "evidence/g7/admin-amendment-process/full-check/g7-admin-q96zHe/final/identity.json": "5a95e03b07e493093f804ae4189edbcde38d6fab3d0f3912f44d1b65a6f467c9",
    "evidence/g7/admin-amendment-process/full-check/g7-admin-q96zHe/final/supervision/incarnation.json": "210774ee9b6b1ab38fc810a696381bd160a77603132da5fdd4006310d326ca78",
    "evidence/g7/admin-amendment-process/full-check/g7-admin-q96zHe/final/transactions/f23805d0-fe6a-430d-9d7b-18a30fafd339/000001.json": "3c8840743891028ffb98fde2c6ba09ca190212df263be57b9f6602401a235d39",
    "evidence/g7/admin-amendment-process/full-check/g7-admin-q96zHe/final/transactions/f23805d0-fe6a-430d-9d7b-18a30fafd339/000002.json": "ac758c7789498ff2c9a91fcf05398e41d32c9f7aa0ab311fed028b35aa104799",
    "evidence/g7/admin-amendment-process/full-check/g7-admin-q96zHe/final/transactions/f23805d0-fe6a-430d-9d7b-18a30fafd339/000003.json": "2bd1cba3b15039c8df8962af1c0e0a5ada73fdbf8cfcc40720f2aeba06f49509",
    "evidence/g7/admin-amendment-process/full-check/g7-admin-q96zHe/final/transactions/f23805d0-fe6a-430d-9d7b-18a30fafd339/000004.json": "ae4ea7f75ec2d60629a042c320d308c3e93518b0d70b04f177fbe4b0efe05a93",
    "evidence/g7/admin-amendment-process/full-check/g7-admin-q96zHe/original/accepted.json": "0bdc5a97108ac20eb6ff66dfc07795455e11960a648991a25c3836c3452f3219",
    "evidence/g7/admin-amendment-process/full-check/g7-admin-q96zHe/original/floor.json": "d968bf5f50b300a58b95eaecf97beaa3cc48b7414533d08a84b60b5084280337",
    "evidence/g7/admin-amendment-process/full-check/g7-admin-q96zHe/original/hashes.json": "79d396ee7181b1b4034d9126ca098fcf2b4bad16ff2f275092c8dcaece2eba52",
    "evidence/g7/admin-amendment-process/full-check/g7-admin-q96zHe/original/identity.json": "5a95e03b07e493093f804ae4189edbcde38d6fab3d0f3912f44d1b65a6f467c9",
    "evidence/g7/admin-amendment-process/full-check/g7-admin-q96zHe/original/supervision/incarnation.json": "210774ee9b6b1ab38fc810a696381bd160a77603132da5fdd4006310d326ca78",
    "evidence/g7/admin-amendment-process/full-check/g7-admin-q96zHe/original/transactions/f23805d0-fe6a-430d-9d7b-18a30fafd339/000001.json": "3c8840743891028ffb98fde2c6ba09ca190212df263be57b9f6602401a235d39",
    "evidence/g7/admin-amendment-process/full-check/g7-admin-q96zHe/original/transactions/f23805d0-fe6a-430d-9d7b-18a30fafd339/000002.json": "ac758c7789498ff2c9a91fcf05398e41d32c9f7aa0ab311fed028b35aa104799",
    "evidence/g7/admin-amendment-process/full-check/g7-admin-q96zHe/original/transactions/f23805d0-fe6a-430d-9d7b-18a30fafd339/000003.json": "2bd1cba3b15039c8df8962af1c0e0a5ada73fdbf8cfcc40720f2aeba06f49509",
    "evidence/g7/admin-amendment-process/full-check/g7-admin-q96zHe/original/transactions/f23805d0-fe6a-430d-9d7b-18a30fafd339/000004.json": "ae4ea7f75ec2d60629a042c320d308c3e93518b0d70b04f177fbe4b0efe05a93",
    "evidence/g7/admin-amendment-process/full-check/g7-admin-q96zHe/stderr.log": "e3b0c44298fc1c149afbf4c8996fb92427ae41e4649b934ca495991b7852b855",
    "evidence/g7/admin-amendment-process/full-check/g7-admin-q96zHe/stopped-at-boundary/accepted.json": "0bdc5a97108ac20eb6ff66dfc07795455e11960a648991a25c3836c3452f3219",
    "evidence/g7/admin-amendment-process/full-check/g7-admin-q96zHe/stopped-at-boundary/floor.json": "ee58d87d60d65966c52b67db16b96c8360e2ac45662c34a0c12e66e0f2f0d127",
    "evidence/g7/admin-amendment-process/full-check/g7-admin-q96zHe/stopped-at-boundary/hashes.json": "1d814c1022cd4d06334f26b472f3e90d7155be6be96e0a3d25a25c7913cd5d8e",
    "evidence/g7/admin-amendment-process/full-check/g7-admin-q96zHe/stopped-at-boundary/identity.json": "5a95e03b07e493093f804ae4189edbcde38d6fab3d0f3912f44d1b65a6f467c9",
    "evidence/g7/admin-amendment-process/full-check/g7-admin-q96zHe/stopped-at-boundary/supervision/incarnation.json": "210774ee9b6b1ab38fc810a696381bd160a77603132da5fdd4006310d326ca78",
    "evidence/g7/admin-amendment-process/full-check/g7-admin-q96zHe/stopped-at-boundary/transactions/f23805d0-fe6a-430d-9d7b-18a30fafd339/000001.json": "3c8840743891028ffb98fde2c6ba09ca190212df263be57b9f6602401a235d39",
    "evidence/g7/admin-amendment-process/full-check/g7-admin-q96zHe/stopped-at-boundary/transactions/f23805d0-fe6a-430d-9d7b-18a30fafd339/000002.json": "ac758c7789498ff2c9a91fcf05398e41d32c9f7aa0ab311fed028b35aa104799",
    "evidence/g7/admin-amendment-process/full-check/g7-admin-q96zHe/stopped-at-boundary/transactions/f23805d0-fe6a-430d-9d7b-18a30fafd339/000003.json": "2bd1cba3b15039c8df8962af1c0e0a5ada73fdbf8cfcc40720f2aeba06f49509",
    "evidence/g7/admin-amendment-process/full-check/g7-admin-q96zHe/stopped-at-boundary/transactions/f23805d0-fe6a-430d-9d7b-18a30fafd339/000004.json": "ae4ea7f75ec2d60629a042c320d308c3e93518b0d70b04f177fbe4b0efe05a93",
    "evidence/g7/admin-amendment-process/full-check/g7-admin-tEqdwv/final/accepted.json": "f20175abafd22d161908e11fa06f2c1cab7ef4c8a7521303929158d4da12b985",
    "evidence/g7/admin-amendment-process/full-check/g7-admin-tEqdwv/final/floor.json": "98f7a045ffed6501fce00e05a648b0c73f1bd75bbb9434778b9bd1a6da6a8fe3",
    "evidence/g7/admin-amendment-process/full-check/g7-admin-tEqdwv/final/hashes.json": "5247942c472b7dbb42c79207563d0c886eb80acbff9c92858e0686316367e176",
    "evidence/g7/admin-amendment-process/full-check/g7-admin-tEqdwv/final/identity.json": "a85aa8354627dbb0275205f2e3887a3801add4aa1fd296b93f52b9b3417cad6b",
    "evidence/g7/admin-amendment-process/full-check/g7-admin-tEqdwv/final/supervision/incarnation.json": "ab95660ffe9b7e230b779a052a1e2425a2d4880b70a40c03111abc09296a8f6d",
    "evidence/g7/admin-amendment-process/full-check/g7-admin-tEqdwv/final/transactions/6a912c30-f9d1-4ee2-8a5c-2647fb911dd5/000001.json": "e1ae6d54a22122b471bb09e52ce286e6f1eb58d5af5be8594afb665bbf4577e6",
    "evidence/g7/admin-amendment-process/full-check/g7-admin-tEqdwv/final/transactions/6a912c30-f9d1-4ee2-8a5c-2647fb911dd5/000002.json": "58e042b95257551ef773c720355c9306448aea93f8e21d9f53c095bc2a6ba1b1",
    "evidence/g7/admin-amendment-process/full-check/g7-admin-tEqdwv/final/transactions/6a912c30-f9d1-4ee2-8a5c-2647fb911dd5/000003.json": "f39b1ceb94f6c1394e5df9caa7cf9d39d7c6988b4ba8935b5702a5b012f78226",
    "evidence/g7/admin-amendment-process/full-check/g7-admin-tEqdwv/final/transactions/6a912c30-f9d1-4ee2-8a5c-2647fb911dd5/000004.json": "aaf85cee98ddd55798f3763f737c29e53a5202399e943bf7b13a7b3769b5cbd8",
    "evidence/g7/admin-amendment-process/full-check/g7-admin-tEqdwv/stderr.log": "e3b0c44298fc1c149afbf4c8996fb92427ae41e4649b934ca495991b7852b855",
    "evidence/g7/admin-amendment-process/full-check/g7-admin-vdNwTo/final/accepted.json": "9e04dc30878972b35fad5a5dc8ce446796a529f704478d0bad54ff3ddd691a5a",
    "evidence/g7/admin-amendment-process/full-check/g7-admin-vdNwTo/final/floor.json": "75871fe69d173f3e5fa90a3a59bc2231a23f42f718d57d52330401bf3b0cbe5a",
    "evidence/g7/admin-amendment-process/full-check/g7-admin-vdNwTo/final/hashes.json": "c858b44f9c24ae58a1c2b241a5c35669c445138d9e0103eaeec4f4a6b9721248",
    "evidence/g7/admin-amendment-process/full-check/g7-admin-vdNwTo/final/identity.json": "158a13fa1a2c579d6cbecdf7395033c46bd5f77efbda7734924cbc244d1762de",
    "evidence/g7/admin-amendment-process/full-check/g7-admin-vdNwTo/final/next-e77861ae-fa6e-48e4-9b83-072158ea1bb2": "9e04dc30878972b35fad5a5dc8ce446796a529f704478d0bad54ff3ddd691a5a",
    "evidence/g7/admin-amendment-process/full-check/g7-admin-vdNwTo/final/supervision/incarnation.json": "3f6feb3e3b154005426b03f66c41bc456ecba8fedbc9abaa2615ba2bf216bc91",
    "evidence/g7/admin-amendment-process/full-check/g7-admin-vdNwTo/final/transactions/38d566de-0eb8-43fc-b309-199693b425e5/000001.json": "9d01f38cdb0d895db56a40fdb29fbb713df43445cfeea7330d30a4844d57743d",
    "evidence/g7/admin-amendment-process/full-check/g7-admin-vdNwTo/final/transactions/38d566de-0eb8-43fc-b309-199693b425e5/000002.json": "3b353689848349750d8836327a9832e23124a275842303224a9ddf7a592cdb3e",
    "evidence/g7/admin-amendment-process/full-check/g7-admin-vdNwTo/final/transactions/38d566de-0eb8-43fc-b309-199693b425e5/000003.json": "068e83f3741954c708b402e77260364832f4f5f583183d0cc9386865bef427ed",
    "evidence/g7/admin-amendment-process/full-check/g7-admin-vdNwTo/final/transactions/38d566de-0eb8-43fc-b309-199693b425e5/000004.json": "2e3fdf0d2971474015c6d6af11511798d6e398d5ad2b966b770fb2276e4bb693",
    "evidence/g7/admin-amendment-process/full-check/g7-admin-vdNwTo/original/accepted.json": "9e04dc30878972b35fad5a5dc8ce446796a529f704478d0bad54ff3ddd691a5a",
    "evidence/g7/admin-amendment-process/full-check/g7-admin-vdNwTo/original/floor.json": "572e2186a3e6cb1e2bb840ef6106e06c0aed61af36877490c856f0f43d9907de",
    "evidence/g7/admin-amendment-process/full-check/g7-admin-vdNwTo/original/hashes.json": "2fe5d00a5b8a5722c85daccace7cd6d186d707740c1b7015b8152be4b6193f8f",
    "evidence/g7/admin-amendment-process/full-check/g7-admin-vdNwTo/original/identity.json": "158a13fa1a2c579d6cbecdf7395033c46bd5f77efbda7734924cbc244d1762de",
    "evidence/g7/admin-amendment-process/full-check/g7-admin-vdNwTo/original/supervision/incarnation.json": "3f6feb3e3b154005426b03f66c41bc456ecba8fedbc9abaa2615ba2bf216bc91",
    "evidence/g7/admin-amendment-process/full-check/g7-admin-vdNwTo/original/transactions/38d566de-0eb8-43fc-b309-199693b425e5/000001.json": "9d01f38cdb0d895db56a40fdb29fbb713df43445cfeea7330d30a4844d57743d",
    "evidence/g7/admin-amendment-process/full-check/g7-admin-vdNwTo/original/transactions/38d566de-0eb8-43fc-b309-199693b425e5/000002.json": "3b353689848349750d8836327a9832e23124a275842303224a9ddf7a592cdb3e",
    "evidence/g7/admin-amendment-process/full-check/g7-admin-vdNwTo/original/transactions/38d566de-0eb8-43fc-b309-199693b425e5/000003.json": "068e83f3741954c708b402e77260364832f4f5f583183d0cc9386865bef427ed",
    "evidence/g7/admin-amendment-process/full-check/g7-admin-vdNwTo/original/transactions/38d566de-0eb8-43fc-b309-199693b425e5/000004.json": "2e3fdf0d2971474015c6d6af11511798d6e398d5ad2b966b770fb2276e4bb693",
    "evidence/g7/admin-amendment-process/full-check/g7-admin-vdNwTo/stderr.log": "e3b0c44298fc1c149afbf4c8996fb92427ae41e4649b934ca495991b7852b855",
    "evidence/g7/admin-amendment-process/full-check/g7-admin-vdNwTo/stopped-at-boundary/accepted.json": "9e04dc30878972b35fad5a5dc8ce446796a529f704478d0bad54ff3ddd691a5a",
    "evidence/g7/admin-amendment-process/full-check/g7-admin-vdNwTo/stopped-at-boundary/floor.json": "75871fe69d173f3e5fa90a3a59bc2231a23f42f718d57d52330401bf3b0cbe5a",
    "evidence/g7/admin-amendment-process/full-check/g7-admin-vdNwTo/stopped-at-boundary/hashes.json": "c858b44f9c24ae58a1c2b241a5c35669c445138d9e0103eaeec4f4a6b9721248",
    "evidence/g7/admin-amendment-process/full-check/g7-admin-vdNwTo/stopped-at-boundary/identity.json": "158a13fa1a2c579d6cbecdf7395033c46bd5f77efbda7734924cbc244d1762de",
    "evidence/g7/admin-amendment-process/full-check/g7-admin-vdNwTo/stopped-at-boundary/next-e77861ae-fa6e-48e4-9b83-072158ea1bb2": "9e04dc30878972b35fad5a5dc8ce446796a529f704478d0bad54ff3ddd691a5a",
    "evidence/g7/admin-amendment-process/full-check/g7-admin-vdNwTo/stopped-at-boundary/supervision/incarnation.json": "3f6feb3e3b154005426b03f66c41bc456ecba8fedbc9abaa2615ba2bf216bc91",
    "evidence/g7/admin-amendment-process/full-check/g7-admin-vdNwTo/stopped-at-boundary/transactions/38d566de-0eb8-43fc-b309-199693b425e5/000001.json": "9d01f38cdb0d895db56a40fdb29fbb713df43445cfeea7330d30a4844d57743d",
    "evidence/g7/admin-amendment-process/full-check/g7-admin-vdNwTo/stopped-at-boundary/transactions/38d566de-0eb8-43fc-b309-199693b425e5/000002.json": "3b353689848349750d8836327a9832e23124a275842303224a9ddf7a592cdb3e",
    "evidence/g7/admin-amendment-process/full-check/g7-admin-vdNwTo/stopped-at-boundary/transactions/38d566de-0eb8-43fc-b309-199693b425e5/000003.json": "068e83f3741954c708b402e77260364832f4f5f583183d0cc9386865bef427ed",
    "evidence/g7/admin-amendment-process/full-check/g7-admin-vdNwTo/stopped-at-boundary/transactions/38d566de-0eb8-43fc-b309-199693b425e5/000004.json": "2e3fdf0d2971474015c6d6af11511798d6e398d5ad2b966b770fb2276e4bb693",
    "evidence/g7/admin-amendment-process/run-1/g7-admin-0wONb2/final/floor.json": "2b91b7d0f1ff7ccb4ee341f53e60f5fec49e28fe0852a6f89cdd324f434aabcb",
    "evidence/g7/admin-amendment-process/run-1/g7-admin-0wONb2/final/hashes.json": "4a5caf950ab63376931b581b052e93eee99bcc14fcc91ab08d8d75fcc79b5a01",
    "evidence/g7/admin-amendment-process/run-1/g7-admin-0wONb2/final/identity.json": "2526a43725c95733af1ab3c1cda4769dec025b8c8618cddb3d1dc895dc905727",
    "evidence/g7/admin-amendment-process/run-1/g7-admin-0wONb2/final/supervision/incarnation.json": "2ae2d767e25a5aae433caff8572a6ece568306ae77b5896c3ddc2505ed9858e4",
    "evidence/g7/admin-amendment-process/run-1/g7-admin-0wONb2/stderr.log": "e3b0c44298fc1c149afbf4c8996fb92427ae41e4649b934ca495991b7852b855",
    "evidence/g7/admin-amendment-process/run-1/g7-admin-0wONb2/stopped-at-boundary/floor.json": "2b91b7d0f1ff7ccb4ee341f53e60f5fec49e28fe0852a6f89cdd324f434aabcb",
    "evidence/g7/admin-amendment-process/run-1/g7-admin-0wONb2/stopped-at-boundary/hashes.json": "4a5caf950ab63376931b581b052e93eee99bcc14fcc91ab08d8d75fcc79b5a01",
    "evidence/g7/admin-amendment-process/run-1/g7-admin-0wONb2/stopped-at-boundary/identity.json": "2526a43725c95733af1ab3c1cda4769dec025b8c8618cddb3d1dc895dc905727",
    "evidence/g7/admin-amendment-process/run-1/g7-admin-0wONb2/stopped-at-boundary/supervision/incarnation.json": "2ae2d767e25a5aae433caff8572a6ece568306ae77b5896c3ddc2505ed9858e4",
    "evidence/g7/admin-amendment-process/run-1/g7-admin-2KJNsn/final/accepted.json": "511a8ceff45bff347ac030b143328409211f213d14fb209c3654cccea0ca947b",
    "evidence/g7/admin-amendment-process/run-1/g7-admin-2KJNsn/final/floor.json": "dd4472f4cf40113a65e64eb9807a6b665fe9f51b595ee67bee7bb4b538a7162d",
    "evidence/g7/admin-amendment-process/run-1/g7-admin-2KJNsn/final/hashes.json": "b987ea5ae8f6a0e50850e245e8c1d6322941bf7645147f424478c12a1193a18e",
    "evidence/g7/admin-amendment-process/run-1/g7-admin-2KJNsn/final/identity.json": "357da1929a0efb068b639c26ddafdf873e76c689bddeb35f4eea3dd6d38a3635",
    "evidence/g7/admin-amendment-process/run-1/g7-admin-2KJNsn/final/supervision/incarnation.json": "c349d122bbb12f60bed45a45d3936c00c4683b870863e30150bcc314975c7037",
    "evidence/g7/admin-amendment-process/run-1/g7-admin-2KJNsn/stderr.log": "e3b0c44298fc1c149afbf4c8996fb92427ae41e4649b934ca495991b7852b855",
    "evidence/g7/admin-amendment-process/run-1/g7-admin-7yb6nc/final/accepted.json": "be15aa34461abd924bfffc4a920c69c2cc1c0d51d4852d8ebfa4265951408d70",
    "evidence/g7/admin-amendment-process/run-1/g7-admin-7yb6nc/final/floor.json": "0f18c1df5f977c0a11b5680fda0c9cb5efddd162ed24c6590abd63f3ea5bd658",
    "evidence/g7/admin-amendment-process/run-1/g7-admin-7yb6nc/final/hashes.json": "5aba7940b65184599544007330cfb9fef38d20fc73bd67de95058aed41081f18",
    "evidence/g7/admin-amendment-process/run-1/g7-admin-7yb6nc/final/identity.json": "b26feeb6e35ffa827efc6c1e3d98b2f43ae54af7f17d44a1e7afce5f7c2d87d8",
    "evidence/g7/admin-amendment-process/run-1/g7-admin-7yb6nc/final/supervision/incarnation.json": "e7ee3edf9edcf7c7d38da2e5e7c59dee7c6319d21fc2fb9750acfbeede85b815",
    "evidence/g7/admin-amendment-process/run-1/g7-admin-7yb6nc/original/accepted.json": "be15aa34461abd924bfffc4a920c69c2cc1c0d51d4852d8ebfa4265951408d70",
    "evidence/g7/admin-amendment-process/run-1/g7-admin-7yb6nc/original/floor.json": "fc3030e4a981b7a529bb14526d1598f50819af99a6e6b2b0468ec0806f98cd5d",
    "evidence/g7/admin-amendment-process/run-1/g7-admin-7yb6nc/original/hashes.json": "d8ff9129371e738c80c7ab999a7426d1fb72513037a52bc6225a72290e24aa2e",
    "evidence/g7/admin-amendment-process/run-1/g7-admin-7yb6nc/original/identity.json": "b26feeb6e35ffa827efc6c1e3d98b2f43ae54af7f17d44a1e7afce5f7c2d87d8",
    "evidence/g7/admin-amendment-process/run-1/g7-admin-7yb6nc/original/supervision/incarnation.json": "e7ee3edf9edcf7c7d38da2e5e7c59dee7c6319d21fc2fb9750acfbeede85b815",
    "evidence/g7/admin-amendment-process/run-1/g7-admin-7yb6nc/stderr.log": "e3b0c44298fc1c149afbf4c8996fb92427ae41e4649b934ca495991b7852b855",
    "evidence/g7/admin-amendment-process/run-1/g7-admin-7yb6nc/stopped-at-boundary/accepted.json": "be15aa34461abd924bfffc4a920c69c2cc1c0d51d4852d8ebfa4265951408d70",
    "evidence/g7/admin-amendment-process/run-1/g7-admin-7yb6nc/stopped-at-boundary/floor.json": "0f18c1df5f977c0a11b5680fda0c9cb5efddd162ed24c6590abd63f3ea5bd658",
    "evidence/g7/admin-amendment-process/run-1/g7-admin-7yb6nc/stopped-at-boundary/hashes.json": "5aba7940b65184599544007330cfb9fef38d20fc73bd67de95058aed41081f18",
    "evidence/g7/admin-amendment-process/run-1/g7-admin-7yb6nc/stopped-at-boundary/identity.json": "b26feeb6e35ffa827efc6c1e3d98b2f43ae54af7f17d44a1e7afce5f7c2d87d8",
    "evidence/g7/admin-amendment-process/run-1/g7-admin-7yb6nc/stopped-at-boundary/supervision/incarnation.json": "e7ee3edf9edcf7c7d38da2e5e7c59dee7c6319d21fc2fb9750acfbeede85b815",
    "evidence/g7/admin-amendment-process/run-1/g7-admin-BLLdFH/final/accepted.json": "464aee4a7d7238c2715b2d17447140ccde22a0ef2e4cf9bb6c9c59d126b9df63",
    "evidence/g7/admin-amendment-process/run-1/g7-admin-BLLdFH/final/floor.json": "ef8e7f5c41141eae3e517af821d46b3dbf7b59cce37c22fb3c013bc7fe058fe9",
    "evidence/g7/admin-amendment-process/run-1/g7-admin-BLLdFH/final/hashes.json": "dc9d0d54041110131244774bab8aed40d6fcd4466d7a742db581bd9bd4878669",
    "evidence/g7/admin-amendment-process/run-1/g7-admin-BLLdFH/final/identity.json": "8fb2c5e683de1eb5541df93795798b685ca967eb2cf6061b89c23cf4b4211647",
    "evidence/g7/admin-amendment-process/run-1/g7-admin-BLLdFH/final/supervision/incarnation.json": "f8cdfff8f315c008c2dd76dc72aa24de3935012ed759b72e33f13efefb10411e",
    "evidence/g7/admin-amendment-process/run-1/g7-admin-BLLdFH/original/accepted.json": "464aee4a7d7238c2715b2d17447140ccde22a0ef2e4cf9bb6c9c59d126b9df63",
    "evidence/g7/admin-amendment-process/run-1/g7-admin-BLLdFH/original/floor.json": "ef8e7f5c41141eae3e517af821d46b3dbf7b59cce37c22fb3c013bc7fe058fe9",
    "evidence/g7/admin-amendment-process/run-1/g7-admin-BLLdFH/original/hashes.json": "993d814533607d75b3feef2765cb12f7646caaa543cbc42056a642ffef8e9f30",
    "evidence/g7/admin-amendment-process/run-1/g7-admin-BLLdFH/original/identity.json": "8fb2c5e683de1eb5541df93795798b685ca967eb2cf6061b89c23cf4b4211647",
    "evidence/g7/admin-amendment-process/run-1/g7-admin-BLLdFH/original/supervision/incarnation.json": "f8cdfff8f315c008c2dd76dc72aa24de3935012ed759b72e33f13efefb10411e",
    "evidence/g7/admin-amendment-process/run-1/g7-admin-BLLdFH/stderr.log": "e3b0c44298fc1c149afbf4c8996fb92427ae41e4649b934ca495991b7852b855",
    "evidence/g7/admin-amendment-process/run-1/g7-admin-BMubAB/final/accepted.json": "f335a2083ff772312c10d7cd563ff2033e0c61bf40aaba0790786398df1eb84b",
    "evidence/g7/admin-amendment-process/run-1/g7-admin-BMubAB/final/floor.json": "535bcf7448200de8d29add7d17f8adbb0caae325ff430373028cdc9cb33e398c",
    "evidence/g7/admin-amendment-process/run-1/g7-admin-BMubAB/final/hashes.json": "55a9ac758f77bf8507a35c79d38b975edbf0ead003702325ac9b35d0722f5a6b",
    "evidence/g7/admin-amendment-process/run-1/g7-admin-BMubAB/final/identity.json": "e2bf74aaa2dc4a44ae6c8ebaab8c5aa39d63067d798c1ca202802c8b8e748259",
    "evidence/g7/admin-amendment-process/run-1/g7-admin-BMubAB/final/supervision/incarnation.json": "3b0e4c56c7ac19b099f46b0cb47ec2f9e0ab58b6f475729549b7c93936d6cdcc",
    "evidence/g7/admin-amendment-process/run-1/g7-admin-BMubAB/original/accepted.json": "f335a2083ff772312c10d7cd563ff2033e0c61bf40aaba0790786398df1eb84b",
    "evidence/g7/admin-amendment-process/run-1/g7-admin-BMubAB/original/floor.json": "7d556e26920b6c4c388714032f1a408c720c7366ce38cec1c3547168bd5f6a6d",
    "evidence/g7/admin-amendment-process/run-1/g7-admin-BMubAB/original/hashes.json": "e5c36d34fa432701d77377f16382ed447ace1edd3578965eb7f3ed2f625eac9a",
    "evidence/g7/admin-amendment-process/run-1/g7-admin-BMubAB/original/identity.json": "e2bf74aaa2dc4a44ae6c8ebaab8c5aa39d63067d798c1ca202802c8b8e748259",
    "evidence/g7/admin-amendment-process/run-1/g7-admin-BMubAB/original/supervision/incarnation.json": "3b0e4c56c7ac19b099f46b0cb47ec2f9e0ab58b6f475729549b7c93936d6cdcc",
    "evidence/g7/admin-amendment-process/run-1/g7-admin-BMubAB/stderr.log": "e3b0c44298fc1c149afbf4c8996fb92427ae41e4649b934ca495991b7852b855",
    "evidence/g7/admin-amendment-process/run-1/g7-admin-BMubAB/stopped-at-boundary/accepted.json": "f335a2083ff772312c10d7cd563ff2033e0c61bf40aaba0790786398df1eb84b",
    "evidence/g7/admin-amendment-process/run-1/g7-admin-BMubAB/stopped-at-boundary/floor.json": "535bcf7448200de8d29add7d17f8adbb0caae325ff430373028cdc9cb33e398c",
    "evidence/g7/admin-amendment-process/run-1/g7-admin-BMubAB/stopped-at-boundary/hashes.json": "55a9ac758f77bf8507a35c79d38b975edbf0ead003702325ac9b35d0722f5a6b",
    "evidence/g7/admin-amendment-process/run-1/g7-admin-BMubAB/stopped-at-boundary/identity.json": "e2bf74aaa2dc4a44ae6c8ebaab8c5aa39d63067d798c1ca202802c8b8e748259",
    "evidence/g7/admin-amendment-process/run-1/g7-admin-BMubAB/stopped-at-boundary/supervision/incarnation.json": "3b0e4c56c7ac19b099f46b0cb47ec2f9e0ab58b6f475729549b7c93936d6cdcc",
    "evidence/g7/admin-amendment-process/run-1/g7-admin-F8Xwud/final/accepted.json": "544a6e4faed40bac42375f18cb4a59b6323d47225934a6cc8226a8039db88b06",
    "evidence/g7/admin-amendment-process/run-1/g7-admin-F8Xwud/final/floor.json": "0fcf61ddbf6eccd339b8d57867ef0aa339f44cf7bc217a8585d8ce63aab58013",
    "evidence/g7/admin-amendment-process/run-1/g7-admin-F8Xwud/final/hashes.json": "f165fc6f75cc7631892d41421a0d8808b947479f2942ab6c8acb5c527aa49d4d",
    "evidence/g7/admin-amendment-process/run-1/g7-admin-F8Xwud/final/identity.json": "ad61db94af3e5345d92e5414f7fbcd9650baf347da8fe90ae9b3a3705e2471f3",
    "evidence/g7/admin-amendment-process/run-1/g7-admin-F8Xwud/final/supervision/incarnation.json": "d444652b0a1283cd3ca82e92588f20bc00e9b60c7c0bc72331856cdb62115fbc",
    "evidence/g7/admin-amendment-process/run-1/g7-admin-F8Xwud/original/accepted.json": "544a6e4faed40bac42375f18cb4a59b6323d47225934a6cc8226a8039db88b06",
    "evidence/g7/admin-amendment-process/run-1/g7-admin-F8Xwud/original/floor.json": "6d533d892891d816881638db8901cec4993256b670af35884780014d77c13b61",
    "evidence/g7/admin-amendment-process/run-1/g7-admin-F8Xwud/original/hashes.json": "e523205a3804fdcb646594d30169ea694364a7e31f08d657563955f3e2eaa6be",
    "evidence/g7/admin-amendment-process/run-1/g7-admin-F8Xwud/original/identity.json": "ad61db94af3e5345d92e5414f7fbcd9650baf347da8fe90ae9b3a3705e2471f3",
    "evidence/g7/admin-amendment-process/run-1/g7-admin-F8Xwud/original/supervision/incarnation.json": "d444652b0a1283cd3ca82e92588f20bc00e9b60c7c0bc72331856cdb62115fbc",
    "evidence/g7/admin-amendment-process/run-1/g7-admin-F8Xwud/stderr.log": "e3b0c44298fc1c149afbf4c8996fb92427ae41e4649b934ca495991b7852b855",
    "evidence/g7/admin-amendment-process/run-1/g7-admin-F8Xwud/stopped-at-boundary/accepted.json": "544a6e4faed40bac42375f18cb4a59b6323d47225934a6cc8226a8039db88b06",
    "evidence/g7/admin-amendment-process/run-1/g7-admin-F8Xwud/stopped-at-boundary/floor.json": "0fcf61ddbf6eccd339b8d57867ef0aa339f44cf7bc217a8585d8ce63aab58013",
    "evidence/g7/admin-amendment-process/run-1/g7-admin-F8Xwud/stopped-at-boundary/hashes.json": "f165fc6f75cc7631892d41421a0d8808b947479f2942ab6c8acb5c527aa49d4d",
    "evidence/g7/admin-amendment-process/run-1/g7-admin-F8Xwud/stopped-at-boundary/identity.json": "ad61db94af3e5345d92e5414f7fbcd9650baf347da8fe90ae9b3a3705e2471f3",
    "evidence/g7/admin-amendment-process/run-1/g7-admin-F8Xwud/stopped-at-boundary/supervision/incarnation.json": "d444652b0a1283cd3ca82e92588f20bc00e9b60c7c0bc72331856cdb62115fbc",
    "evidence/g7/admin-amendment-process/run-1/g7-admin-FubmsC/final/floor.json": "8ab28019ea0a7488c16ea5df22130d70a6364b97ac64cf306688300274a8ec91",
    "evidence/g7/admin-amendment-process/run-1/g7-admin-FubmsC/final/hashes.json": "0c950e0a5415da014b80648e85d038d14b2784979fe52733a5024bbd62e19f73",
    "evidence/g7/admin-amendment-process/run-1/g7-admin-FubmsC/final/identity.json": "c1aab8d0876407d1e1392446e269155ddce4c0f855708912e49e5f814d2a6fab",
    "evidence/g7/admin-amendment-process/run-1/g7-admin-FubmsC/final/supervision/incarnation.json": "79278f6fa8c7098d7263217194e40fcb61d30ba022fbff82d28015360eba3743",
    "evidence/g7/admin-amendment-process/run-1/g7-admin-FubmsC/stderr.log": "e3b0c44298fc1c149afbf4c8996fb92427ae41e4649b934ca495991b7852b855",
    "evidence/g7/admin-amendment-process/run-1/g7-admin-FubmsC/stopped-at-boundary/floor.json": "8ab28019ea0a7488c16ea5df22130d70a6364b97ac64cf306688300274a8ec91",
    "evidence/g7/admin-amendment-process/run-1/g7-admin-FubmsC/stopped-at-boundary/hashes.json": "0c950e0a5415da014b80648e85d038d14b2784979fe52733a5024bbd62e19f73",
    "evidence/g7/admin-amendment-process/run-1/g7-admin-FubmsC/stopped-at-boundary/identity.json": "c1aab8d0876407d1e1392446e269155ddce4c0f855708912e49e5f814d2a6fab",
    "evidence/g7/admin-amendment-process/run-1/g7-admin-FubmsC/stopped-at-boundary/supervision/incarnation.json": "79278f6fa8c7098d7263217194e40fcb61d30ba022fbff82d28015360eba3743",
    "evidence/g7/admin-amendment-process/run-1/g7-admin-MGkn0s/final/accepted.json": "2a8e83c82c776d8e4c0743c909aed7dcbeb3fe3980e417a941cd894eef51f3a6",
    "evidence/g7/admin-amendment-process/run-1/g7-admin-MGkn0s/final/floor.json": "a94d5b41773d3debf115dc5c75469f34590d40de99854276bca457e6545ef1df",
    "evidence/g7/admin-amendment-process/run-1/g7-admin-MGkn0s/final/hashes.json": "3ea1ccf50a0f57e46b1bae991380d0197f06e62def50570dfd12ef3b04e65010",
    "evidence/g7/admin-amendment-process/run-1/g7-admin-MGkn0s/final/identity.json": "21cbf72f9be8a594b3e81435a87cbe46c3a0783ba89ed6faf1351a61c1764c4b",
    "evidence/g7/admin-amendment-process/run-1/g7-admin-MGkn0s/final/supervision/incarnation.json": "31608f80a77073cf35f3269ef10835f3cb1f7d6232ec4d68b2f6b51ef4b577c5",
    "evidence/g7/admin-amendment-process/run-1/g7-admin-MGkn0s/stderr.log": "e3b0c44298fc1c149afbf4c8996fb92427ae41e4649b934ca495991b7852b855",
    "evidence/g7/admin-amendment-process/run-1/g7-admin-MGkn0s/stopped-at-boundary/accepted.json": "2a8e83c82c776d8e4c0743c909aed7dcbeb3fe3980e417a941cd894eef51f3a6",
    "evidence/g7/admin-amendment-process/run-1/g7-admin-MGkn0s/stopped-at-boundary/floor.json": "a94d5b41773d3debf115dc5c75469f34590d40de99854276bca457e6545ef1df",
    "evidence/g7/admin-amendment-process/run-1/g7-admin-MGkn0s/stopped-at-boundary/hashes.json": "3ea1ccf50a0f57e46b1bae991380d0197f06e62def50570dfd12ef3b04e65010",
    "evidence/g7/admin-amendment-process/run-1/g7-admin-MGkn0s/stopped-at-boundary/identity.json": "21cbf72f9be8a594b3e81435a87cbe46c3a0783ba89ed6faf1351a61c1764c4b",
    "evidence/g7/admin-amendment-process/run-1/g7-admin-MGkn0s/stopped-at-boundary/supervision/incarnation.json": "31608f80a77073cf35f3269ef10835f3cb1f7d6232ec4d68b2f6b51ef4b577c5",
    "evidence/g7/admin-amendment-process/run-1/g7-admin-MK2FN5/final/accepted.json": "5d1a2ee74006715680940b230d2a191820682701915f1d097d2f3785856ea101",
    "evidence/g7/admin-amendment-process/run-1/g7-admin-MK2FN5/final/floor.json": "1715519e1bdc211d87ed372ca5fbe96628bff92167a8d2c0984914a67b3d98c7",
    "evidence/g7/admin-amendment-process/run-1/g7-admin-MK2FN5/final/hashes.json": "2c0b252b1a677c522c75b5960938f50104752f65632f5c0f74adf33090827086",
    "evidence/g7/admin-amendment-process/run-1/g7-admin-MK2FN5/final/identity.json": "9af735ab94d67641fed29ee354bc326ecd0220ebdb5903d6d9228d54fec02e99",
    "evidence/g7/admin-amendment-process/run-1/g7-admin-MK2FN5/final/supervision/incarnation.json": "2fa1c8befc98c21dd7b2751f84ea081016b877abe03a8e6f9a05fe9166c06bab",
    "evidence/g7/admin-amendment-process/run-1/g7-admin-MK2FN5/stderr.log": "e3b0c44298fc1c149afbf4c8996fb92427ae41e4649b934ca495991b7852b855",
    "evidence/g7/admin-amendment-process/run-1/g7-admin-MK2FN5/stopped-at-boundary/accepted.json": "5d1a2ee74006715680940b230d2a191820682701915f1d097d2f3785856ea101",
    "evidence/g7/admin-amendment-process/run-1/g7-admin-MK2FN5/stopped-at-boundary/floor.json": "1715519e1bdc211d87ed372ca5fbe96628bff92167a8d2c0984914a67b3d98c7",
    "evidence/g7/admin-amendment-process/run-1/g7-admin-MK2FN5/stopped-at-boundary/hashes.json": "2c0b252b1a677c522c75b5960938f50104752f65632f5c0f74adf33090827086",
    "evidence/g7/admin-amendment-process/run-1/g7-admin-MK2FN5/stopped-at-boundary/identity.json": "9af735ab94d67641fed29ee354bc326ecd0220ebdb5903d6d9228d54fec02e99",
    "evidence/g7/admin-amendment-process/run-1/g7-admin-MK2FN5/stopped-at-boundary/supervision/incarnation.json": "2fa1c8befc98c21dd7b2751f84ea081016b877abe03a8e6f9a05fe9166c06bab",
    "evidence/g7/admin-amendment-process/run-1/g7-admin-X4un5i/final/accepted.json": "03db193717aabe3f90152c39a0cfdc8f27079c5d10421c34187fcbebdf24fe43",
    "evidence/g7/admin-amendment-process/run-1/g7-admin-X4un5i/final/floor.json": "558c020d86a98fd2a2e77eb314f63434785790383058c214e016f11085af5763",
    "evidence/g7/admin-amendment-process/run-1/g7-admin-X4un5i/final/hashes.json": "3a79a69bf1eef28913fea59c3c5fee3508932ef63f281d721a054598a06122a2",
    "evidence/g7/admin-amendment-process/run-1/g7-admin-X4un5i/final/identity.json": "25c5da54b6e024799ac6338206d6192a93c40436b402d780b7d741d58f78bf53",
    "evidence/g7/admin-amendment-process/run-1/g7-admin-X4un5i/final/supervision/incarnation.json": "543bfba568b001b4fc4abe02a523f5fc6acea5f9cfc3b143bd8532f9dbb4606d",
    "evidence/g7/admin-amendment-process/run-1/g7-admin-X4un5i/stderr.log": "e3b0c44298fc1c149afbf4c8996fb92427ae41e4649b934ca495991b7852b855",
    "evidence/g7/admin-amendment-process/run-1/g7-admin-XGj4Hg/final/accepted.json": "89b7a2d02075683652e8a9d97cff112e3eebbf93cc6a5f15e79f99785eb11291",
    "evidence/g7/admin-amendment-process/run-1/g7-admin-XGj4Hg/final/floor.json": "2e099d390ecdb4aad10879c9ee3cbffe5243afd448fb583b6909272f3379569e",
    "evidence/g7/admin-amendment-process/run-1/g7-admin-XGj4Hg/final/hashes.json": "a9af81f3acb7ecc074a0cde1231e136ee091542557ea3458f7b9823820ddd0fe",
    "evidence/g7/admin-amendment-process/run-1/g7-admin-XGj4Hg/final/identity.json": "455332ddd62acf4df5ad47296088a782ec8cfc66a7b48de3c65f01ce5609b1ec",
    "evidence/g7/admin-amendment-process/run-1/g7-admin-XGj4Hg/final/supervision/incarnation.json": "0fe3bd7088ad6f3dc25d93a0c23e7d2a6ef8382f40e54aa628c841a1fbad1300",
    "evidence/g7/admin-amendment-process/run-1/g7-admin-XGj4Hg/stderr.log": "e3b0c44298fc1c149afbf4c8996fb92427ae41e4649b934ca495991b7852b855",
    "evidence/g7/admin-amendment-process/run-1/g7-admin-aACwbr/final/accepted.json": "5867aa85bfaf517b8383533a2f93bf81e05e25723e1e4534086b70e6be8a395f",
    "evidence/g7/admin-amendment-process/run-1/g7-admin-aACwbr/final/floor.json": "c2e3a5adb7c4df6d7f350c3f192048637c1287ff6c755981e45585d0f33f1df8",
    "evidence/g7/admin-amendment-process/run-1/g7-admin-aACwbr/final/hashes.json": "f74099e4b6d6eb13ca1c80cf11387b0923c7c68d2c770af9296b639f1287d25f",
    "evidence/g7/admin-amendment-process/run-1/g7-admin-aACwbr/final/identity.json": "095821c59c371333fa4ea02bb5a440e9477e974123ac1c0724e6d78055210a14",
    "evidence/g7/admin-amendment-process/run-1/g7-admin-aACwbr/final/supervision/incarnation.json": "133bec2395f5c0b2a5e7d6147882ff7d48fcbdedd096d0aab38aacbfdd41e042",
    "evidence/g7/admin-amendment-process/run-1/g7-admin-aACwbr/original/accepted.json": "5867aa85bfaf517b8383533a2f93bf81e05e25723e1e4534086b70e6be8a395f",
    "evidence/g7/admin-amendment-process/run-1/g7-admin-aACwbr/original/floor.json": "037c6178d9eaa1b38860643339cd7d51cad73124b527e5dd4677dcfefb8b5032",
    "evidence/g7/admin-amendment-process/run-1/g7-admin-aACwbr/original/hashes.json": "141a0fe37b337a798c0beebc9473ed3a02e1b845ff3b09ab55a5bec9b3544b49",
    "evidence/g7/admin-amendment-process/run-1/g7-admin-aACwbr/original/identity.json": "095821c59c371333fa4ea02bb5a440e9477e974123ac1c0724e6d78055210a14",
    "evidence/g7/admin-amendment-process/run-1/g7-admin-aACwbr/original/supervision/incarnation.json": "133bec2395f5c0b2a5e7d6147882ff7d48fcbdedd096d0aab38aacbfdd41e042",
    "evidence/g7/admin-amendment-process/run-1/g7-admin-aACwbr/stderr.log": "e3b0c44298fc1c149afbf4c8996fb92427ae41e4649b934ca495991b7852b855",
    "evidence/g7/admin-amendment-process/run-1/g7-admin-aACwbr/stopped-at-boundary/accepted.json": "5867aa85bfaf517b8383533a2f93bf81e05e25723e1e4534086b70e6be8a395f",
    "evidence/g7/admin-amendment-process/run-1/g7-admin-aACwbr/stopped-at-boundary/floor.json": "c2e3a5adb7c4df6d7f350c3f192048637c1287ff6c755981e45585d0f33f1df8",
    "evidence/g7/admin-amendment-process/run-1/g7-admin-aACwbr/stopped-at-boundary/hashes.json": "f74099e4b6d6eb13ca1c80cf11387b0923c7c68d2c770af9296b639f1287d25f",
    "evidence/g7/admin-amendment-process/run-1/g7-admin-aACwbr/stopped-at-boundary/identity.json": "095821c59c371333fa4ea02bb5a440e9477e974123ac1c0724e6d78055210a14",
    "evidence/g7/admin-amendment-process/run-1/g7-admin-aACwbr/stopped-at-boundary/supervision/incarnation.json": "133bec2395f5c0b2a5e7d6147882ff7d48fcbdedd096d0aab38aacbfdd41e042",
    "evidence/g7/admin-amendment-process/run-1/g7-admin-eXMZ9H/final/accepted.json": "0d0088b8c9fb19a2a19429706715cdaa88e94037f906d96a56e48d0c8615eb79",
    "evidence/g7/admin-amendment-process/run-1/g7-admin-eXMZ9H/final/floor.json": "54f0c6f394c0d59d67a6837fac4a0396d1fdda3aa4623c07dbf9997302f12707",
    "evidence/g7/admin-amendment-process/run-1/g7-admin-eXMZ9H/final/hashes.json": "af1dbbb66352935ae19708e147261244c91bb65a2f554ce2b597413cfb09ad68",
    "evidence/g7/admin-amendment-process/run-1/g7-admin-eXMZ9H/final/identity.json": "d3da2de6d1682f410797ebe1aeed79bc1ef6a3e167e82a8cf8d21eaa16fa78d7",
    "evidence/g7/admin-amendment-process/run-1/g7-admin-eXMZ9H/final/supervision/incarnation.json": "337191fa298a497af0141eb18853843ac77cccbf8b73332b7b362d2fd1889c24",
    "evidence/g7/admin-amendment-process/run-1/g7-admin-eXMZ9H/stderr.log": "e3b0c44298fc1c149afbf4c8996fb92427ae41e4649b934ca495991b7852b855",
    "evidence/g7/admin-amendment-process/run-1/g7-admin-eXMZ9H/stopped-at-boundary/accepted.json": "0d0088b8c9fb19a2a19429706715cdaa88e94037f906d96a56e48d0c8615eb79",
    "evidence/g7/admin-amendment-process/run-1/g7-admin-eXMZ9H/stopped-at-boundary/floor.json": "54f0c6f394c0d59d67a6837fac4a0396d1fdda3aa4623c07dbf9997302f12707",
    "evidence/g7/admin-amendment-process/run-1/g7-admin-eXMZ9H/stopped-at-boundary/hashes.json": "af1dbbb66352935ae19708e147261244c91bb65a2f554ce2b597413cfb09ad68",
    "evidence/g7/admin-amendment-process/run-1/g7-admin-eXMZ9H/stopped-at-boundary/identity.json": "d3da2de6d1682f410797ebe1aeed79bc1ef6a3e167e82a8cf8d21eaa16fa78d7",
    "evidence/g7/admin-amendment-process/run-1/g7-admin-eXMZ9H/stopped-at-boundary/supervision/incarnation.json": "337191fa298a497af0141eb18853843ac77cccbf8b73332b7b362d2fd1889c24",
    "evidence/g7/admin-amendment-process/run-1/g7-admin-gMVJhY/final/accepted.json": "db2fbea521c086cd86f9d59f6be1d838d56cc249cfa15901694f3bb7ec4345cd",
    "evidence/g7/admin-amendment-process/run-1/g7-admin-gMVJhY/final/floor.json": "3f0db3ec4d767dfedd661663c3b2fe4c68c84987fd53ddc39b44319061e4dddd",
    "evidence/g7/admin-amendment-process/run-1/g7-admin-gMVJhY/final/hashes.json": "39b8da78e5d3b62d2a984425d2cd1b2b313c3ed34ea07673bfd5e162c29b839d",
    "evidence/g7/admin-amendment-process/run-1/g7-admin-gMVJhY/final/identity.json": "64a9f5e8f374ec40a94568340087a30f9fb2b591f760083d85b766c117c7d3db",
    "evidence/g7/admin-amendment-process/run-1/g7-admin-gMVJhY/final/supervision/incarnation.json": "10f15d5cf9977bad81d0683c1c60ac46f8a741534bcd04d5655e8c9367ee16cb",
    "evidence/g7/admin-amendment-process/run-1/g7-admin-gMVJhY/original/accepted.json": "db2fbea521c086cd86f9d59f6be1d838d56cc249cfa15901694f3bb7ec4345cd",
    "evidence/g7/admin-amendment-process/run-1/g7-admin-gMVJhY/original/floor.json": "d2c5d3fb16fa7700443dd157cc2dab27a786b6f2f787988bb18d972ad9a0126b",
    "evidence/g7/admin-amendment-process/run-1/g7-admin-gMVJhY/original/hashes.json": "a74d330246ebecd0adf30053168f595946a22b480d38f8fb0a977af85d139322",
    "evidence/g7/admin-amendment-process/run-1/g7-admin-gMVJhY/original/identity.json": "64a9f5e8f374ec40a94568340087a30f9fb2b591f760083d85b766c117c7d3db",
    "evidence/g7/admin-amendment-process/run-1/g7-admin-gMVJhY/original/supervision/incarnation.json": "10f15d5cf9977bad81d0683c1c60ac46f8a741534bcd04d5655e8c9367ee16cb",
    "evidence/g7/admin-amendment-process/run-1/g7-admin-gMVJhY/stderr.log": "e3b0c44298fc1c149afbf4c8996fb92427ae41e4649b934ca495991b7852b855",
    "evidence/g7/admin-amendment-process/run-1/g7-admin-gMVJhY/stopped-at-boundary/accepted.json": "db2fbea521c086cd86f9d59f6be1d838d56cc249cfa15901694f3bb7ec4345cd",
    "evidence/g7/admin-amendment-process/run-1/g7-admin-gMVJhY/stopped-at-boundary/floor.json": "3f0db3ec4d767dfedd661663c3b2fe4c68c84987fd53ddc39b44319061e4dddd",
    "evidence/g7/admin-amendment-process/run-1/g7-admin-gMVJhY/stopped-at-boundary/hashes.json": "39b8da78e5d3b62d2a984425d2cd1b2b313c3ed34ea07673bfd5e162c29b839d",
    "evidence/g7/admin-amendment-process/run-1/g7-admin-gMVJhY/stopped-at-boundary/identity.json": "64a9f5e8f374ec40a94568340087a30f9fb2b591f760083d85b766c117c7d3db",
    "evidence/g7/admin-amendment-process/run-1/g7-admin-gMVJhY/stopped-at-boundary/supervision/incarnation.json": "10f15d5cf9977bad81d0683c1c60ac46f8a741534bcd04d5655e8c9367ee16cb",
    "evidence/g7/admin-amendment-process/run-1/g7-admin-wbvuFB/final/accepted.json": "0dcec8fa1baa894c25cf8a901640b37fe307b3e5b9e04697bd12719d37529a65",
    "evidence/g7/admin-amendment-process/run-1/g7-admin-wbvuFB/final/floor.json": "13b73f15a599cbe06b8129875e81fb5ced925d511d6272a9927708e5b83f1609",
    "evidence/g7/admin-amendment-process/run-1/g7-admin-wbvuFB/final/hashes.json": "4df6d53b702d5e404b80e105e7c60159784323bb9214d6b33d99220fd9f1d6df",
    "evidence/g7/admin-amendment-process/run-1/g7-admin-wbvuFB/final/identity.json": "c13cddbb15ab0855fcffc9674a891b710977f4df04fb9f6df5fb5de4ec7c460e",
    "evidence/g7/admin-amendment-process/run-1/g7-admin-wbvuFB/final/supervision/incarnation.json": "9f11f368bae7e9373b41b9826308de6251d20453764bcf44a9667861315b6f80",
    "evidence/g7/admin-amendment-process/run-1/g7-admin-wbvuFB/original/accepted.json": "0dcec8fa1baa894c25cf8a901640b37fe307b3e5b9e04697bd12719d37529a65",
    "evidence/g7/admin-amendment-process/run-1/g7-admin-wbvuFB/original/floor.json": "13b73f15a599cbe06b8129875e81fb5ced925d511d6272a9927708e5b83f1609",
    "evidence/g7/admin-amendment-process/run-1/g7-admin-wbvuFB/original/hashes.json": "fc98f2fa3fc76b99881da340660742cbd8660a37f8e9928be020ef2c4a71c5cf",
    "evidence/g7/admin-amendment-process/run-1/g7-admin-wbvuFB/original/identity.json": "c13cddbb15ab0855fcffc9674a891b710977f4df04fb9f6df5fb5de4ec7c460e",
    "evidence/g7/admin-amendment-process/run-1/g7-admin-wbvuFB/original/supervision/incarnation.json": "9f11f368bae7e9373b41b9826308de6251d20453764bcf44a9667861315b6f80",
    "evidence/g7/admin-amendment-process/run-1/g7-admin-wbvuFB/stderr.log": "e3b0c44298fc1c149afbf4c8996fb92427ae41e4649b934ca495991b7852b855",
    "evidence/g7/admin-amendment-process/run-2/g7-admin-2OjmED/final/accepted.json": "55423a0b75df0e5f9b9b71bbdd98ec85c38b1471254cd8ec5b3805c139b11fca",
    "evidence/g7/admin-amendment-process/run-2/g7-admin-2OjmED/final/floor.json": "9b41eef22a0a6b32b40d1cdda65b2465af71c45feba6d4d09eeb42b3222cbb6b",
    "evidence/g7/admin-amendment-process/run-2/g7-admin-2OjmED/final/hashes.json": "a5f82cf802878aec73e73841792709cae185ddd6c9feb2b11b94163c00e77631",
    "evidence/g7/admin-amendment-process/run-2/g7-admin-2OjmED/final/identity.json": "09095f5e68c49f70a249134f4bbd76411611d854b96343d1254476271c97ced6",
    "evidence/g7/admin-amendment-process/run-2/g7-admin-2OjmED/final/supervision/incarnation.json": "b220629f3317faf4043d650dcf7eee08ebe34effbbce6731b88f93c60528431a",
    "evidence/g7/admin-amendment-process/run-2/g7-admin-2OjmED/final/transactions/72cc910b-dccb-4c06-8844-ae2f5db6579d/000001.json": "d41f90fc5154dba050c7e459868a98d5fe8e7c6aa1d703a62f0a980342d429a0",
    "evidence/g7/admin-amendment-process/run-2/g7-admin-2OjmED/final/transactions/72cc910b-dccb-4c06-8844-ae2f5db6579d/000002.json": "a33473dce25694dc1f62afd86aae994967b2a3cd8d920c7d8401018a108ee597",
    "evidence/g7/admin-amendment-process/run-2/g7-admin-2OjmED/final/transactions/72cc910b-dccb-4c06-8844-ae2f5db6579d/000003.json": "8846c98112cf6829abaa9bc954590f0654f9e1d3a7e40cc4595258bd0eed64ce",
    "evidence/g7/admin-amendment-process/run-2/g7-admin-2OjmED/final/transactions/72cc910b-dccb-4c06-8844-ae2f5db6579d/000004.json": "5da4983200d58518e7dd4ecab90014fcdd329ba7797b4fa0e092ab270aa69c18",
    "evidence/g7/admin-amendment-process/run-2/g7-admin-2OjmED/original/accepted.json": "55423a0b75df0e5f9b9b71bbdd98ec85c38b1471254cd8ec5b3805c139b11fca",
    "evidence/g7/admin-amendment-process/run-2/g7-admin-2OjmED/original/floor.json": "99e392c6e89d270bd18c1740687ee3dd6a9712b2fac535f5e8d4ef84357ae06d",
    "evidence/g7/admin-amendment-process/run-2/g7-admin-2OjmED/original/hashes.json": "bc5a64e36883268b3cb7c06d6fc4b8752fd2661e034c7ac95cc444126a5d09c7",
    "evidence/g7/admin-amendment-process/run-2/g7-admin-2OjmED/original/identity.json": "09095f5e68c49f70a249134f4bbd76411611d854b96343d1254476271c97ced6",
    "evidence/g7/admin-amendment-process/run-2/g7-admin-2OjmED/original/supervision/incarnation.json": "b220629f3317faf4043d650dcf7eee08ebe34effbbce6731b88f93c60528431a",
    "evidence/g7/admin-amendment-process/run-2/g7-admin-2OjmED/original/transactions/72cc910b-dccb-4c06-8844-ae2f5db6579d/000001.json": "d41f90fc5154dba050c7e459868a98d5fe8e7c6aa1d703a62f0a980342d429a0",
    "evidence/g7/admin-amendment-process/run-2/g7-admin-2OjmED/original/transactions/72cc910b-dccb-4c06-8844-ae2f5db6579d/000002.json": "a33473dce25694dc1f62afd86aae994967b2a3cd8d920c7d8401018a108ee597",
    "evidence/g7/admin-amendment-process/run-2/g7-admin-2OjmED/original/transactions/72cc910b-dccb-4c06-8844-ae2f5db6579d/000003.json": "8846c98112cf6829abaa9bc954590f0654f9e1d3a7e40cc4595258bd0eed64ce",
    "evidence/g7/admin-amendment-process/run-2/g7-admin-2OjmED/original/transactions/72cc910b-dccb-4c06-8844-ae2f5db6579d/000004.json": "5da4983200d58518e7dd4ecab90014fcdd329ba7797b4fa0e092ab270aa69c18",
    "evidence/g7/admin-amendment-process/run-2/g7-admin-2OjmED/stderr.log": "e3b0c44298fc1c149afbf4c8996fb92427ae41e4649b934ca495991b7852b855",
    "evidence/g7/admin-amendment-process/run-2/g7-admin-2OjmED/stopped-at-boundary/accepted.json": "55423a0b75df0e5f9b9b71bbdd98ec85c38b1471254cd8ec5b3805c139b11fca",
    "evidence/g7/admin-amendment-process/run-2/g7-admin-2OjmED/stopped-at-boundary/floor.json": "9b41eef22a0a6b32b40d1cdda65b2465af71c45feba6d4d09eeb42b3222cbb6b",
    "evidence/g7/admin-amendment-process/run-2/g7-admin-2OjmED/stopped-at-boundary/hashes.json": "a5f82cf802878aec73e73841792709cae185ddd6c9feb2b11b94163c00e77631",
    "evidence/g7/admin-amendment-process/run-2/g7-admin-2OjmED/stopped-at-boundary/identity.json": "09095f5e68c49f70a249134f4bbd76411611d854b96343d1254476271c97ced6",
    "evidence/g7/admin-amendment-process/run-2/g7-admin-2OjmED/stopped-at-boundary/supervision/incarnation.json": "b220629f3317faf4043d650dcf7eee08ebe34effbbce6731b88f93c60528431a",
    "evidence/g7/admin-amendment-process/run-2/g7-admin-2OjmED/stopped-at-boundary/transactions/72cc910b-dccb-4c06-8844-ae2f5db6579d/000001.json": "d41f90fc5154dba050c7e459868a98d5fe8e7c6aa1d703a62f0a980342d429a0",
    "evidence/g7/admin-amendment-process/run-2/g7-admin-2OjmED/stopped-at-boundary/transactions/72cc910b-dccb-4c06-8844-ae2f5db6579d/000002.json": "a33473dce25694dc1f62afd86aae994967b2a3cd8d920c7d8401018a108ee597",
    "evidence/g7/admin-amendment-process/run-2/g7-admin-2OjmED/stopped-at-boundary/transactions/72cc910b-dccb-4c06-8844-ae2f5db6579d/000003.json": "8846c98112cf6829abaa9bc954590f0654f9e1d3a7e40cc4595258bd0eed64ce",
    "evidence/g7/admin-amendment-process/run-2/g7-admin-2OjmED/stopped-at-boundary/transactions/72cc910b-dccb-4c06-8844-ae2f5db6579d/000004.json": "5da4983200d58518e7dd4ecab90014fcdd329ba7797b4fa0e092ab270aa69c18",
    "evidence/g7/admin-amendment-process/run-2/g7-admin-4q3iMN/final/accepted.json": "50373d2b5284d4358df8748f975e77bb1415b238501ea2f72f1a974591c05856",
    "evidence/g7/admin-amendment-process/run-2/g7-admin-4q3iMN/final/floor.json": "9bbb8b847843b1c81041542dfe1e7329c29c8e3ee0d03d2b1a2b42e7152463a3",
    "evidence/g7/admin-amendment-process/run-2/g7-admin-4q3iMN/final/hashes.json": "c7bb3157a7c91f3ec44602d42e07d3dd405c23a81a49c064cdfe2a2bfc362e9f",
    "evidence/g7/admin-amendment-process/run-2/g7-admin-4q3iMN/final/identity.json": "529168724460dfacda9d061b91dcbba5a63fead794e362ed318942437ef43dc3",
    "evidence/g7/admin-amendment-process/run-2/g7-admin-4q3iMN/final/supervision/incarnation.json": "3f66727576e2beeec03651c9f906ab7e78edceba340d36205562708c333389a0",
    "evidence/g7/admin-amendment-process/run-2/g7-admin-4q3iMN/final/transactions/d831f4f8-c620-42ec-9a83-7ee6ac9ae9d2/000001.json": "9cd7adc04c63a00f837c4968b6d00caed7b90628e6bd78c01a6f8be662de1e9f",
    "evidence/g7/admin-amendment-process/run-2/g7-admin-4q3iMN/final/transactions/d831f4f8-c620-42ec-9a83-7ee6ac9ae9d2/000002.json": "0b7f0338ff292908474b2dc4a728367230d60d3164eeb05ee421eead35b95925",
    "evidence/g7/admin-amendment-process/run-2/g7-admin-4q3iMN/final/transactions/d831f4f8-c620-42ec-9a83-7ee6ac9ae9d2/000003.json": "2fe4136c8642082b6afe4d001092c56a288bbd5f7e0a541882c74aa09cc89fff",
    "evidence/g7/admin-amendment-process/run-2/g7-admin-4q3iMN/final/transactions/d831f4f8-c620-42ec-9a83-7ee6ac9ae9d2/000004.json": "62a46fc75df3a260e09fc2fd3de6f93cba83b7b0beeb32edeaad7e338f35efba",
    "evidence/g7/admin-amendment-process/run-2/g7-admin-4q3iMN/stderr.log": "e3b0c44298fc1c149afbf4c8996fb92427ae41e4649b934ca495991b7852b855",
    "evidence/g7/admin-amendment-process/run-2/g7-admin-8MfDgQ/final/accepted.json": "db211a3d03d048e00ea6373aa43a378820f5269aacc10c75c940c9801b441c21",
    "evidence/g7/admin-amendment-process/run-2/g7-admin-8MfDgQ/final/floor.json": "37df577491f99526acc90cecd42059bdfce4cd882d0e37688e9ed83667a7eeb1",
    "evidence/g7/admin-amendment-process/run-2/g7-admin-8MfDgQ/final/hashes.json": "92cf7b02e74eae8b6de857878bb09e5c95dd71d5a3aad284d2f7431230ac278f",
    "evidence/g7/admin-amendment-process/run-2/g7-admin-8MfDgQ/final/identity.json": "ccf8a3b7121657442225cfe8b8308e2d91763aec5bfb016eef62cf2dc9f79f64",
    "evidence/g7/admin-amendment-process/run-2/g7-admin-8MfDgQ/final/supervision/incarnation.json": "1057e1a4cd23506d2b381a08d3b65ae70050ca435190f3c622daa76d94bd0dc0",
    "evidence/g7/admin-amendment-process/run-2/g7-admin-8MfDgQ/final/transactions/03478446-fcd0-4cb2-8e08-a41d6eb5d864/000001.json": "a76f61305b836dfd49c9aede9b8f94daca22a4c552933f26140c03952dca2b5f",
    "evidence/g7/admin-amendment-process/run-2/g7-admin-8MfDgQ/final/transactions/03478446-fcd0-4cb2-8e08-a41d6eb5d864/000002.json": "61302d5ef14673eac2de3f55f7c8eeac7a0a60b1e9b2c79d87ea624623c18884",
    "evidence/g7/admin-amendment-process/run-2/g7-admin-8MfDgQ/final/transactions/03478446-fcd0-4cb2-8e08-a41d6eb5d864/000003.json": "0e4a2388e00155096ac0c4478382fc81f4f4124f652b0922d4b2aeaa7aaee6bc",
    "evidence/g7/admin-amendment-process/run-2/g7-admin-8MfDgQ/final/transactions/03478446-fcd0-4cb2-8e08-a41d6eb5d864/000004.json": "07f623a2c273883059c20d8c3bf2484472df36f6c7282aa1dcdf185b69c94765",
    "evidence/g7/admin-amendment-process/run-2/g7-admin-8MfDgQ/original/accepted.json": "db211a3d03d048e00ea6373aa43a378820f5269aacc10c75c940c9801b441c21",
    "evidence/g7/admin-amendment-process/run-2/g7-admin-8MfDgQ/original/floor.json": "37df577491f99526acc90cecd42059bdfce4cd882d0e37688e9ed83667a7eeb1",
    "evidence/g7/admin-amendment-process/run-2/g7-admin-8MfDgQ/original/hashes.json": "306b498f335c1053069b50eee8b52ae0b049aef807cc616343b4a1281cea6fee",
    "evidence/g7/admin-amendment-process/run-2/g7-admin-8MfDgQ/original/identity.json": "ccf8a3b7121657442225cfe8b8308e2d91763aec5bfb016eef62cf2dc9f79f64",
    "evidence/g7/admin-amendment-process/run-2/g7-admin-8MfDgQ/original/supervision/incarnation.json": "1057e1a4cd23506d2b381a08d3b65ae70050ca435190f3c622daa76d94bd0dc0",
    "evidence/g7/admin-amendment-process/run-2/g7-admin-8MfDgQ/original/transactions/03478446-fcd0-4cb2-8e08-a41d6eb5d864/000001.json": "a76f61305b836dfd49c9aede9b8f94daca22a4c552933f26140c03952dca2b5f",
    "evidence/g7/admin-amendment-process/run-2/g7-admin-8MfDgQ/original/transactions/03478446-fcd0-4cb2-8e08-a41d6eb5d864/000002.json": "61302d5ef14673eac2de3f55f7c8eeac7a0a60b1e9b2c79d87ea624623c18884",
    "evidence/g7/admin-amendment-process/run-2/g7-admin-8MfDgQ/original/transactions/03478446-fcd0-4cb2-8e08-a41d6eb5d864/000003.json": "0e4a2388e00155096ac0c4478382fc81f4f4124f652b0922d4b2aeaa7aaee6bc",
    "evidence/g7/admin-amendment-process/run-2/g7-admin-8MfDgQ/original/transactions/03478446-fcd0-4cb2-8e08-a41d6eb5d864/000004.json": "07f623a2c273883059c20d8c3bf2484472df36f6c7282aa1dcdf185b69c94765",
    "evidence/g7/admin-amendment-process/run-2/g7-admin-8MfDgQ/stderr.log": "e3b0c44298fc1c149afbf4c8996fb92427ae41e4649b934ca495991b7852b855",
    "evidence/g7/admin-amendment-process/run-2/g7-admin-EBIPFl/final/floor.json": "f7b9e50ebe2b051c02a33030c44b885e660547db85f6ba69523810209e21c47e",
    "evidence/g7/admin-amendment-process/run-2/g7-admin-EBIPFl/final/hashes.json": "0415ba04c41828cd105b85da2d4db9ceb00f6fb100d8780e6d2aabf6986c75a0",
    "evidence/g7/admin-amendment-process/run-2/g7-admin-EBIPFl/final/identity.json": "361f6db2598fa660ae4603552cbfe1f95ccbde7f86d9da691450fe018cf5356c",
    "evidence/g7/admin-amendment-process/run-2/g7-admin-EBIPFl/final/next-92610b2a-51b9-4047-9b74-cedeb0999d3e": "5fde3ca171b4398b3abf9671a5f658580222e78f6aa3846704bc8af10180d775",
    "evidence/g7/admin-amendment-process/run-2/g7-admin-EBIPFl/final/supervision/incarnation.json": "84552b80aae1af9c29439cb07f80da109faf03aac45669f302657900726a4d64",
    "evidence/g7/admin-amendment-process/run-2/g7-admin-EBIPFl/final/transactions/b40774c1-ef12-4100-9cdc-769c4463100c/000001.json": "54be89cb1824cb034780c6e869bd2304ad2a9f79759ca58b202dbaef0f6876d2",
    "evidence/g7/admin-amendment-process/run-2/g7-admin-EBIPFl/final/transactions/b40774c1-ef12-4100-9cdc-769c4463100c/000002.json": "44a0ab679b8faecba17aef65d35383e10abfc300e560ddf024d503813f45b07c",
    "evidence/g7/admin-amendment-process/run-2/g7-admin-EBIPFl/final/transactions/b40774c1-ef12-4100-9cdc-769c4463100c/000003.json": "2705cbf149b1423319c0252720030d3cb2fea534b43a606c83175363034c76aa",
    "evidence/g7/admin-amendment-process/run-2/g7-admin-EBIPFl/stderr.log": "e3b0c44298fc1c149afbf4c8996fb92427ae41e4649b934ca495991b7852b855",
    "evidence/g7/admin-amendment-process/run-2/g7-admin-EBIPFl/stopped-at-boundary/floor.json": "f7b9e50ebe2b051c02a33030c44b885e660547db85f6ba69523810209e21c47e",
    "evidence/g7/admin-amendment-process/run-2/g7-admin-EBIPFl/stopped-at-boundary/hashes.json": "0415ba04c41828cd105b85da2d4db9ceb00f6fb100d8780e6d2aabf6986c75a0",
    "evidence/g7/admin-amendment-process/run-2/g7-admin-EBIPFl/stopped-at-boundary/identity.json": "361f6db2598fa660ae4603552cbfe1f95ccbde7f86d9da691450fe018cf5356c",
    "evidence/g7/admin-amendment-process/run-2/g7-admin-EBIPFl/stopped-at-boundary/next-92610b2a-51b9-4047-9b74-cedeb0999d3e": "5fde3ca171b4398b3abf9671a5f658580222e78f6aa3846704bc8af10180d775",
    "evidence/g7/admin-amendment-process/run-2/g7-admin-EBIPFl/stopped-at-boundary/supervision/incarnation.json": "84552b80aae1af9c29439cb07f80da109faf03aac45669f302657900726a4d64",
    "evidence/g7/admin-amendment-process/run-2/g7-admin-EBIPFl/stopped-at-boundary/transactions/b40774c1-ef12-4100-9cdc-769c4463100c/000001.json": "54be89cb1824cb034780c6e869bd2304ad2a9f79759ca58b202dbaef0f6876d2",
    "evidence/g7/admin-amendment-process/run-2/g7-admin-EBIPFl/stopped-at-boundary/transactions/b40774c1-ef12-4100-9cdc-769c4463100c/000002.json": "44a0ab679b8faecba17aef65d35383e10abfc300e560ddf024d503813f45b07c",
    "evidence/g7/admin-amendment-process/run-2/g7-admin-EBIPFl/stopped-at-boundary/transactions/b40774c1-ef12-4100-9cdc-769c4463100c/000003.json": "2705cbf149b1423319c0252720030d3cb2fea534b43a606c83175363034c76aa",
    "evidence/g7/admin-amendment-process/run-2/g7-admin-HK7eeO/final/accepted.json": "f6815781f58848fcce677bf3d04c38b33dd36447dc3dee4912db998e0a2d4dc5",
    "evidence/g7/admin-amendment-process/run-2/g7-admin-HK7eeO/final/floor.json": "e8411f55d63bbee5522a6fca4ebd4d754aac18ecba72dc198f92c54f85624ca4",
    "evidence/g7/admin-amendment-process/run-2/g7-admin-HK7eeO/final/hashes.json": "e41f1684ec126f7070183263fbac23a675f60495066cd09d8082404136b78bda",
    "evidence/g7/admin-amendment-process/run-2/g7-admin-HK7eeO/final/identity.json": "95181d87c2a9be972114d298669a8fb7df29e2616cfa2b4abba63dd25ab0eefc",
    "evidence/g7/admin-amendment-process/run-2/g7-admin-HK7eeO/final/supervision/incarnation.json": "bc86ad0e62fd3ca29d6524105047e2ec892ed3019dc6d97fdd6c04dbc8709acb",
    "evidence/g7/admin-amendment-process/run-2/g7-admin-HK7eeO/final/transactions/5161f00b-82ce-4be9-9389-e3078ea40396/000001.json": "9c81951cc01c3cb6a972549b013cc797343610676e2bbaca67fba166c9a6369e",
    "evidence/g7/admin-amendment-process/run-2/g7-admin-HK7eeO/final/transactions/5161f00b-82ce-4be9-9389-e3078ea40396/000002.json": "ec8f9a7d5fe53b6a53e123461d420cc32691bf74092c87d429624fc4bd003fa9",
    "evidence/g7/admin-amendment-process/run-2/g7-admin-HK7eeO/final/transactions/5161f00b-82ce-4be9-9389-e3078ea40396/000003.json": "535f2cf6c3402597174c14210aa59945c98b404f9d320557a1182c1b557e82df",
    "evidence/g7/admin-amendment-process/run-2/g7-admin-HK7eeO/stderr.log": "e3b0c44298fc1c149afbf4c8996fb92427ae41e4649b934ca495991b7852b855",
    "evidence/g7/admin-amendment-process/run-2/g7-admin-HK7eeO/stopped-at-boundary/accepted.json": "f6815781f58848fcce677bf3d04c38b33dd36447dc3dee4912db998e0a2d4dc5",
    "evidence/g7/admin-amendment-process/run-2/g7-admin-HK7eeO/stopped-at-boundary/floor.json": "e8411f55d63bbee5522a6fca4ebd4d754aac18ecba72dc198f92c54f85624ca4",
    "evidence/g7/admin-amendment-process/run-2/g7-admin-HK7eeO/stopped-at-boundary/hashes.json": "e41f1684ec126f7070183263fbac23a675f60495066cd09d8082404136b78bda",
    "evidence/g7/admin-amendment-process/run-2/g7-admin-HK7eeO/stopped-at-boundary/identity.json": "95181d87c2a9be972114d298669a8fb7df29e2616cfa2b4abba63dd25ab0eefc",
    "evidence/g7/admin-amendment-process/run-2/g7-admin-HK7eeO/stopped-at-boundary/supervision/incarnation.json": "bc86ad0e62fd3ca29d6524105047e2ec892ed3019dc6d97fdd6c04dbc8709acb",
    "evidence/g7/admin-amendment-process/run-2/g7-admin-HK7eeO/stopped-at-boundary/transactions/5161f00b-82ce-4be9-9389-e3078ea40396/000001.json": "9c81951cc01c3cb6a972549b013cc797343610676e2bbaca67fba166c9a6369e",
    "evidence/g7/admin-amendment-process/run-2/g7-admin-HK7eeO/stopped-at-boundary/transactions/5161f00b-82ce-4be9-9389-e3078ea40396/000002.json": "ec8f9a7d5fe53b6a53e123461d420cc32691bf74092c87d429624fc4bd003fa9",
    "evidence/g7/admin-amendment-process/run-2/g7-admin-HK7eeO/stopped-at-boundary/transactions/5161f00b-82ce-4be9-9389-e3078ea40396/000003.json": "535f2cf6c3402597174c14210aa59945c98b404f9d320557a1182c1b557e82df",
    "evidence/g7/admin-amendment-process/run-2/g7-admin-KJdA3B/final/accepted.json": "383f4c72e82dbda7fac6a2aadf278260a089dec8b8e0e85f4baf90ea85ae28ca",
    "evidence/g7/admin-amendment-process/run-2/g7-admin-KJdA3B/final/floor.json": "a5ad721a85fd4b091e9492aad72f598465e39a7364a85630fae002058f07cde5",
    "evidence/g7/admin-amendment-process/run-2/g7-admin-KJdA3B/final/hashes.json": "aaf36731b556fe63351ab0e61bcadc8355bfc5b0edaf90582aa399ac61b3b97d",
    "evidence/g7/admin-amendment-process/run-2/g7-admin-KJdA3B/final/identity.json": "485d7f6a673303e0d66c7448a91755e409e482aab9223e50acff787b472e8042",
    "evidence/g7/admin-amendment-process/run-2/g7-admin-KJdA3B/final/supervision/incarnation.json": "30609886b72e6b4a4762a62c4f8665cca85e4b9600af75fe66690761370f28f0",
    "evidence/g7/admin-amendment-process/run-2/g7-admin-KJdA3B/final/transactions/7610fc94-4131-48d7-9b86-8df417817129/000001.json": "c42a1dc69a34fc8205e565b06d5fe4d326c71f951f6cf8c3607cdb82bbba18f0",
    "evidence/g7/admin-amendment-process/run-2/g7-admin-KJdA3B/final/transactions/7610fc94-4131-48d7-9b86-8df417817129/000002.json": "981eec9e289aff886fe0b3ab15d5e76378801046d12c5243c2d5f2dc20de6326",
    "evidence/g7/admin-amendment-process/run-2/g7-admin-KJdA3B/final/transactions/7610fc94-4131-48d7-9b86-8df417817129/000003.json": "0134f78b6f06425e65e96a5db5387624d135119fd7d120772d888deed6dee4b1",
    "evidence/g7/admin-amendment-process/run-2/g7-admin-KJdA3B/final/transactions/7610fc94-4131-48d7-9b86-8df417817129/000004.json": "f22d9b02d9d84118f3d9690048f2299e149a6b6b84d9a6f69c344d13ba3505c6",
    "evidence/g7/admin-amendment-process/run-2/g7-admin-KJdA3B/original/accepted.json": "383f4c72e82dbda7fac6a2aadf278260a089dec8b8e0e85f4baf90ea85ae28ca",
    "evidence/g7/admin-amendment-process/run-2/g7-admin-KJdA3B/original/floor.json": "042b5a9617b05a77d6ef54dcb6b3462b6e27a9d768ec179540aefb9ef5133a8f",
    "evidence/g7/admin-amendment-process/run-2/g7-admin-KJdA3B/original/hashes.json": "96ce85a346924e36ec2ac5c38f184f9d5714595db1b772a26aff69181103bc69",
    "evidence/g7/admin-amendment-process/run-2/g7-admin-KJdA3B/original/identity.json": "485d7f6a673303e0d66c7448a91755e409e482aab9223e50acff787b472e8042",
    "evidence/g7/admin-amendment-process/run-2/g7-admin-KJdA3B/original/supervision/incarnation.json": "30609886b72e6b4a4762a62c4f8665cca85e4b9600af75fe66690761370f28f0",
    "evidence/g7/admin-amendment-process/run-2/g7-admin-KJdA3B/original/transactions/7610fc94-4131-48d7-9b86-8df417817129/000001.json": "c42a1dc69a34fc8205e565b06d5fe4d326c71f951f6cf8c3607cdb82bbba18f0",
    "evidence/g7/admin-amendment-process/run-2/g7-admin-KJdA3B/original/transactions/7610fc94-4131-48d7-9b86-8df417817129/000002.json": "981eec9e289aff886fe0b3ab15d5e76378801046d12c5243c2d5f2dc20de6326",
    "evidence/g7/admin-amendment-process/run-2/g7-admin-KJdA3B/original/transactions/7610fc94-4131-48d7-9b86-8df417817129/000003.json": "0134f78b6f06425e65e96a5db5387624d135119fd7d120772d888deed6dee4b1",
    "evidence/g7/admin-amendment-process/run-2/g7-admin-KJdA3B/original/transactions/7610fc94-4131-48d7-9b86-8df417817129/000004.json": "f22d9b02d9d84118f3d9690048f2299e149a6b6b84d9a6f69c344d13ba3505c6",
    "evidence/g7/admin-amendment-process/run-2/g7-admin-KJdA3B/stderr.log": "e3b0c44298fc1c149afbf4c8996fb92427ae41e4649b934ca495991b7852b855",
    "evidence/g7/admin-amendment-process/run-2/g7-admin-KJdA3B/stopped-at-boundary/accepted.json": "383f4c72e82dbda7fac6a2aadf278260a089dec8b8e0e85f4baf90ea85ae28ca",
    "evidence/g7/admin-amendment-process/run-2/g7-admin-KJdA3B/stopped-at-boundary/floor.json": "a5ad721a85fd4b091e9492aad72f598465e39a7364a85630fae002058f07cde5",
    "evidence/g7/admin-amendment-process/run-2/g7-admin-KJdA3B/stopped-at-boundary/hashes.json": "aaf36731b556fe63351ab0e61bcadc8355bfc5b0edaf90582aa399ac61b3b97d",
    "evidence/g7/admin-amendment-process/run-2/g7-admin-KJdA3B/stopped-at-boundary/identity.json": "485d7f6a673303e0d66c7448a91755e409e482aab9223e50acff787b472e8042",
    "evidence/g7/admin-amendment-process/run-2/g7-admin-KJdA3B/stopped-at-boundary/supervision/incarnation.json": "30609886b72e6b4a4762a62c4f8665cca85e4b9600af75fe66690761370f28f0",
    "evidence/g7/admin-amendment-process/run-2/g7-admin-KJdA3B/stopped-at-boundary/transactions/7610fc94-4131-48d7-9b86-8df417817129/000001.json": "c42a1dc69a34fc8205e565b06d5fe4d326c71f951f6cf8c3607cdb82bbba18f0",
    "evidence/g7/admin-amendment-process/run-2/g7-admin-KJdA3B/stopped-at-boundary/transactions/7610fc94-4131-48d7-9b86-8df417817129/000002.json": "981eec9e289aff886fe0b3ab15d5e76378801046d12c5243c2d5f2dc20de6326",
    "evidence/g7/admin-amendment-process/run-2/g7-admin-KJdA3B/stopped-at-boundary/transactions/7610fc94-4131-48d7-9b86-8df417817129/000003.json": "0134f78b6f06425e65e96a5db5387624d135119fd7d120772d888deed6dee4b1",
    "evidence/g7/admin-amendment-process/run-2/g7-admin-KJdA3B/stopped-at-boundary/transactions/7610fc94-4131-48d7-9b86-8df417817129/000004.json": "f22d9b02d9d84118f3d9690048f2299e149a6b6b84d9a6f69c344d13ba3505c6",
    "evidence/g7/admin-amendment-process/run-2/g7-admin-Kbk2i5/final/accepted.json": "f8716df5edc2b501253114df1e754aa8a951b0f873af1f2574cc72120e98a661",
    "evidence/g7/admin-amendment-process/run-2/g7-admin-Kbk2i5/final/floor.json": "7c948e4b3df67349ab06edec549f98d2df8a2a42a584a9372e65e94d41571055",
    "evidence/g7/admin-amendment-process/run-2/g7-admin-Kbk2i5/final/hashes.json": "af88d86eb12ca6f32a9b69c55604b59f4c7f43c46e3ca43d05985d4c26e5f7bd",
    "evidence/g7/admin-amendment-process/run-2/g7-admin-Kbk2i5/final/identity.json": "c812cda82a24cba2902d001ea01116328f3ac7890e57197301cebff0a4447416",
    "evidence/g7/admin-amendment-process/run-2/g7-admin-Kbk2i5/final/supervision/incarnation.json": "56e3083855529006f31929edfc1d68a030fb742c065d55ad482d4bae4c00636a",
    "evidence/g7/admin-amendment-process/run-2/g7-admin-Kbk2i5/final/transactions/13824a9b-427d-468a-8cb1-b95cb5c438d7/000001.json": "cb3d9ffaacebfdcfb41930d430afec286630d9937dfd33008059923af59722c8",
    "evidence/g7/admin-amendment-process/run-2/g7-admin-Kbk2i5/final/transactions/13824a9b-427d-468a-8cb1-b95cb5c438d7/000002.json": "2628dff6471b2ac0a32f6b194f00206ee3799512363f82aa940029ff8fd11a6c",
    "evidence/g7/admin-amendment-process/run-2/g7-admin-Kbk2i5/final/transactions/13824a9b-427d-468a-8cb1-b95cb5c438d7/000003.json": "dee995ff5e99b2d3b7a44ca0c6ebdc929ef03f4cc52ff8eb3b4d4c03c5f0b593",
    "evidence/g7/admin-amendment-process/run-2/g7-admin-Kbk2i5/final/transactions/13824a9b-427d-468a-8cb1-b95cb5c438d7/000004.json": "46aecf4f32c7b6eb2a76780e3ebbfccb3f76fef7c807364c3354df5869d51476",
    "evidence/g7/admin-amendment-process/run-2/g7-admin-Kbk2i5/original/accepted.json": "f8716df5edc2b501253114df1e754aa8a951b0f873af1f2574cc72120e98a661",
    "evidence/g7/admin-amendment-process/run-2/g7-admin-Kbk2i5/original/floor.json": "7c948e4b3df67349ab06edec549f98d2df8a2a42a584a9372e65e94d41571055",
    "evidence/g7/admin-amendment-process/run-2/g7-admin-Kbk2i5/original/hashes.json": "af88d86eb12ca6f32a9b69c55604b59f4c7f43c46e3ca43d05985d4c26e5f7bd",
    "evidence/g7/admin-amendment-process/run-2/g7-admin-Kbk2i5/original/identity.json": "c812cda82a24cba2902d001ea01116328f3ac7890e57197301cebff0a4447416",
    "evidence/g7/admin-amendment-process/run-2/g7-admin-Kbk2i5/original/supervision/incarnation.json": "56e3083855529006f31929edfc1d68a030fb742c065d55ad482d4bae4c00636a",
    "evidence/g7/admin-amendment-process/run-2/g7-admin-Kbk2i5/original/transactions/13824a9b-427d-468a-8cb1-b95cb5c438d7/000001.json": "cb3d9ffaacebfdcfb41930d430afec286630d9937dfd33008059923af59722c8",
    "evidence/g7/admin-amendment-process/run-2/g7-admin-Kbk2i5/original/transactions/13824a9b-427d-468a-8cb1-b95cb5c438d7/000002.json": "2628dff6471b2ac0a32f6b194f00206ee3799512363f82aa940029ff8fd11a6c",
    "evidence/g7/admin-amendment-process/run-2/g7-admin-Kbk2i5/original/transactions/13824a9b-427d-468a-8cb1-b95cb5c438d7/000003.json": "dee995ff5e99b2d3b7a44ca0c6ebdc929ef03f4cc52ff8eb3b4d4c03c5f0b593",
    "evidence/g7/admin-amendment-process/run-2/g7-admin-Kbk2i5/original/transactions/13824a9b-427d-468a-8cb1-b95cb5c438d7/000004.json": "46aecf4f32c7b6eb2a76780e3ebbfccb3f76fef7c807364c3354df5869d51476",
    "evidence/g7/admin-amendment-process/run-2/g7-admin-Kbk2i5/stderr.log": "e3b0c44298fc1c149afbf4c8996fb92427ae41e4649b934ca495991b7852b855",
    "evidence/g7/admin-amendment-process/run-2/g7-admin-OAhQ4s/final/accepted.json": "b2eb8282c3f365adb8b5ca7077d2925402684dd4771eb09b2a841b2923402c01",
    "evidence/g7/admin-amendment-process/run-2/g7-admin-OAhQ4s/final/floor.json": "58b56f4d76f0e392e275efce7872334e0b26857743e614129df681204cb9c5ec",
    "evidence/g7/admin-amendment-process/run-2/g7-admin-OAhQ4s/final/hashes.json": "96e76e04eaa4c8a1f65195b0e27456d38b7b1f14b330afd919caf66deffb0e09",
    "evidence/g7/admin-amendment-process/run-2/g7-admin-OAhQ4s/final/identity.json": "a4fe6b9e3292bc0030e4019de3091c188cf6a5be519fe8a8fe5617b4f93bbb39",
    "evidence/g7/admin-amendment-process/run-2/g7-admin-OAhQ4s/final/next-d7308521-2b0f-42a0-829d-a40e6c87b2a7": "b2eb8282c3f365adb8b5ca7077d2925402684dd4771eb09b2a841b2923402c01",
    "evidence/g7/admin-amendment-process/run-2/g7-admin-OAhQ4s/final/supervision/incarnation.json": "2a8972fc0d9561b837029abf65c8557cbc44ff92f0c2825f4f0aa06ddc277e81",
    "evidence/g7/admin-amendment-process/run-2/g7-admin-OAhQ4s/final/transactions/60d8a1fa-4bcf-4df6-9ded-e1a083d2dd0b/000001.json": "bbd687fc3d281ede338293088f557b707eeb95335985b372ca9b76ac6c0c42f4",
    "evidence/g7/admin-amendment-process/run-2/g7-admin-OAhQ4s/final/transactions/60d8a1fa-4bcf-4df6-9ded-e1a083d2dd0b/000002.json": "289aa782cf9d036c5d74fe3585073927beca0da72c240e6ee0e7df2a815ab140",
    "evidence/g7/admin-amendment-process/run-2/g7-admin-OAhQ4s/final/transactions/60d8a1fa-4bcf-4df6-9ded-e1a083d2dd0b/000003.json": "650e2063142b5f09050893f0a0e0a15e615f9c8c30b1bacc634ce7047352b6b5",
    "evidence/g7/admin-amendment-process/run-2/g7-admin-OAhQ4s/final/transactions/60d8a1fa-4bcf-4df6-9ded-e1a083d2dd0b/000004.json": "d180387deb0e6efd89139aef370c781e38ec697fc16467428404e4fa49afe90c",
    "evidence/g7/admin-amendment-process/run-2/g7-admin-OAhQ4s/original/accepted.json": "b2eb8282c3f365adb8b5ca7077d2925402684dd4771eb09b2a841b2923402c01",
    "evidence/g7/admin-amendment-process/run-2/g7-admin-OAhQ4s/original/floor.json": "6bb4bfa687f51410e8fac8749db862ac816e0c154acafd045986eb8aecc607cc",
    "evidence/g7/admin-amendment-process/run-2/g7-admin-OAhQ4s/original/hashes.json": "a3789b26eef5ea8643252837eb42deda75f6d7ba6071236cba96495a7f862f9e",
    "evidence/g7/admin-amendment-process/run-2/g7-admin-OAhQ4s/original/identity.json": "a4fe6b9e3292bc0030e4019de3091c188cf6a5be519fe8a8fe5617b4f93bbb39",
    "evidence/g7/admin-amendment-process/run-2/g7-admin-OAhQ4s/original/supervision/incarnation.json": "2a8972fc0d9561b837029abf65c8557cbc44ff92f0c2825f4f0aa06ddc277e81",
    "evidence/g7/admin-amendment-process/run-2/g7-admin-OAhQ4s/original/transactions/60d8a1fa-4bcf-4df6-9ded-e1a083d2dd0b/000001.json": "bbd687fc3d281ede338293088f557b707eeb95335985b372ca9b76ac6c0c42f4",
    "evidence/g7/admin-amendment-process/run-2/g7-admin-OAhQ4s/original/transactions/60d8a1fa-4bcf-4df6-9ded-e1a083d2dd0b/000002.json": "289aa782cf9d036c5d74fe3585073927beca0da72c240e6ee0e7df2a815ab140",
    "evidence/g7/admin-amendment-process/run-2/g7-admin-OAhQ4s/original/transactions/60d8a1fa-4bcf-4df6-9ded-e1a083d2dd0b/000003.json": "650e2063142b5f09050893f0a0e0a15e615f9c8c30b1bacc634ce7047352b6b5",
    "evidence/g7/admin-amendment-process/run-2/g7-admin-OAhQ4s/original/transactions/60d8a1fa-4bcf-4df6-9ded-e1a083d2dd0b/000004.json": "d180387deb0e6efd89139aef370c781e38ec697fc16467428404e4fa49afe90c",
    "evidence/g7/admin-amendment-process/run-2/g7-admin-OAhQ4s/stderr.log": "e3b0c44298fc1c149afbf4c8996fb92427ae41e4649b934ca495991b7852b855",
    "evidence/g7/admin-amendment-process/run-2/g7-admin-OAhQ4s/stopped-at-boundary/accepted.json": "b2eb8282c3f365adb8b5ca7077d2925402684dd4771eb09b2a841b2923402c01",
    "evidence/g7/admin-amendment-process/run-2/g7-admin-OAhQ4s/stopped-at-boundary/floor.json": "58b56f4d76f0e392e275efce7872334e0b26857743e614129df681204cb9c5ec",
    "evidence/g7/admin-amendment-process/run-2/g7-admin-OAhQ4s/stopped-at-boundary/hashes.json": "96e76e04eaa4c8a1f65195b0e27456d38b7b1f14b330afd919caf66deffb0e09",
    "evidence/g7/admin-amendment-process/run-2/g7-admin-OAhQ4s/stopped-at-boundary/identity.json": "a4fe6b9e3292bc0030e4019de3091c188cf6a5be519fe8a8fe5617b4f93bbb39",
    "evidence/g7/admin-amendment-process/run-2/g7-admin-OAhQ4s/stopped-at-boundary/next-d7308521-2b0f-42a0-829d-a40e6c87b2a7": "b2eb8282c3f365adb8b5ca7077d2925402684dd4771eb09b2a841b2923402c01",
    "evidence/g7/admin-amendment-process/run-2/g7-admin-OAhQ4s/stopped-at-boundary/supervision/incarnation.json": "2a8972fc0d9561b837029abf65c8557cbc44ff92f0c2825f4f0aa06ddc277e81",
    "evidence/g7/admin-amendment-process/run-2/g7-admin-OAhQ4s/stopped-at-boundary/transactions/60d8a1fa-4bcf-4df6-9ded-e1a083d2dd0b/000001.json": "bbd687fc3d281ede338293088f557b707eeb95335985b372ca9b76ac6c0c42f4",
    "evidence/g7/admin-amendment-process/run-2/g7-admin-OAhQ4s/stopped-at-boundary/transactions/60d8a1fa-4bcf-4df6-9ded-e1a083d2dd0b/000002.json": "289aa782cf9d036c5d74fe3585073927beca0da72c240e6ee0e7df2a815ab140",
    "evidence/g7/admin-amendment-process/run-2/g7-admin-OAhQ4s/stopped-at-boundary/transactions/60d8a1fa-4bcf-4df6-9ded-e1a083d2dd0b/000003.json": "650e2063142b5f09050893f0a0e0a15e615f9c8c30b1bacc634ce7047352b6b5",
    "evidence/g7/admin-amendment-process/run-2/g7-admin-OAhQ4s/stopped-at-boundary/transactions/60d8a1fa-4bcf-4df6-9ded-e1a083d2dd0b/000004.json": "d180387deb0e6efd89139aef370c781e38ec697fc16467428404e4fa49afe90c",
    "evidence/g7/admin-amendment-process/run-2/g7-admin-OSSbDh/final/accepted.json": "f9c6657ad7895c9547df0a163b8f3b67d4c1e6d57411776721c960ac87f2e341",
    "evidence/g7/admin-amendment-process/run-2/g7-admin-OSSbDh/final/floor.json": "7f28bdb0f2b43be45e8485797ef21d4949587d0920b406bf17b57801b2be746f",
    "evidence/g7/admin-amendment-process/run-2/g7-admin-OSSbDh/final/hashes.json": "71203a3333adb11a6318f15e414c147175c074a070fda0574e71149a82c210f2",
    "evidence/g7/admin-amendment-process/run-2/g7-admin-OSSbDh/final/identity.json": "db37c5d45a9c118bec28bdb420635d0b53420390f1ea461fa1c8860ed3f6a06e",
    "evidence/g7/admin-amendment-process/run-2/g7-admin-OSSbDh/final/supervision/incarnation.json": "decc8e1453c4cfe44d3edbd56aadc4cb01ef1aef609cb51a97fb5b3210fff793",
    "evidence/g7/admin-amendment-process/run-2/g7-admin-OSSbDh/final/transactions/31c9ea94-ff96-4027-9ee4-5d5bda47451c/000001.json": "d73951ede1abda017769aadcd764ca00a1842e0de7d88fe6bb809b1565ce6b9f",
    "evidence/g7/admin-amendment-process/run-2/g7-admin-OSSbDh/final/transactions/31c9ea94-ff96-4027-9ee4-5d5bda47451c/000002.json": "c4341eec157526ff1d651e6329a14d73ca4f3c557e5831195a45c8c907acfa10",
    "evidence/g7/admin-amendment-process/run-2/g7-admin-OSSbDh/final/transactions/31c9ea94-ff96-4027-9ee4-5d5bda47451c/000003.json": "23dd414086b0a00b3024d3710b27450e39be5afda9f9fbf6414213cdf1ba5eb6",
    "evidence/g7/admin-amendment-process/run-2/g7-admin-OSSbDh/final/transactions/31c9ea94-ff96-4027-9ee4-5d5bda47451c/000004.json": "e1d8bedd4ad9040451ad510d3dd537c2e0a141e7ebbfe8f4aeb7a8a12f75b300",
    "evidence/g7/admin-amendment-process/run-2/g7-admin-OSSbDh/stderr.log": "e3b0c44298fc1c149afbf4c8996fb92427ae41e4649b934ca495991b7852b855",
    "evidence/g7/admin-amendment-process/run-2/g7-admin-QH9fMH/final/floor.json": "28c0e5e02618552b19cba48de34a1157b2aafc4edc969b847db56f7fe6cc3d15",
    "evidence/g7/admin-amendment-process/run-2/g7-admin-QH9fMH/final/hashes.json": "6ec1103f3c8055d2d5a7f54cd7aa42dac45f91600c787b2a143a9bd9a15217d0",
    "evidence/g7/admin-amendment-process/run-2/g7-admin-QH9fMH/final/identity.json": "9998ebdf7e28340bb0ed560a239adac74d545023c8ded7287cbaf096b08b496b",
    "evidence/g7/admin-amendment-process/run-2/g7-admin-QH9fMH/final/supervision/incarnation.json": "a89d72d37a656cf96ad4de19212682478284d9e172a7d87aba3773b59b266317",
    "evidence/g7/admin-amendment-process/run-2/g7-admin-QH9fMH/final/transactions/ff0804e4-2bbc-44eb-830c-716ffe15113b/000001.json": "ba1726750ef58d51aa0cf0257d0137164c9646494037beb841cfca2b24734377",
    "evidence/g7/admin-amendment-process/run-2/g7-admin-QH9fMH/final/transactions/ff0804e4-2bbc-44eb-830c-716ffe15113b/000002.json": "c84cf1ee4481ad11e1c3a5617ff6f222c9970209d645ddb1a3cadfcb1f9abb76",
    "evidence/g7/admin-amendment-process/run-2/g7-admin-QH9fMH/stderr.log": "e3b0c44298fc1c149afbf4c8996fb92427ae41e4649b934ca495991b7852b855",
    "evidence/g7/admin-amendment-process/run-2/g7-admin-R7LeGI/final/accepted.json": "2cbc5e905e093aa42f3e4ef47c0c58e6ba9b24c373b53c2f7fa288e3420cb571",
    "evidence/g7/admin-amendment-process/run-2/g7-admin-R7LeGI/final/floor.json": "f60e3627925861914fcc2534c13a3e7bb979b43ccfe5dda0b5e6953ba8c29829",
    "evidence/g7/admin-amendment-process/run-2/g7-admin-R7LeGI/final/hashes.json": "c2facc8756003fc61e1b6cccaba2caa07e37640441e61c28a2f78e9b148e28aa",
    "evidence/g7/admin-amendment-process/run-2/g7-admin-R7LeGI/final/identity.json": "d721dcbe150138d86704df63eea494a59c6fbc41e1a1fc4d24545d2f2d137617",
    "evidence/g7/admin-amendment-process/run-2/g7-admin-R7LeGI/final/supervision/incarnation.json": "ef82650d759ae75800f63d9fceeaf7d93aba6a22d17dfc860af192fcd399c3e1",
    "evidence/g7/admin-amendment-process/run-2/g7-admin-R7LeGI/final/transactions/0705d3ab-d4a8-419a-a83d-1d99b1ddfe17/000001.json": "948aad73a53433794dd3c67d6f1d7b037733506e1aa08d9cc1c33e3056828fc8",
    "evidence/g7/admin-amendment-process/run-2/g7-admin-R7LeGI/final/transactions/0705d3ab-d4a8-419a-a83d-1d99b1ddfe17/000002.json": "bd72771db06ac35530f38ef0592f1f71cb4d2e63fbd952075f9179a74a038e22",
    "evidence/g7/admin-amendment-process/run-2/g7-admin-R7LeGI/final/transactions/0705d3ab-d4a8-419a-a83d-1d99b1ddfe17/000003.json": "41bead09ca508d0e333c8026caf58d9c6f47028d0f2ee23fea971db1e5731d7c",
    "evidence/g7/admin-amendment-process/run-2/g7-admin-R7LeGI/final/transactions/0705d3ab-d4a8-419a-a83d-1d99b1ddfe17/000004.json": "2e9f5c9fc0f98ebbeeefa05735a3520caf6284ddccf27d3ba6b0424cdc20934a",
    "evidence/g7/admin-amendment-process/run-2/g7-admin-R7LeGI/original/accepted.json": "2cbc5e905e093aa42f3e4ef47c0c58e6ba9b24c373b53c2f7fa288e3420cb571",
    "evidence/g7/admin-amendment-process/run-2/g7-admin-R7LeGI/original/floor.json": "757c48ab85945bceb5df8d6eaa34beacffeaf4515d8f39ced085d95bb27b7a4a",
    "evidence/g7/admin-amendment-process/run-2/g7-admin-R7LeGI/original/hashes.json": "19356aed5c51782a1e45885a5d0c28869b8d2b61ab59c87bbf8a485cc938bd1e",
    "evidence/g7/admin-amendment-process/run-2/g7-admin-R7LeGI/original/identity.json": "d721dcbe150138d86704df63eea494a59c6fbc41e1a1fc4d24545d2f2d137617",
    "evidence/g7/admin-amendment-process/run-2/g7-admin-R7LeGI/original/supervision/incarnation.json": "ef82650d759ae75800f63d9fceeaf7d93aba6a22d17dfc860af192fcd399c3e1",
    "evidence/g7/admin-amendment-process/run-2/g7-admin-R7LeGI/original/transactions/0705d3ab-d4a8-419a-a83d-1d99b1ddfe17/000001.json": "948aad73a53433794dd3c67d6f1d7b037733506e1aa08d9cc1c33e3056828fc8",
    "evidence/g7/admin-amendment-process/run-2/g7-admin-R7LeGI/original/transactions/0705d3ab-d4a8-419a-a83d-1d99b1ddfe17/000002.json": "bd72771db06ac35530f38ef0592f1f71cb4d2e63fbd952075f9179a74a038e22",
    "evidence/g7/admin-amendment-process/run-2/g7-admin-R7LeGI/original/transactions/0705d3ab-d4a8-419a-a83d-1d99b1ddfe17/000003.json": "41bead09ca508d0e333c8026caf58d9c6f47028d0f2ee23fea971db1e5731d7c",
    "evidence/g7/admin-amendment-process/run-2/g7-admin-R7LeGI/original/transactions/0705d3ab-d4a8-419a-a83d-1d99b1ddfe17/000004.json": "2e9f5c9fc0f98ebbeeefa05735a3520caf6284ddccf27d3ba6b0424cdc20934a",
    "evidence/g7/admin-amendment-process/run-2/g7-admin-R7LeGI/stderr.log": "e3b0c44298fc1c149afbf4c8996fb92427ae41e4649b934ca495991b7852b855",
    "evidence/g7/admin-amendment-process/run-2/g7-admin-R7LeGI/stopped-at-boundary/accepted.json": "2cbc5e905e093aa42f3e4ef47c0c58e6ba9b24c373b53c2f7fa288e3420cb571",
    "evidence/g7/admin-amendment-process/run-2/g7-admin-R7LeGI/stopped-at-boundary/floor.json": "f60e3627925861914fcc2534c13a3e7bb979b43ccfe5dda0b5e6953ba8c29829",
    "evidence/g7/admin-amendment-process/run-2/g7-admin-R7LeGI/stopped-at-boundary/hashes.json": "c2facc8756003fc61e1b6cccaba2caa07e37640441e61c28a2f78e9b148e28aa",
    "evidence/g7/admin-amendment-process/run-2/g7-admin-R7LeGI/stopped-at-boundary/identity.json": "d721dcbe150138d86704df63eea494a59c6fbc41e1a1fc4d24545d2f2d137617",
    "evidence/g7/admin-amendment-process/run-2/g7-admin-R7LeGI/stopped-at-boundary/supervision/incarnation.json": "ef82650d759ae75800f63d9fceeaf7d93aba6a22d17dfc860af192fcd399c3e1",
    "evidence/g7/admin-amendment-process/run-2/g7-admin-R7LeGI/stopped-at-boundary/transactions/0705d3ab-d4a8-419a-a83d-1d99b1ddfe17/000001.json": "948aad73a53433794dd3c67d6f1d7b037733506e1aa08d9cc1c33e3056828fc8",
    "evidence/g7/admin-amendment-process/run-2/g7-admin-R7LeGI/stopped-at-boundary/transactions/0705d3ab-d4a8-419a-a83d-1d99b1ddfe17/000002.json": "bd72771db06ac35530f38ef0592f1f71cb4d2e63fbd952075f9179a74a038e22",
    "evidence/g7/admin-amendment-process/run-2/g7-admin-R7LeGI/stopped-at-boundary/transactions/0705d3ab-d4a8-419a-a83d-1d99b1ddfe17/000003.json": "41bead09ca508d0e333c8026caf58d9c6f47028d0f2ee23fea971db1e5731d7c",
    "evidence/g7/admin-amendment-process/run-2/g7-admin-R7LeGI/stopped-at-boundary/transactions/0705d3ab-d4a8-419a-a83d-1d99b1ddfe17/000004.json": "2e9f5c9fc0f98ebbeeefa05735a3520caf6284ddccf27d3ba6b0424cdc20934a",
    "evidence/g7/admin-amendment-process/run-2/g7-admin-hNmvyV/final/floor.json": "0c050592d4e989dc9ebf84294222140849d69ad0b16c7b437e7d49d6e1a16408",
    "evidence/g7/admin-amendment-process/run-2/g7-admin-hNmvyV/final/hashes.json": "2d29a67087ab0a04b5e1f77cffdfccba380379231dce08b6833082b318f38dd7",
    "evidence/g7/admin-amendment-process/run-2/g7-admin-hNmvyV/final/identity.json": "9d84a53e71b3af0862d986e172483861ad9c1627119796fb2cbe735a55797b79",
    "evidence/g7/admin-amendment-process/run-2/g7-admin-hNmvyV/final/next-22c2aa63-3fc0-4cac-b7ae-636747fc5178": "217577db9eea0b8de28d47d731b8a96d0129439e8164bff872b1e81fe247732d",
    "evidence/g7/admin-amendment-process/run-2/g7-admin-hNmvyV/final/supervision/incarnation.json": "47201e32d0e534d80a4b1cf252001c03b3eb348ece8af7a70a78d292a72995d7",
    "evidence/g7/admin-amendment-process/run-2/g7-admin-hNmvyV/final/transactions/7c0095fd-e824-4800-ad4a-446a71b30b3b/000001.json": "b1712994b21a83757e422432b3cb2466aa57842da9d88620de95fd166e92dc47",
    "evidence/g7/admin-amendment-process/run-2/g7-admin-hNmvyV/final/transactions/7c0095fd-e824-4800-ad4a-446a71b30b3b/000002.json": "ca55be3dba798cf64af11f102234cb2c3b884c34d8fd632558e4edb393f08bc5",
    "evidence/g7/admin-amendment-process/run-2/g7-admin-hNmvyV/final/transactions/7c0095fd-e824-4800-ad4a-446a71b30b3b/000003.json": "c9e729a897ac33d3096e12e602a40b3997b20c34837ff757680acc58cf90c359",
    "evidence/g7/admin-amendment-process/run-2/g7-admin-hNmvyV/stderr.log": "e3b0c44298fc1c149afbf4c8996fb92427ae41e4649b934ca495991b7852b855",
    "evidence/g7/admin-amendment-process/run-2/g7-admin-hNmvyV/stopped-at-boundary/floor.json": "0c050592d4e989dc9ebf84294222140849d69ad0b16c7b437e7d49d6e1a16408",
    "evidence/g7/admin-amendment-process/run-2/g7-admin-hNmvyV/stopped-at-boundary/hashes.json": "2d29a67087ab0a04b5e1f77cffdfccba380379231dce08b6833082b318f38dd7",
    "evidence/g7/admin-amendment-process/run-2/g7-admin-hNmvyV/stopped-at-boundary/identity.json": "9d84a53e71b3af0862d986e172483861ad9c1627119796fb2cbe735a55797b79",
    "evidence/g7/admin-amendment-process/run-2/g7-admin-hNmvyV/stopped-at-boundary/next-22c2aa63-3fc0-4cac-b7ae-636747fc5178": "217577db9eea0b8de28d47d731b8a96d0129439e8164bff872b1e81fe247732d",
    "evidence/g7/admin-amendment-process/run-2/g7-admin-hNmvyV/stopped-at-boundary/supervision/incarnation.json": "47201e32d0e534d80a4b1cf252001c03b3eb348ece8af7a70a78d292a72995d7",
    "evidence/g7/admin-amendment-process/run-2/g7-admin-hNmvyV/stopped-at-boundary/transactions/7c0095fd-e824-4800-ad4a-446a71b30b3b/000001.json": "b1712994b21a83757e422432b3cb2466aa57842da9d88620de95fd166e92dc47",
    "evidence/g7/admin-amendment-process/run-2/g7-admin-hNmvyV/stopped-at-boundary/transactions/7c0095fd-e824-4800-ad4a-446a71b30b3b/000002.json": "ca55be3dba798cf64af11f102234cb2c3b884c34d8fd632558e4edb393f08bc5",
    "evidence/g7/admin-amendment-process/run-2/g7-admin-hNmvyV/stopped-at-boundary/transactions/7c0095fd-e824-4800-ad4a-446a71b30b3b/000003.json": "c9e729a897ac33d3096e12e602a40b3997b20c34837ff757680acc58cf90c359",
    "evidence/g7/admin-amendment-process/run-2/g7-admin-hOqsxn/final/accepted.json": "e00ec383c036e60fd1197ebeb75b21116779d307bead5299f7186a4d60c9985a",
    "evidence/g7/admin-amendment-process/run-2/g7-admin-hOqsxn/final/floor.json": "6e8aa3e79ffcd27184572ce285306f7a1f133f2eb24f403a8e0af7a4f34c5f8d",
    "evidence/g7/admin-amendment-process/run-2/g7-admin-hOqsxn/final/hashes.json": "a9ea408bed7830ec2900d4598261fa19c9bfdd06897e3bf92b3214d1a3b1d202",
    "evidence/g7/admin-amendment-process/run-2/g7-admin-hOqsxn/final/identity.json": "4a1413b69262f8385721578eeb78fe6105083f3e21dca9f8df20b35c8f29c555",
    "evidence/g7/admin-amendment-process/run-2/g7-admin-hOqsxn/final/supervision/incarnation.json": "20f1cb1c45bb433218f7664cbd27c7a7d2020fe538beb90be433ca173f762ca5",
    "evidence/g7/admin-amendment-process/run-2/g7-admin-hOqsxn/final/transactions/e5bc6df8-ced0-495e-86c7-5517a9ed2dd9/000001.json": "2af5f688ec839a2f3f72a6f02c49ac7fd2446d6bcee9716dc850ec1b01842bb4",
    "evidence/g7/admin-amendment-process/run-2/g7-admin-hOqsxn/final/transactions/e5bc6df8-ced0-495e-86c7-5517a9ed2dd9/000002.json": "5736019782d7a34601e257b9d5deaa88b9cc54a601fda728d8930b593aced5e8",
    "evidence/g7/admin-amendment-process/run-2/g7-admin-hOqsxn/final/transactions/e5bc6df8-ced0-495e-86c7-5517a9ed2dd9/000003.json": "66addec8ccd22d305528fc8f93154a9f62ee9e8758b72b040db9db3d27c8428c",
    "evidence/g7/admin-amendment-process/run-2/g7-admin-hOqsxn/stderr.log": "e3b0c44298fc1c149afbf4c8996fb92427ae41e4649b934ca495991b7852b855",
    "evidence/g7/admin-amendment-process/run-2/g7-admin-hOqsxn/stopped-at-boundary/accepted.json": "e00ec383c036e60fd1197ebeb75b21116779d307bead5299f7186a4d60c9985a",
    "evidence/g7/admin-amendment-process/run-2/g7-admin-hOqsxn/stopped-at-boundary/floor.json": "6e8aa3e79ffcd27184572ce285306f7a1f133f2eb24f403a8e0af7a4f34c5f8d",
    "evidence/g7/admin-amendment-process/run-2/g7-admin-hOqsxn/stopped-at-boundary/hashes.json": "a9ea408bed7830ec2900d4598261fa19c9bfdd06897e3bf92b3214d1a3b1d202",
    "evidence/g7/admin-amendment-process/run-2/g7-admin-hOqsxn/stopped-at-boundary/identity.json": "4a1413b69262f8385721578eeb78fe6105083f3e21dca9f8df20b35c8f29c555",
    "evidence/g7/admin-amendment-process/run-2/g7-admin-hOqsxn/stopped-at-boundary/supervision/incarnation.json": "20f1cb1c45bb433218f7664cbd27c7a7d2020fe538beb90be433ca173f762ca5",
    "evidence/g7/admin-amendment-process/run-2/g7-admin-hOqsxn/stopped-at-boundary/transactions/e5bc6df8-ced0-495e-86c7-5517a9ed2dd9/000001.json": "2af5f688ec839a2f3f72a6f02c49ac7fd2446d6bcee9716dc850ec1b01842bb4",
    "evidence/g7/admin-amendment-process/run-2/g7-admin-hOqsxn/stopped-at-boundary/transactions/e5bc6df8-ced0-495e-86c7-5517a9ed2dd9/000002.json": "5736019782d7a34601e257b9d5deaa88b9cc54a601fda728d8930b593aced5e8",
    "evidence/g7/admin-amendment-process/run-2/g7-admin-hOqsxn/stopped-at-boundary/transactions/e5bc6df8-ced0-495e-86c7-5517a9ed2dd9/000003.json": "66addec8ccd22d305528fc8f93154a9f62ee9e8758b72b040db9db3d27c8428c",
    "evidence/g7/admin-amendment-process/run-2/g7-admin-iXIgWK/final/accepted.json": "d9c65658b7bfa77477d255d809a8f4b2cd82ec3c8933bc04256278a2f0c4eb6d",
    "evidence/g7/admin-amendment-process/run-2/g7-admin-iXIgWK/final/floor.json": "e57ac3fb73b54ba15ef7ba0e4bc51e052b421a81944c435cc5fa4a6f30121007",
    "evidence/g7/admin-amendment-process/run-2/g7-admin-iXIgWK/final/hashes.json": "fa49b97686c038bac5ba2a6b77d39b76d0dfbdcc3b9b33859040ab282617a708",
    "evidence/g7/admin-amendment-process/run-2/g7-admin-iXIgWK/final/identity.json": "191267f0e76ae63cf413ab90764c4e59473563b4d2a2a1f730187f83e5d88973",
    "evidence/g7/admin-amendment-process/run-2/g7-admin-iXIgWK/final/next-aa920461-1880-4286-a53a-f3ebf5e8547d": "d9c65658b7bfa77477d255d809a8f4b2cd82ec3c8933bc04256278a2f0c4eb6d",
    "evidence/g7/admin-amendment-process/run-2/g7-admin-iXIgWK/final/supervision/incarnation.json": "d4d832614e013cefb757233ff20c9de79494182e470c4ef0680b28775af5d7bb",
    "evidence/g7/admin-amendment-process/run-2/g7-admin-iXIgWK/final/transactions/09b6e968-1345-417c-82c5-33457054c587/000001.json": "3d48c57bba9d0f7a7c84161f4df2371b2793e0c4eb0441244c21474a4fa3e650",
    "evidence/g7/admin-amendment-process/run-2/g7-admin-iXIgWK/final/transactions/09b6e968-1345-417c-82c5-33457054c587/000002.json": "30f456da9eb430acae199767d4dd52409d2fd82bde15190a9570fbd25582662f",
    "evidence/g7/admin-amendment-process/run-2/g7-admin-iXIgWK/final/transactions/09b6e968-1345-417c-82c5-33457054c587/000003.json": "a397b7264debf82f65037de17c1b20270ab4a53fe95cff0deaab841b9e5c5fbc",
    "evidence/g7/admin-amendment-process/run-2/g7-admin-iXIgWK/final/transactions/09b6e968-1345-417c-82c5-33457054c587/000004.json": "d4150ee88f3901485c6d6a1d9bed1629686396325a3616eccf757103f14f73c0",
    "evidence/g7/admin-amendment-process/run-2/g7-admin-iXIgWK/original/accepted.json": "d9c65658b7bfa77477d255d809a8f4b2cd82ec3c8933bc04256278a2f0c4eb6d",
    "evidence/g7/admin-amendment-process/run-2/g7-admin-iXIgWK/original/floor.json": "0f5c9b6d8d9bfa7fb6e77797bb3b151134a4f2412a48b5886cb913f92df7236d",
    "evidence/g7/admin-amendment-process/run-2/g7-admin-iXIgWK/original/hashes.json": "235ba7beb0fb84282eb2ec59fc09df41167f1b297355cd74659f98e5c3a469c3",
    "evidence/g7/admin-amendment-process/run-2/g7-admin-iXIgWK/original/identity.json": "191267f0e76ae63cf413ab90764c4e59473563b4d2a2a1f730187f83e5d88973",
    "evidence/g7/admin-amendment-process/run-2/g7-admin-iXIgWK/original/supervision/incarnation.json": "d4d832614e013cefb757233ff20c9de79494182e470c4ef0680b28775af5d7bb",
    "evidence/g7/admin-amendment-process/run-2/g7-admin-iXIgWK/original/transactions/09b6e968-1345-417c-82c5-33457054c587/000001.json": "3d48c57bba9d0f7a7c84161f4df2371b2793e0c4eb0441244c21474a4fa3e650",
    "evidence/g7/admin-amendment-process/run-2/g7-admin-iXIgWK/original/transactions/09b6e968-1345-417c-82c5-33457054c587/000002.json": "30f456da9eb430acae199767d4dd52409d2fd82bde15190a9570fbd25582662f",
    "evidence/g7/admin-amendment-process/run-2/g7-admin-iXIgWK/original/transactions/09b6e968-1345-417c-82c5-33457054c587/000003.json": "a397b7264debf82f65037de17c1b20270ab4a53fe95cff0deaab841b9e5c5fbc",
    "evidence/g7/admin-amendment-process/run-2/g7-admin-iXIgWK/original/transactions/09b6e968-1345-417c-82c5-33457054c587/000004.json": "d4150ee88f3901485c6d6a1d9bed1629686396325a3616eccf757103f14f73c0",
    "evidence/g7/admin-amendment-process/run-2/g7-admin-iXIgWK/stderr.log": "e3b0c44298fc1c149afbf4c8996fb92427ae41e4649b934ca495991b7852b855",
    "evidence/g7/admin-amendment-process/run-2/g7-admin-iXIgWK/stopped-at-boundary/accepted.json": "d9c65658b7bfa77477d255d809a8f4b2cd82ec3c8933bc04256278a2f0c4eb6d",
    "evidence/g7/admin-amendment-process/run-2/g7-admin-iXIgWK/stopped-at-boundary/floor.json": "e57ac3fb73b54ba15ef7ba0e4bc51e052b421a81944c435cc5fa4a6f30121007",
    "evidence/g7/admin-amendment-process/run-2/g7-admin-iXIgWK/stopped-at-boundary/hashes.json": "fa49b97686c038bac5ba2a6b77d39b76d0dfbdcc3b9b33859040ab282617a708",
    "evidence/g7/admin-amendment-process/run-2/g7-admin-iXIgWK/stopped-at-boundary/identity.json": "191267f0e76ae63cf413ab90764c4e59473563b4d2a2a1f730187f83e5d88973",
    "evidence/g7/admin-amendment-process/run-2/g7-admin-iXIgWK/stopped-at-boundary/next-aa920461-1880-4286-a53a-f3ebf5e8547d": "d9c65658b7bfa77477d255d809a8f4b2cd82ec3c8933bc04256278a2f0c4eb6d",
    "evidence/g7/admin-amendment-process/run-2/g7-admin-iXIgWK/stopped-at-boundary/supervision/incarnation.json": "d4d832614e013cefb757233ff20c9de79494182e470c4ef0680b28775af5d7bb",
    "evidence/g7/admin-amendment-process/run-2/g7-admin-iXIgWK/stopped-at-boundary/transactions/09b6e968-1345-417c-82c5-33457054c587/000001.json": "3d48c57bba9d0f7a7c84161f4df2371b2793e0c4eb0441244c21474a4fa3e650",
    "evidence/g7/admin-amendment-process/run-2/g7-admin-iXIgWK/stopped-at-boundary/transactions/09b6e968-1345-417c-82c5-33457054c587/000002.json": "30f456da9eb430acae199767d4dd52409d2fd82bde15190a9570fbd25582662f",
    "evidence/g7/admin-amendment-process/run-2/g7-admin-iXIgWK/stopped-at-boundary/transactions/09b6e968-1345-417c-82c5-33457054c587/000003.json": "a397b7264debf82f65037de17c1b20270ab4a53fe95cff0deaab841b9e5c5fbc",
    "evidence/g7/admin-amendment-process/run-2/g7-admin-iXIgWK/stopped-at-boundary/transactions/09b6e968-1345-417c-82c5-33457054c587/000004.json": "d4150ee88f3901485c6d6a1d9bed1629686396325a3616eccf757103f14f73c0",
    "evidence/g7/admin-amendment-process/run-2/g7-admin-ntTHrb/final/accepted.json": "665e097adbb5c6309d15beef28e94c2b1b26d7cc108a0c8cea195ad3a17f6ccc",
    "evidence/g7/admin-amendment-process/run-2/g7-admin-ntTHrb/final/floor.json": "75f876cf7ab3576075b872dd431ba1c30848888c74bca24af53c809f8d0641a0",
    "evidence/g7/admin-amendment-process/run-2/g7-admin-ntTHrb/final/hashes.json": "a8b12fc7d992f515f88596550540e4ffd4f07a9c7d775f051bf0ff2e98e5c175",
    "evidence/g7/admin-amendment-process/run-2/g7-admin-ntTHrb/final/identity.json": "9ead3f5f4a9bb884ed6d60bf496e36584ebafce7e6dafe9e303f23e1cbdf8f41",
    "evidence/g7/admin-amendment-process/run-2/g7-admin-ntTHrb/final/supervision/incarnation.json": "7594070b3ec18ed7f05fcd9c99bd0cf383554438b4e4b62ba29bb0e99d637e14",
    "evidence/g7/admin-amendment-process/run-2/g7-admin-ntTHrb/final/transactions/e0e129eb-cee4-4571-b8e3-76989867be89/000001.json": "e426ae592b5f8a80851883e3e4c874ce710d6b894e6f080c6a43deafd084fb43",
    "evidence/g7/admin-amendment-process/run-2/g7-admin-ntTHrb/final/transactions/e0e129eb-cee4-4571-b8e3-76989867be89/000002.json": "c9a835fd70273ea3d15ba9f1bb2a08308aacfe219ba506a42c11ac718b9131b3",
    "evidence/g7/admin-amendment-process/run-2/g7-admin-ntTHrb/final/transactions/e0e129eb-cee4-4571-b8e3-76989867be89/000003.json": "b3c3b5154a00cc91ab79fdac005357720ad043fff4dbdc5ba320320c1b45e067",
    "evidence/g7/admin-amendment-process/run-2/g7-admin-ntTHrb/stderr.log": "e3b0c44298fc1c149afbf4c8996fb92427ae41e4649b934ca495991b7852b855",
    "evidence/g7/admin-amendment-process/run-2/g7-admin-ntTHrb/stopped-at-boundary/accepted.json": "665e097adbb5c6309d15beef28e94c2b1b26d7cc108a0c8cea195ad3a17f6ccc",
    "evidence/g7/admin-amendment-process/run-2/g7-admin-ntTHrb/stopped-at-boundary/floor.json": "75f876cf7ab3576075b872dd431ba1c30848888c74bca24af53c809f8d0641a0",
    "evidence/g7/admin-amendment-process/run-2/g7-admin-ntTHrb/stopped-at-boundary/hashes.json": "a8b12fc7d992f515f88596550540e4ffd4f07a9c7d775f051bf0ff2e98e5c175",
    "evidence/g7/admin-amendment-process/run-2/g7-admin-ntTHrb/stopped-at-boundary/identity.json": "9ead3f5f4a9bb884ed6d60bf496e36584ebafce7e6dafe9e303f23e1cbdf8f41",
    "evidence/g7/admin-amendment-process/run-2/g7-admin-ntTHrb/stopped-at-boundary/supervision/incarnation.json": "7594070b3ec18ed7f05fcd9c99bd0cf383554438b4e4b62ba29bb0e99d637e14",
    "evidence/g7/admin-amendment-process/run-2/g7-admin-ntTHrb/stopped-at-boundary/transactions/e0e129eb-cee4-4571-b8e3-76989867be89/000001.json": "e426ae592b5f8a80851883e3e4c874ce710d6b894e6f080c6a43deafd084fb43",
    "evidence/g7/admin-amendment-process/run-2/g7-admin-ntTHrb/stopped-at-boundary/transactions/e0e129eb-cee4-4571-b8e3-76989867be89/000002.json": "c9a835fd70273ea3d15ba9f1bb2a08308aacfe219ba506a42c11ac718b9131b3",
    "evidence/g7/admin-amendment-process/run-2/g7-admin-ntTHrb/stopped-at-boundary/transactions/e0e129eb-cee4-4571-b8e3-76989867be89/000003.json": "b3c3b5154a00cc91ab79fdac005357720ad043fff4dbdc5ba320320c1b45e067",
    "evidence/g7/admin-amendment-process/run-2/g7-admin-qzJ32N/final/accepted.json": "d6e9113a01fd0a7a8e3985107e5461f87fe2cfc546221f4fed5961fda7d087a1",
    "evidence/g7/admin-amendment-process/run-2/g7-admin-qzJ32N/final/floor.json": "bd93f80a744ff684681117e2d57579a53780ac7753f48953b4c07ecef5f6e16a",
    "evidence/g7/admin-amendment-process/run-2/g7-admin-qzJ32N/final/hashes.json": "cc83f8d3c1565a14693ab675035883619a16f1e4e9f15fa0a7e9d02687014aca",
    "evidence/g7/admin-amendment-process/run-2/g7-admin-qzJ32N/final/identity.json": "1f1a567b79bdfe6ad8511b8d23d72ea9b10dad2768eff31f4f4e4d915c719d18",
    "evidence/g7/admin-amendment-process/run-2/g7-admin-qzJ32N/final/supervision/incarnation.json": "0327b78577c79e0b82bde2aeb21a7d6a779ea7770aca9146299bd1897cfb6d47",
    "evidence/g7/admin-amendment-process/run-2/g7-admin-qzJ32N/final/transactions/ccd66d09-213d-45ef-b7ad-49cc4791859e/000001.json": "b2235924b9e298473056a6ff837f8ba80b714f3bace8c093b2a4624468493a59",
    "evidence/g7/admin-amendment-process/run-2/g7-admin-qzJ32N/final/transactions/ccd66d09-213d-45ef-b7ad-49cc4791859e/000002.json": "a8af8e9d5379233354bf8470b88bb24e40cbc3ef352cdb5fdedca04f3aff81af",
    "evidence/g7/admin-amendment-process/run-2/g7-admin-qzJ32N/final/transactions/ccd66d09-213d-45ef-b7ad-49cc4791859e/000003.json": "73ad77af5c2557e466adeaf68036d75629be48230e4365d5cf83725f45daadcb",
    "evidence/g7/admin-amendment-process/run-2/g7-admin-qzJ32N/final/transactions/ccd66d09-213d-45ef-b7ad-49cc4791859e/000004.json": "3544e6b4ff9c43503f3cec0714ac27ecbf43aa044f16ee98f623ff6fe53efae6",
    "evidence/g7/admin-amendment-process/run-2/g7-admin-qzJ32N/original/accepted.json": "d6e9113a01fd0a7a8e3985107e5461f87fe2cfc546221f4fed5961fda7d087a1",
    "evidence/g7/admin-amendment-process/run-2/g7-admin-qzJ32N/original/floor.json": "bd93f80a744ff684681117e2d57579a53780ac7753f48953b4c07ecef5f6e16a",
    "evidence/g7/admin-amendment-process/run-2/g7-admin-qzJ32N/original/hashes.json": "1b5174f9f428acbe40eb34ced7a5e303eb2f4a608543859bb6961c954d9b3aaf",
    "evidence/g7/admin-amendment-process/run-2/g7-admin-qzJ32N/original/identity.json": "1f1a567b79bdfe6ad8511b8d23d72ea9b10dad2768eff31f4f4e4d915c719d18",
    "evidence/g7/admin-amendment-process/run-2/g7-admin-qzJ32N/original/supervision/incarnation.json": "0327b78577c79e0b82bde2aeb21a7d6a779ea7770aca9146299bd1897cfb6d47",
    "evidence/g7/admin-amendment-process/run-2/g7-admin-qzJ32N/original/transactions/ccd66d09-213d-45ef-b7ad-49cc4791859e/000001.json": "b2235924b9e298473056a6ff837f8ba80b714f3bace8c093b2a4624468493a59",
    "evidence/g7/admin-amendment-process/run-2/g7-admin-qzJ32N/original/transactions/ccd66d09-213d-45ef-b7ad-49cc4791859e/000002.json": "a8af8e9d5379233354bf8470b88bb24e40cbc3ef352cdb5fdedca04f3aff81af",
    "evidence/g7/admin-amendment-process/run-2/g7-admin-qzJ32N/original/transactions/ccd66d09-213d-45ef-b7ad-49cc4791859e/000003.json": "73ad77af5c2557e466adeaf68036d75629be48230e4365d5cf83725f45daadcb",
    "evidence/g7/admin-amendment-process/run-2/g7-admin-qzJ32N/original/transactions/ccd66d09-213d-45ef-b7ad-49cc4791859e/000004.json": "3544e6b4ff9c43503f3cec0714ac27ecbf43aa044f16ee98f623ff6fe53efae6",
    "evidence/g7/admin-amendment-process/run-2/g7-admin-qzJ32N/stderr.log": "e3b0c44298fc1c149afbf4c8996fb92427ae41e4649b934ca495991b7852b855",
    "evidence/g7/admin-amendment-process/run-2/g7-admin-vfw5bq/final/accepted.json": "6693aa086396f67bdaecc54e46eaa01092b6a82f40a2e8cdf587a22c6a29a876",
    "evidence/g7/admin-amendment-process/run-2/g7-admin-vfw5bq/final/floor.json": "ce7ee19299d322dd7916ea9ffaab3db25677500f168f5e5e8de4e6e7299c2379",
    "evidence/g7/admin-amendment-process/run-2/g7-admin-vfw5bq/final/hashes.json": "3c2b8d867b4a5f9a196a24493b2e4cf25e0dde9e2383f34cfece643571119286",
    "evidence/g7/admin-amendment-process/run-2/g7-admin-vfw5bq/final/identity.json": "2725897b9d85871affb3d554707cbf02b0f798ba188e6cdcee88c69df5ba65be",
    "evidence/g7/admin-amendment-process/run-2/g7-admin-vfw5bq/final/supervision/incarnation.json": "e18637495ea1dd710395ade2cedee6c50285ad59d896809d97aa0f88355e4b9a",
    "evidence/g7/admin-amendment-process/run-2/g7-admin-vfw5bq/final/transactions/c07ecc46-57ac-4e03-b916-c58f4c817297/000001.json": "611d73fd9f7bcda24a44bc9a7e12c72316bc36a997cc3ba52aa73e42e6c2d54a",
    "evidence/g7/admin-amendment-process/run-2/g7-admin-vfw5bq/final/transactions/c07ecc46-57ac-4e03-b916-c58f4c817297/000002.json": "2d5e60aca1ceca214fd03c3e47ab081a3ca56eaa84f9586929b52b14b180035d",
    "evidence/g7/admin-amendment-process/run-2/g7-admin-vfw5bq/final/transactions/c07ecc46-57ac-4e03-b916-c58f4c817297/000003.json": "1e7f9b1bc8555fad5b6bca0a296d92fe71b96ffb55ad5a0f9c6e1cf75ba29f09",
    "evidence/g7/admin-amendment-process/run-2/g7-admin-vfw5bq/final/transactions/c07ecc46-57ac-4e03-b916-c58f4c817297/000004.json": "63c3e48da531d5ed7b57a5fe99bc1f551cec85dd6f0bc675f7a04c301d7fe88f",
    "evidence/g7/admin-amendment-process/run-2/g7-admin-vfw5bq/stderr.log": "e3b0c44298fc1c149afbf4c8996fb92427ae41e4649b934ca495991b7852b855",
    "evidence/g7/admin-amendment-process/run-3/g7-admin-2M5EVy/final/accepted.json": "49c9598c8fe43eb5f4b72ecd36f7226d1eff4e372cc9d350d3b2b6073698b6ec",
    "evidence/g7/admin-amendment-process/run-3/g7-admin-2M5EVy/final/floor.json": "9f5d50d425366e6c7e9b1a78e2db1f17daf6a77b360f2a2e9b640fc4698f6977",
    "evidence/g7/admin-amendment-process/run-3/g7-admin-2M5EVy/final/hashes.json": "0df1aa40bc6fd3b2db2b3ec3300026d037444204460c8bc63f66a3ee4e9c57b0",
    "evidence/g7/admin-amendment-process/run-3/g7-admin-2M5EVy/final/identity.json": "4af60fd4585ff0dc93fd54ae407b60962131f34bb020f3f1604d27eb5c683eea",
    "evidence/g7/admin-amendment-process/run-3/g7-admin-2M5EVy/final/supervision/incarnation.json": "9b547f15c4b370c8aede0d1fec2e002e5a83be2cc6e3ef35526909516f4dd434",
    "evidence/g7/admin-amendment-process/run-3/g7-admin-2M5EVy/final/transactions/2b9b466e-c646-4294-a63a-d50740c89cee/000001.json": "b43935c7231192777ae00517ab3b80c720a88f995e4227e42dac4ef0ddbb014a",
    "evidence/g7/admin-amendment-process/run-3/g7-admin-2M5EVy/final/transactions/2b9b466e-c646-4294-a63a-d50740c89cee/000002.json": "beb819c32d1ebae7b0fd5fb5986d2a19f51ff3dba300a53b664b1fd04c428d0f",
    "evidence/g7/admin-amendment-process/run-3/g7-admin-2M5EVy/final/transactions/2b9b466e-c646-4294-a63a-d50740c89cee/000003.json": "6785dcf7f94cae5144807e96ddec88b6ed64a24bb0aa8f78cbf3d07d0fa47cda",
    "evidence/g7/admin-amendment-process/run-3/g7-admin-2M5EVy/stderr.log": "e3b0c44298fc1c149afbf4c8996fb92427ae41e4649b934ca495991b7852b855",
    "evidence/g7/admin-amendment-process/run-3/g7-admin-2M5EVy/stopped-at-boundary/accepted.json": "49c9598c8fe43eb5f4b72ecd36f7226d1eff4e372cc9d350d3b2b6073698b6ec",
    "evidence/g7/admin-amendment-process/run-3/g7-admin-2M5EVy/stopped-at-boundary/floor.json": "9f5d50d425366e6c7e9b1a78e2db1f17daf6a77b360f2a2e9b640fc4698f6977",
    "evidence/g7/admin-amendment-process/run-3/g7-admin-2M5EVy/stopped-at-boundary/hashes.json": "0df1aa40bc6fd3b2db2b3ec3300026d037444204460c8bc63f66a3ee4e9c57b0",
    "evidence/g7/admin-amendment-process/run-3/g7-admin-2M5EVy/stopped-at-boundary/identity.json": "4af60fd4585ff0dc93fd54ae407b60962131f34bb020f3f1604d27eb5c683eea",
    "evidence/g7/admin-amendment-process/run-3/g7-admin-2M5EVy/stopped-at-boundary/supervision/incarnation.json": "9b547f15c4b370c8aede0d1fec2e002e5a83be2cc6e3ef35526909516f4dd434",
    "evidence/g7/admin-amendment-process/run-3/g7-admin-2M5EVy/stopped-at-boundary/transactions/2b9b466e-c646-4294-a63a-d50740c89cee/000001.json": "b43935c7231192777ae00517ab3b80c720a88f995e4227e42dac4ef0ddbb014a",
    "evidence/g7/admin-amendment-process/run-3/g7-admin-2M5EVy/stopped-at-boundary/transactions/2b9b466e-c646-4294-a63a-d50740c89cee/000002.json": "beb819c32d1ebae7b0fd5fb5986d2a19f51ff3dba300a53b664b1fd04c428d0f",
    "evidence/g7/admin-amendment-process/run-3/g7-admin-2M5EVy/stopped-at-boundary/transactions/2b9b466e-c646-4294-a63a-d50740c89cee/000003.json": "6785dcf7f94cae5144807e96ddec88b6ed64a24bb0aa8f78cbf3d07d0fa47cda",
    "evidence/g7/admin-amendment-process/run-3/g7-admin-2dGJif/final/accepted.json": "62896dd8374ab267aa8b877be1a66809450fc507387e1572c0f3dcf3af596218",
    "evidence/g7/admin-amendment-process/run-3/g7-admin-2dGJif/final/floor.json": "3fec192fea4c577cb5d22384b522b77f93ca35f2f8655c107fc3e90fbc2c8d21",
    "evidence/g7/admin-amendment-process/run-3/g7-admin-2dGJif/final/hashes.json": "6388e14396a18222e66868d92f97beb0350f40580d1edc74ff7714d8af8e68f2",
    "evidence/g7/admin-amendment-process/run-3/g7-admin-2dGJif/final/identity.json": "2b6596cf281e04f1477fb9de2d167a720506592b73abedc6ad73049e1d162c4f",
    "evidence/g7/admin-amendment-process/run-3/g7-admin-2dGJif/final/supervision/incarnation.json": "0449ee3f9858ab613b7b2647a391e51210c11583b3da3effc25a882b7f726447",
    "evidence/g7/admin-amendment-process/run-3/g7-admin-2dGJif/final/transactions/fbd45689-2d1e-4767-b817-13123c445f55/000001.json": "f3b2da7b612c30f4e19ee8241276369077602441430744dcab3a9edc03f50ae0",
    "evidence/g7/admin-amendment-process/run-3/g7-admin-2dGJif/final/transactions/fbd45689-2d1e-4767-b817-13123c445f55/000002.json": "653788aa7f0589f3f11bea052815b6f8f50a259a983cf05fd7c73d9c5b4532d8",
    "evidence/g7/admin-amendment-process/run-3/g7-admin-2dGJif/final/transactions/fbd45689-2d1e-4767-b817-13123c445f55/000003.json": "4bfb571f1c4ad5758c297372877804d165a3b68a8e1cf5c35fcb3868f5e5074c",
    "evidence/g7/admin-amendment-process/run-3/g7-admin-2dGJif/final/transactions/fbd45689-2d1e-4767-b817-13123c445f55/000004.json": "140d9cbdcd98484fb8cfafdcfea4aac145949fe239f751757a2166414c92268a",
    "evidence/g7/admin-amendment-process/run-3/g7-admin-2dGJif/original/accepted.json": "62896dd8374ab267aa8b877be1a66809450fc507387e1572c0f3dcf3af596218",
    "evidence/g7/admin-amendment-process/run-3/g7-admin-2dGJif/original/floor.json": "d74b0c41e44ab0a1c286704e8426947ba5018132dbe128b32161f49e5746f641",
    "evidence/g7/admin-amendment-process/run-3/g7-admin-2dGJif/original/hashes.json": "8dd1ec5f11b077aafb1291694cdff2154b94e8c94e462d7f9170b3db28126567",
    "evidence/g7/admin-amendment-process/run-3/g7-admin-2dGJif/original/identity.json": "2b6596cf281e04f1477fb9de2d167a720506592b73abedc6ad73049e1d162c4f",
    "evidence/g7/admin-amendment-process/run-3/g7-admin-2dGJif/original/supervision/incarnation.json": "0449ee3f9858ab613b7b2647a391e51210c11583b3da3effc25a882b7f726447",
    "evidence/g7/admin-amendment-process/run-3/g7-admin-2dGJif/original/transactions/fbd45689-2d1e-4767-b817-13123c445f55/000001.json": "f3b2da7b612c30f4e19ee8241276369077602441430744dcab3a9edc03f50ae0",
    "evidence/g7/admin-amendment-process/run-3/g7-admin-2dGJif/original/transactions/fbd45689-2d1e-4767-b817-13123c445f55/000002.json": "653788aa7f0589f3f11bea052815b6f8f50a259a983cf05fd7c73d9c5b4532d8",
    "evidence/g7/admin-amendment-process/run-3/g7-admin-2dGJif/original/transactions/fbd45689-2d1e-4767-b817-13123c445f55/000003.json": "4bfb571f1c4ad5758c297372877804d165a3b68a8e1cf5c35fcb3868f5e5074c",
    "evidence/g7/admin-amendment-process/run-3/g7-admin-2dGJif/original/transactions/fbd45689-2d1e-4767-b817-13123c445f55/000004.json": "140d9cbdcd98484fb8cfafdcfea4aac145949fe239f751757a2166414c92268a",
    "evidence/g7/admin-amendment-process/run-3/g7-admin-2dGJif/stderr.log": "e3b0c44298fc1c149afbf4c8996fb92427ae41e4649b934ca495991b7852b855",
    "evidence/g7/admin-amendment-process/run-3/g7-admin-2dGJif/stopped-at-boundary/accepted.json": "62896dd8374ab267aa8b877be1a66809450fc507387e1572c0f3dcf3af596218",
    "evidence/g7/admin-amendment-process/run-3/g7-admin-2dGJif/stopped-at-boundary/floor.json": "3fec192fea4c577cb5d22384b522b77f93ca35f2f8655c107fc3e90fbc2c8d21",
    "evidence/g7/admin-amendment-process/run-3/g7-admin-2dGJif/stopped-at-boundary/hashes.json": "6388e14396a18222e66868d92f97beb0350f40580d1edc74ff7714d8af8e68f2",
    "evidence/g7/admin-amendment-process/run-3/g7-admin-2dGJif/stopped-at-boundary/identity.json": "2b6596cf281e04f1477fb9de2d167a720506592b73abedc6ad73049e1d162c4f",
    "evidence/g7/admin-amendment-process/run-3/g7-admin-2dGJif/stopped-at-boundary/supervision/incarnation.json": "0449ee3f9858ab613b7b2647a391e51210c11583b3da3effc25a882b7f726447",
    "evidence/g7/admin-amendment-process/run-3/g7-admin-2dGJif/stopped-at-boundary/transactions/fbd45689-2d1e-4767-b817-13123c445f55/000001.json": "f3b2da7b612c30f4e19ee8241276369077602441430744dcab3a9edc03f50ae0",
    "evidence/g7/admin-amendment-process/run-3/g7-admin-2dGJif/stopped-at-boundary/transactions/fbd45689-2d1e-4767-b817-13123c445f55/000002.json": "653788aa7f0589f3f11bea052815b6f8f50a259a983cf05fd7c73d9c5b4532d8",
    "evidence/g7/admin-amendment-process/run-3/g7-admin-2dGJif/stopped-at-boundary/transactions/fbd45689-2d1e-4767-b817-13123c445f55/000003.json": "4bfb571f1c4ad5758c297372877804d165a3b68a8e1cf5c35fcb3868f5e5074c",
    "evidence/g7/admin-amendment-process/run-3/g7-admin-2dGJif/stopped-at-boundary/transactions/fbd45689-2d1e-4767-b817-13123c445f55/000004.json": "140d9cbdcd98484fb8cfafdcfea4aac145949fe239f751757a2166414c92268a",
    "evidence/g7/admin-amendment-process/run-3/g7-admin-5YrdTq/final/accepted.json": "4a9951fdcc20b3b40228b8a2ee731ee6d370906d7f2155b978bba4e56eb617fa",
    "evidence/g7/admin-amendment-process/run-3/g7-admin-5YrdTq/final/floor.json": "25641eea881e0c43e1a239ee17c0b107d3b607e76c0711966f6abfc24ea7de40",
    "evidence/g7/admin-amendment-process/run-3/g7-admin-5YrdTq/final/hashes.json": "d249baadbeff6b8651f60b44ead97be0f1115554e972a8c5d0ec1bae045e2cc1",
    "evidence/g7/admin-amendment-process/run-3/g7-admin-5YrdTq/final/identity.json": "0ff886b18c4e894fc80db8a0ab34883cc3b15d438bd5de14c4d75065722e22a3",
    "evidence/g7/admin-amendment-process/run-3/g7-admin-5YrdTq/final/supervision/incarnation.json": "f0fd155ecf27b78eb9bb8cb3330fc9991642720a69a164bff49af62d216f06be",
    "evidence/g7/admin-amendment-process/run-3/g7-admin-5YrdTq/final/transactions/576bc51d-cff5-44cd-bad2-33476f5d8f5c/000001.json": "5ce1320bff401cc3fa8d861798bbf94153741b02f21dc0932d1bf5206879b9e8",
    "evidence/g7/admin-amendment-process/run-3/g7-admin-5YrdTq/final/transactions/576bc51d-cff5-44cd-bad2-33476f5d8f5c/000002.json": "a282da60085eaa1b0c735531f13258452fa77f465b28c9380bd2fcbfaee4d145",
    "evidence/g7/admin-amendment-process/run-3/g7-admin-5YrdTq/final/transactions/576bc51d-cff5-44cd-bad2-33476f5d8f5c/000003.json": "8ff6a69b323387db62d3610c0c56a2c4d2b21c45c6dadc1c793635148d20ef65",
    "evidence/g7/admin-amendment-process/run-3/g7-admin-5YrdTq/final/transactions/576bc51d-cff5-44cd-bad2-33476f5d8f5c/000004.json": "2e637381463c8e107d6e9f33eafe7d9a824c9540f2c2e33f3b521f60a49ca5a6",
    "evidence/g7/admin-amendment-process/run-3/g7-admin-5YrdTq/stderr.log": "e3b0c44298fc1c149afbf4c8996fb92427ae41e4649b934ca495991b7852b855",
    "evidence/g7/admin-amendment-process/run-3/g7-admin-6zXsFI/final/floor.json": "d324198369827bc440925b99ffed34eb8230ffb9a7fc00a5af8cf43c6500ace4",
    "evidence/g7/admin-amendment-process/run-3/g7-admin-6zXsFI/final/hashes.json": "bee2f1562e017fd17d7c8993bb523cd8462ea5a556cee10ef4d466feee505b07",
    "evidence/g7/admin-amendment-process/run-3/g7-admin-6zXsFI/final/identity.json": "0c405ce2f8b0c613574a025ed0f2ac2690fb113e57a2ed72898dec2b6314061a",
    "evidence/g7/admin-amendment-process/run-3/g7-admin-6zXsFI/final/next-f7ca9690-97f6-490f-ae1b-6dca6f04f392": "2784f2e3a3c9d597d28e6bdb80cf0d1bfbcd360946bac67b32e0cc244f6940d0",
    "evidence/g7/admin-amendment-process/run-3/g7-admin-6zXsFI/final/supervision/incarnation.json": "daace3641694568f26f4d1510f6edddc3cf3e17f16f3c6338610899bd826763d",
    "evidence/g7/admin-amendment-process/run-3/g7-admin-6zXsFI/final/transactions/a45b9184-5492-4fd5-a551-628e819a835f/000001.json": "4bada1c9f6f51c9bae8371ba37cfc4763ddf3d2d1e546a6ebd392a6d6e0c7684",
    "evidence/g7/admin-amendment-process/run-3/g7-admin-6zXsFI/final/transactions/a45b9184-5492-4fd5-a551-628e819a835f/000002.json": "ddd9e1dc3304f1104f722444674ce19e7c38e3b14951633907887805bcfc25cd",
    "evidence/g7/admin-amendment-process/run-3/g7-admin-6zXsFI/final/transactions/a45b9184-5492-4fd5-a551-628e819a835f/000003.json": "4b5fbf0f62044d5c539068be195be12d8430ab4005238635d2be0875fed49c33",
    "evidence/g7/admin-amendment-process/run-3/g7-admin-6zXsFI/stderr.log": "e3b0c44298fc1c149afbf4c8996fb92427ae41e4649b934ca495991b7852b855",
    "evidence/g7/admin-amendment-process/run-3/g7-admin-6zXsFI/stopped-at-boundary/floor.json": "d324198369827bc440925b99ffed34eb8230ffb9a7fc00a5af8cf43c6500ace4",
    "evidence/g7/admin-amendment-process/run-3/g7-admin-6zXsFI/stopped-at-boundary/hashes.json": "bee2f1562e017fd17d7c8993bb523cd8462ea5a556cee10ef4d466feee505b07",
    "evidence/g7/admin-amendment-process/run-3/g7-admin-6zXsFI/stopped-at-boundary/identity.json": "0c405ce2f8b0c613574a025ed0f2ac2690fb113e57a2ed72898dec2b6314061a",
    "evidence/g7/admin-amendment-process/run-3/g7-admin-6zXsFI/stopped-at-boundary/next-f7ca9690-97f6-490f-ae1b-6dca6f04f392": "2784f2e3a3c9d597d28e6bdb80cf0d1bfbcd360946bac67b32e0cc244f6940d0",
    "evidence/g7/admin-amendment-process/run-3/g7-admin-6zXsFI/stopped-at-boundary/supervision/incarnation.json": "daace3641694568f26f4d1510f6edddc3cf3e17f16f3c6338610899bd826763d",
    "evidence/g7/admin-amendment-process/run-3/g7-admin-6zXsFI/stopped-at-boundary/transactions/a45b9184-5492-4fd5-a551-628e819a835f/000001.json": "4bada1c9f6f51c9bae8371ba37cfc4763ddf3d2d1e546a6ebd392a6d6e0c7684",
    "evidence/g7/admin-amendment-process/run-3/g7-admin-6zXsFI/stopped-at-boundary/transactions/a45b9184-5492-4fd5-a551-628e819a835f/000002.json": "ddd9e1dc3304f1104f722444674ce19e7c38e3b14951633907887805bcfc25cd",
    "evidence/g7/admin-amendment-process/run-3/g7-admin-6zXsFI/stopped-at-boundary/transactions/a45b9184-5492-4fd5-a551-628e819a835f/000003.json": "4b5fbf0f62044d5c539068be195be12d8430ab4005238635d2be0875fed49c33",
    "evidence/g7/admin-amendment-process/run-3/g7-admin-G1fNYZ/final/accepted.json": "baa5b9db2dc4dbba65f443dbf0db85798238ab962a0b70a6c1482b078d70d715",
    "evidence/g7/admin-amendment-process/run-3/g7-admin-G1fNYZ/final/floor.json": "182b4dec5f6d75ed2e2041c8c184176277bcadf0837c159b673e8e466f912743",
    "evidence/g7/admin-amendment-process/run-3/g7-admin-G1fNYZ/final/hashes.json": "36f68bcec23ec1fc5b725180df236db86c2fb82223bd14be6dad5ce19d203b96",
    "evidence/g7/admin-amendment-process/run-3/g7-admin-G1fNYZ/final/identity.json": "c2c67874835b3a8e04fd801cf61e5dfa625740da8d13b73f45f6a2020ae4e7a4",
    "evidence/g7/admin-amendment-process/run-3/g7-admin-G1fNYZ/final/supervision/incarnation.json": "dfe5a389dbf46be23ebe8c3e4751502528dd0067da53c0a3fffb70603dab86fd",
    "evidence/g7/admin-amendment-process/run-3/g7-admin-G1fNYZ/final/transactions/44120b5a-6fca-4bdc-8068-d4d28749c8c1/000001.json": "5304ab5bb326f636f2308a7f294373f2b856ab1cd7b635847a2158774ded887c",
    "evidence/g7/admin-amendment-process/run-3/g7-admin-G1fNYZ/final/transactions/44120b5a-6fca-4bdc-8068-d4d28749c8c1/000002.json": "7b66c6a51c3fdc50b461fc942911aa7950b8b8cda3d7999bd7a3530ba747ffd9",
    "evidence/g7/admin-amendment-process/run-3/g7-admin-G1fNYZ/final/transactions/44120b5a-6fca-4bdc-8068-d4d28749c8c1/000003.json": "10156b863b4096e7a91115a2bdcc8f8343f291c2cff79b2f49e347dd9c561c38",
    "evidence/g7/admin-amendment-process/run-3/g7-admin-G1fNYZ/final/transactions/44120b5a-6fca-4bdc-8068-d4d28749c8c1/000004.json": "0f9e646488dbf7b5005596680ed0f07a8b42f0a1e95c6463a60a5e1be65f1e78",
    "evidence/g7/admin-amendment-process/run-3/g7-admin-G1fNYZ/stderr.log": "e3b0c44298fc1c149afbf4c8996fb92427ae41e4649b934ca495991b7852b855",
    "evidence/g7/admin-amendment-process/run-3/g7-admin-IDTSNs/final/accepted.json": "aeaa0d3378c8ffc6eb36bec3b455a0a212459eda00441c02ff7dc376eada6f9c",
    "evidence/g7/admin-amendment-process/run-3/g7-admin-IDTSNs/final/floor.json": "62bdb0fd4a36c33337702248b2a1ce7a57346067c676e05ff69e53b10454c3a3",
    "evidence/g7/admin-amendment-process/run-3/g7-admin-IDTSNs/final/hashes.json": "7d1e11a87e3f44905ecbeb4fd8555b1fc929fc5e10e9b0d0a3a95577e6e84977",
    "evidence/g7/admin-amendment-process/run-3/g7-admin-IDTSNs/final/identity.json": "986237b57661a4b185417e46832f9875e8e69bd5561ad1da5ef47fe767230513",
    "evidence/g7/admin-amendment-process/run-3/g7-admin-IDTSNs/final/supervision/incarnation.json": "d2244b1e01481e67e5212b4c3d62894a3896037889243ca1980cce019da68c75",
    "evidence/g7/admin-amendment-process/run-3/g7-admin-IDTSNs/final/transactions/93756536-f21e-4a14-a2d6-ee2701c53f9c/000001.json": "ef42c3507a6f5f32d0b39a68b6a8bb41a6603b092d441b3eab8448b690fde84c",
    "evidence/g7/admin-amendment-process/run-3/g7-admin-IDTSNs/final/transactions/93756536-f21e-4a14-a2d6-ee2701c53f9c/000002.json": "bc117fcff530bffb1232325ca1a84aa471d36aa62b58c23193e9ea4e408856a2",
    "evidence/g7/admin-amendment-process/run-3/g7-admin-IDTSNs/final/transactions/93756536-f21e-4a14-a2d6-ee2701c53f9c/000003.json": "c6f3563359691df6de7dff767f4b171e38bbe55ceb9531832d1b040bc3f51c20",
    "evidence/g7/admin-amendment-process/run-3/g7-admin-IDTSNs/final/transactions/93756536-f21e-4a14-a2d6-ee2701c53f9c/000004.json": "6f862b5f824356c4265b03d2a88c4e4680db2ebc5b24f1b146f598ec19a52609",
    "evidence/g7/admin-amendment-process/run-3/g7-admin-IDTSNs/stderr.log": "e3b0c44298fc1c149afbf4c8996fb92427ae41e4649b934ca495991b7852b855",
    "evidence/g7/admin-amendment-process/run-3/g7-admin-JQQ7zS/final/accepted.json": "0e8bb44aea237b929dc5c3f9478167c0757f66a670c260dec1ee4eeae44f71b9",
    "evidence/g7/admin-amendment-process/run-3/g7-admin-JQQ7zS/final/floor.json": "75d4c12616e6b514899dc73bdc9d667e199a407eed845d5d80c4f4030e0d9560",
    "evidence/g7/admin-amendment-process/run-3/g7-admin-JQQ7zS/final/hashes.json": "3283c69f14776e6bbdfc0bad9da3f61131c511fc32f0de47f01fca75b7fede6e",
    "evidence/g7/admin-amendment-process/run-3/g7-admin-JQQ7zS/final/identity.json": "c7b141d23ddaf9525cd98c2306b6c890cb6d0c93d21c6464cc99548a2ea37b90",
    "evidence/g7/admin-amendment-process/run-3/g7-admin-JQQ7zS/final/supervision/incarnation.json": "45147ba784e36714e9478b4f873bef59069e947c9ce2afe38c75e203ff5ff6e9",
    "evidence/g7/admin-amendment-process/run-3/g7-admin-JQQ7zS/final/transactions/42073ab4-9fb1-4603-83fb-735f9f6f5330/000001.json": "046166650434ce0138fe5946a28375ceb434eb6d97ddebff902f261d541d4ddf",
    "evidence/g7/admin-amendment-process/run-3/g7-admin-JQQ7zS/final/transactions/42073ab4-9fb1-4603-83fb-735f9f6f5330/000002.json": "59dc84bb7c2444a7c3b80dd89a688c32c6c94b2ea4bb1aa2bbdbd94c7ebfad48",
    "evidence/g7/admin-amendment-process/run-3/g7-admin-JQQ7zS/final/transactions/42073ab4-9fb1-4603-83fb-735f9f6f5330/000003.json": "23e896b46dbcd5a971e956e0ceda75130df2d4956d33770b6e628361acbce135",
    "evidence/g7/admin-amendment-process/run-3/g7-admin-JQQ7zS/stderr.log": "e3b0c44298fc1c149afbf4c8996fb92427ae41e4649b934ca495991b7852b855",
    "evidence/g7/admin-amendment-process/run-3/g7-admin-JQQ7zS/stopped-at-boundary/accepted.json": "0e8bb44aea237b929dc5c3f9478167c0757f66a670c260dec1ee4eeae44f71b9",
    "evidence/g7/admin-amendment-process/run-3/g7-admin-JQQ7zS/stopped-at-boundary/floor.json": "75d4c12616e6b514899dc73bdc9d667e199a407eed845d5d80c4f4030e0d9560",
    "evidence/g7/admin-amendment-process/run-3/g7-admin-JQQ7zS/stopped-at-boundary/hashes.json": "3283c69f14776e6bbdfc0bad9da3f61131c511fc32f0de47f01fca75b7fede6e",
    "evidence/g7/admin-amendment-process/run-3/g7-admin-JQQ7zS/stopped-at-boundary/identity.json": "c7b141d23ddaf9525cd98c2306b6c890cb6d0c93d21c6464cc99548a2ea37b90",
    "evidence/g7/admin-amendment-process/run-3/g7-admin-JQQ7zS/stopped-at-boundary/supervision/incarnation.json": "45147ba784e36714e9478b4f873bef59069e947c9ce2afe38c75e203ff5ff6e9",
    "evidence/g7/admin-amendment-process/run-3/g7-admin-JQQ7zS/stopped-at-boundary/transactions/42073ab4-9fb1-4603-83fb-735f9f6f5330/000001.json": "046166650434ce0138fe5946a28375ceb434eb6d97ddebff902f261d541d4ddf",
    "evidence/g7/admin-amendment-process/run-3/g7-admin-JQQ7zS/stopped-at-boundary/transactions/42073ab4-9fb1-4603-83fb-735f9f6f5330/000002.json": "59dc84bb7c2444a7c3b80dd89a688c32c6c94b2ea4bb1aa2bbdbd94c7ebfad48",
    "evidence/g7/admin-amendment-process/run-3/g7-admin-JQQ7zS/stopped-at-boundary/transactions/42073ab4-9fb1-4603-83fb-735f9f6f5330/000003.json": "23e896b46dbcd5a971e956e0ceda75130df2d4956d33770b6e628361acbce135",
    "evidence/g7/admin-amendment-process/run-3/g7-admin-NR57iN/final/accepted.json": "e0c3479e44286ee497386b25acc043f2da7108d2885d81a7570b9a16f9f3bda9",
    "evidence/g7/admin-amendment-process/run-3/g7-admin-NR57iN/final/floor.json": "c3c1f31c24655e0008ea09277573db0fe8dce3ff768ecea14ced75f87769cf92",
    "evidence/g7/admin-amendment-process/run-3/g7-admin-NR57iN/final/hashes.json": "e16b59b1275d8636e4014af2510395759cda3d7b128ee5b7e5451fc92a06404b",
    "evidence/g7/admin-amendment-process/run-3/g7-admin-NR57iN/final/identity.json": "9f7cd9a7593683bf81f4c82bdb24b13ccdfd4418e9aedf2e09f9bfb31eec9e59",
    "evidence/g7/admin-amendment-process/run-3/g7-admin-NR57iN/final/supervision/incarnation.json": "0dd3c1ab3eb918b1770332b14d221b39d6d60217d21c8aefa7a951ca5fca1517",
    "evidence/g7/admin-amendment-process/run-3/g7-admin-NR57iN/final/transactions/f5892ccc-6fc1-446d-9012-8c5a90e782e1/000001.json": "4e9dea3053d7ce809df81aeaee8e072d59fab6a74cb9d5f6a4e7f3e46608c9bc",
    "evidence/g7/admin-amendment-process/run-3/g7-admin-NR57iN/final/transactions/f5892ccc-6fc1-446d-9012-8c5a90e782e1/000002.json": "ed8f44b360d3d73acf852993e7ad0c80e2bdfe7316b142a5296c5b68cb0d8df6",
    "evidence/g7/admin-amendment-process/run-3/g7-admin-NR57iN/final/transactions/f5892ccc-6fc1-446d-9012-8c5a90e782e1/000003.json": "d8c9d3ae957858a0024f93574e44233535a7c69e00f9272cdba190d932980223",
    "evidence/g7/admin-amendment-process/run-3/g7-admin-NR57iN/final/transactions/f5892ccc-6fc1-446d-9012-8c5a90e782e1/000004.json": "d7d4044e1a633535b83f1fd97bd3dd267fff0381df720df6294dd90918259614",
    "evidence/g7/admin-amendment-process/run-3/g7-admin-NR57iN/original/accepted.json": "e0c3479e44286ee497386b25acc043f2da7108d2885d81a7570b9a16f9f3bda9",
    "evidence/g7/admin-amendment-process/run-3/g7-admin-NR57iN/original/floor.json": "1dd295250bc44472a0fffed5e4fe1c49e1c1bb666351bdd6f1e0506ea283431b",
    "evidence/g7/admin-amendment-process/run-3/g7-admin-NR57iN/original/hashes.json": "001be57830b75b63f6b40d060f9921fee02b71fe5c9c1af6b720e8e3e86180ba",
    "evidence/g7/admin-amendment-process/run-3/g7-admin-NR57iN/original/identity.json": "9f7cd9a7593683bf81f4c82bdb24b13ccdfd4418e9aedf2e09f9bfb31eec9e59",
    "evidence/g7/admin-amendment-process/run-3/g7-admin-NR57iN/original/supervision/incarnation.json": "0dd3c1ab3eb918b1770332b14d221b39d6d60217d21c8aefa7a951ca5fca1517",
    "evidence/g7/admin-amendment-process/run-3/g7-admin-NR57iN/original/transactions/f5892ccc-6fc1-446d-9012-8c5a90e782e1/000001.json": "4e9dea3053d7ce809df81aeaee8e072d59fab6a74cb9d5f6a4e7f3e46608c9bc",
    "evidence/g7/admin-amendment-process/run-3/g7-admin-NR57iN/original/transactions/f5892ccc-6fc1-446d-9012-8c5a90e782e1/000002.json": "ed8f44b360d3d73acf852993e7ad0c80e2bdfe7316b142a5296c5b68cb0d8df6",
    "evidence/g7/admin-amendment-process/run-3/g7-admin-NR57iN/original/transactions/f5892ccc-6fc1-446d-9012-8c5a90e782e1/000003.json": "d8c9d3ae957858a0024f93574e44233535a7c69e00f9272cdba190d932980223",
    "evidence/g7/admin-amendment-process/run-3/g7-admin-NR57iN/original/transactions/f5892ccc-6fc1-446d-9012-8c5a90e782e1/000004.json": "d7d4044e1a633535b83f1fd97bd3dd267fff0381df720df6294dd90918259614",
    "evidence/g7/admin-amendment-process/run-3/g7-admin-NR57iN/stderr.log": "e3b0c44298fc1c149afbf4c8996fb92427ae41e4649b934ca495991b7852b855",
    "evidence/g7/admin-amendment-process/run-3/g7-admin-NR57iN/stopped-at-boundary/accepted.json": "e0c3479e44286ee497386b25acc043f2da7108d2885d81a7570b9a16f9f3bda9",
    "evidence/g7/admin-amendment-process/run-3/g7-admin-NR57iN/stopped-at-boundary/floor.json": "c3c1f31c24655e0008ea09277573db0fe8dce3ff768ecea14ced75f87769cf92",
    "evidence/g7/admin-amendment-process/run-3/g7-admin-NR57iN/stopped-at-boundary/hashes.json": "e16b59b1275d8636e4014af2510395759cda3d7b128ee5b7e5451fc92a06404b",
    "evidence/g7/admin-amendment-process/run-3/g7-admin-NR57iN/stopped-at-boundary/identity.json": "9f7cd9a7593683bf81f4c82bdb24b13ccdfd4418e9aedf2e09f9bfb31eec9e59",
    "evidence/g7/admin-amendment-process/run-3/g7-admin-NR57iN/stopped-at-boundary/supervision/incarnation.json": "0dd3c1ab3eb918b1770332b14d221b39d6d60217d21c8aefa7a951ca5fca1517",
    "evidence/g7/admin-amendment-process/run-3/g7-admin-NR57iN/stopped-at-boundary/transactions/f5892ccc-6fc1-446d-9012-8c5a90e782e1/000001.json": "4e9dea3053d7ce809df81aeaee8e072d59fab6a74cb9d5f6a4e7f3e46608c9bc",
    "evidence/g7/admin-amendment-process/run-3/g7-admin-NR57iN/stopped-at-boundary/transactions/f5892ccc-6fc1-446d-9012-8c5a90e782e1/000002.json": "ed8f44b360d3d73acf852993e7ad0c80e2bdfe7316b142a5296c5b68cb0d8df6",
    "evidence/g7/admin-amendment-process/run-3/g7-admin-NR57iN/stopped-at-boundary/transactions/f5892ccc-6fc1-446d-9012-8c5a90e782e1/000003.json": "d8c9d3ae957858a0024f93574e44233535a7c69e00f9272cdba190d932980223",
    "evidence/g7/admin-amendment-process/run-3/g7-admin-NR57iN/stopped-at-boundary/transactions/f5892ccc-6fc1-446d-9012-8c5a90e782e1/000004.json": "d7d4044e1a633535b83f1fd97bd3dd267fff0381df720df6294dd90918259614",
    "evidence/g7/admin-amendment-process/run-3/g7-admin-QqFpu5/final/accepted.json": "bda323e00fe0c38e0e5b0b762fc5aefd6121d79c68afe94bf267ea8a3b34bbec",
    "evidence/g7/admin-amendment-process/run-3/g7-admin-QqFpu5/final/floor.json": "6b03f450a8115ad8f49e76d75f14908299da3d866ce22c99065c99ab83e2b38b",
    "evidence/g7/admin-amendment-process/run-3/g7-admin-QqFpu5/final/hashes.json": "9a3ff471961b0ff49f5c4b3ea799e7a0647eb8af5f4ce49b0d3400a30ecf6953",
    "evidence/g7/admin-amendment-process/run-3/g7-admin-QqFpu5/final/identity.json": "3c4121490cb314d1129a6e8be2b76eb18f3fa3e0ddda2c07f8ace85753fb55eb",
    "evidence/g7/admin-amendment-process/run-3/g7-admin-QqFpu5/final/next-7c479fb5-5168-4e9c-96af-1c8328d0ff60": "bda323e00fe0c38e0e5b0b762fc5aefd6121d79c68afe94bf267ea8a3b34bbec",
    "evidence/g7/admin-amendment-process/run-3/g7-admin-QqFpu5/final/supervision/incarnation.json": "49b5cf89f78daeb5725ea15725ea3339eeee29d8309757f7f4cf20e4ff861a2c",
    "evidence/g7/admin-amendment-process/run-3/g7-admin-QqFpu5/final/transactions/cf51e7b6-dbbe-4c49-99c0-8f7caa6eb5b7/000001.json": "b53458b558f235f5d675fc1f7d6e28f561718a8f244dc047882df79cd00d61d0",
    "evidence/g7/admin-amendment-process/run-3/g7-admin-QqFpu5/final/transactions/cf51e7b6-dbbe-4c49-99c0-8f7caa6eb5b7/000002.json": "1e9f745d7a3f584f5eb6597969bb2e7f11b6c37a7a2f809f8c6697f489f2e5d3",
    "evidence/g7/admin-amendment-process/run-3/g7-admin-QqFpu5/final/transactions/cf51e7b6-dbbe-4c49-99c0-8f7caa6eb5b7/000003.json": "184121a55063a9e4d08f3e640902d53f42d92c297d5b401955468dedd6f4bf1e",
    "evidence/g7/admin-amendment-process/run-3/g7-admin-QqFpu5/final/transactions/cf51e7b6-dbbe-4c49-99c0-8f7caa6eb5b7/000004.json": "c119d61f32843504bf00a9dc05416d4f3a7c72be7934490d24cb1fda30bafb95",
    "evidence/g7/admin-amendment-process/run-3/g7-admin-QqFpu5/original/accepted.json": "bda323e00fe0c38e0e5b0b762fc5aefd6121d79c68afe94bf267ea8a3b34bbec",
    "evidence/g7/admin-amendment-process/run-3/g7-admin-QqFpu5/original/floor.json": "161733ee05f2d79dfba9fbc618f875eb6be5da9de37bff47b6bbe3b1404e1a65",
    "evidence/g7/admin-amendment-process/run-3/g7-admin-QqFpu5/original/hashes.json": "455055e00b5028a8fd438b70c7130403c60c9c48ff626d15f0d7198734fb62ae",
    "evidence/g7/admin-amendment-process/run-3/g7-admin-QqFpu5/original/identity.json": "3c4121490cb314d1129a6e8be2b76eb18f3fa3e0ddda2c07f8ace85753fb55eb",
    "evidence/g7/admin-amendment-process/run-3/g7-admin-QqFpu5/original/supervision/incarnation.json": "49b5cf89f78daeb5725ea15725ea3339eeee29d8309757f7f4cf20e4ff861a2c",
    "evidence/g7/admin-amendment-process/run-3/g7-admin-QqFpu5/original/transactions/cf51e7b6-dbbe-4c49-99c0-8f7caa6eb5b7/000001.json": "b53458b558f235f5d675fc1f7d6e28f561718a8f244dc047882df79cd00d61d0",
    "evidence/g7/admin-amendment-process/run-3/g7-admin-QqFpu5/original/transactions/cf51e7b6-dbbe-4c49-99c0-8f7caa6eb5b7/000002.json": "1e9f745d7a3f584f5eb6597969bb2e7f11b6c37a7a2f809f8c6697f489f2e5d3",
    "evidence/g7/admin-amendment-process/run-3/g7-admin-QqFpu5/original/transactions/cf51e7b6-dbbe-4c49-99c0-8f7caa6eb5b7/000003.json": "184121a55063a9e4d08f3e640902d53f42d92c297d5b401955468dedd6f4bf1e",
    "evidence/g7/admin-amendment-process/run-3/g7-admin-QqFpu5/original/transactions/cf51e7b6-dbbe-4c49-99c0-8f7caa6eb5b7/000004.json": "c119d61f32843504bf00a9dc05416d4f3a7c72be7934490d24cb1fda30bafb95",
    "evidence/g7/admin-amendment-process/run-3/g7-admin-QqFpu5/stderr.log": "e3b0c44298fc1c149afbf4c8996fb92427ae41e4649b934ca495991b7852b855",
    "evidence/g7/admin-amendment-process/run-3/g7-admin-QqFpu5/stopped-at-boundary/accepted.json": "bda323e00fe0c38e0e5b0b762fc5aefd6121d79c68afe94bf267ea8a3b34bbec",
    "evidence/g7/admin-amendment-process/run-3/g7-admin-QqFpu5/stopped-at-boundary/floor.json": "6b03f450a8115ad8f49e76d75f14908299da3d866ce22c99065c99ab83e2b38b",
    "evidence/g7/admin-amendment-process/run-3/g7-admin-QqFpu5/stopped-at-boundary/hashes.json": "9a3ff471961b0ff49f5c4b3ea799e7a0647eb8af5f4ce49b0d3400a30ecf6953",
    "evidence/g7/admin-amendment-process/run-3/g7-admin-QqFpu5/stopped-at-boundary/identity.json": "3c4121490cb314d1129a6e8be2b76eb18f3fa3e0ddda2c07f8ace85753fb55eb",
    "evidence/g7/admin-amendment-process/run-3/g7-admin-QqFpu5/stopped-at-boundary/next-7c479fb5-5168-4e9c-96af-1c8328d0ff60": "bda323e00fe0c38e0e5b0b762fc5aefd6121d79c68afe94bf267ea8a3b34bbec",
    "evidence/g7/admin-amendment-process/run-3/g7-admin-QqFpu5/stopped-at-boundary/supervision/incarnation.json": "49b5cf89f78daeb5725ea15725ea3339eeee29d8309757f7f4cf20e4ff861a2c",
    "evidence/g7/admin-amendment-process/run-3/g7-admin-QqFpu5/stopped-at-boundary/transactions/cf51e7b6-dbbe-4c49-99c0-8f7caa6eb5b7/000001.json": "b53458b558f235f5d675fc1f7d6e28f561718a8f244dc047882df79cd00d61d0",
    "evidence/g7/admin-amendment-process/run-3/g7-admin-QqFpu5/stopped-at-boundary/transactions/cf51e7b6-dbbe-4c49-99c0-8f7caa6eb5b7/000002.json": "1e9f745d7a3f584f5eb6597969bb2e7f11b6c37a7a2f809f8c6697f489f2e5d3",
    "evidence/g7/admin-amendment-process/run-3/g7-admin-QqFpu5/stopped-at-boundary/transactions/cf51e7b6-dbbe-4c49-99c0-8f7caa6eb5b7/000003.json": "184121a55063a9e4d08f3e640902d53f42d92c297d5b401955468dedd6f4bf1e",
    "evidence/g7/admin-amendment-process/run-3/g7-admin-QqFpu5/stopped-at-boundary/transactions/cf51e7b6-dbbe-4c49-99c0-8f7caa6eb5b7/000004.json": "c119d61f32843504bf00a9dc05416d4f3a7c72be7934490d24cb1fda30bafb95",
    "evidence/g7/admin-amendment-process/run-3/g7-admin-Sk9kuf/final/accepted.json": "3583c57f9060006ac31c910058928bed90eac2146a01b6527e37701c280b18ca",
    "evidence/g7/admin-amendment-process/run-3/g7-admin-Sk9kuf/final/floor.json": "0e39a5d2169d38f8b2b3aed482cb159e3b873083d2f034f161b4bb6a3cc56383",
    "evidence/g7/admin-amendment-process/run-3/g7-admin-Sk9kuf/final/hashes.json": "6ac4643a5b755f2f5fa4f5e07f6835d40883c8f1e951f7ae73f687e51b55ff6c",
    "evidence/g7/admin-amendment-process/run-3/g7-admin-Sk9kuf/final/identity.json": "a83bdafc01c2c37565323ef4a741457712d41a1505ecf54429a4a43ac7e35a51",
    "evidence/g7/admin-amendment-process/run-3/g7-admin-Sk9kuf/final/supervision/incarnation.json": "47c3e0e3932e048084196255de12126a6295c5de66e8bfd4084212ca8dc9457e",
    "evidence/g7/admin-amendment-process/run-3/g7-admin-Sk9kuf/final/transactions/d49fc7dd-1e1a-478f-9cd4-4fa6baf21039/000001.json": "e0bf63b81222266840283f96e648753401737e8041780fd33feb6680d831da13",
    "evidence/g7/admin-amendment-process/run-3/g7-admin-Sk9kuf/final/transactions/d49fc7dd-1e1a-478f-9cd4-4fa6baf21039/000002.json": "1ff99519ca993903340936c7ff27259c1892142279ad192a52680407f6cb66a8",
    "evidence/g7/admin-amendment-process/run-3/g7-admin-Sk9kuf/final/transactions/d49fc7dd-1e1a-478f-9cd4-4fa6baf21039/000003.json": "bbd55bdd104224f2aae3758c6a489a78b22092c4d31dc41f5120abe013d8120a",
    "evidence/g7/admin-amendment-process/run-3/g7-admin-Sk9kuf/final/transactions/d49fc7dd-1e1a-478f-9cd4-4fa6baf21039/000004.json": "3a01628c67d5ea52f90e6e126b374ecf5467a012d7e93641b35f70a8f2ef44c2",
    "evidence/g7/admin-amendment-process/run-3/g7-admin-Sk9kuf/original/accepted.json": "3583c57f9060006ac31c910058928bed90eac2146a01b6527e37701c280b18ca",
    "evidence/g7/admin-amendment-process/run-3/g7-admin-Sk9kuf/original/floor.json": "0e39a5d2169d38f8b2b3aed482cb159e3b873083d2f034f161b4bb6a3cc56383",
    "evidence/g7/admin-amendment-process/run-3/g7-admin-Sk9kuf/original/hashes.json": "d76f5ef19a5c291d08e844f2d8638cd664a93de1ab019eb014b370f63cd848ff",
    "evidence/g7/admin-amendment-process/run-3/g7-admin-Sk9kuf/original/identity.json": "a83bdafc01c2c37565323ef4a741457712d41a1505ecf54429a4a43ac7e35a51",
    "evidence/g7/admin-amendment-process/run-3/g7-admin-Sk9kuf/original/supervision/incarnation.json": "47c3e0e3932e048084196255de12126a6295c5de66e8bfd4084212ca8dc9457e",
    "evidence/g7/admin-amendment-process/run-3/g7-admin-Sk9kuf/original/transactions/d49fc7dd-1e1a-478f-9cd4-4fa6baf21039/000001.json": "e0bf63b81222266840283f96e648753401737e8041780fd33feb6680d831da13",
    "evidence/g7/admin-amendment-process/run-3/g7-admin-Sk9kuf/original/transactions/d49fc7dd-1e1a-478f-9cd4-4fa6baf21039/000002.json": "1ff99519ca993903340936c7ff27259c1892142279ad192a52680407f6cb66a8",
    "evidence/g7/admin-amendment-process/run-3/g7-admin-Sk9kuf/original/transactions/d49fc7dd-1e1a-478f-9cd4-4fa6baf21039/000003.json": "bbd55bdd104224f2aae3758c6a489a78b22092c4d31dc41f5120abe013d8120a",
    "evidence/g7/admin-amendment-process/run-3/g7-admin-Sk9kuf/original/transactions/d49fc7dd-1e1a-478f-9cd4-4fa6baf21039/000004.json": "3a01628c67d5ea52f90e6e126b374ecf5467a012d7e93641b35f70a8f2ef44c2",
    "evidence/g7/admin-amendment-process/run-3/g7-admin-Sk9kuf/stderr.log": "e3b0c44298fc1c149afbf4c8996fb92427ae41e4649b934ca495991b7852b855",
    "evidence/g7/admin-amendment-process/run-3/g7-admin-ThfLUI/final/accepted.json": "f49a6400e8610bc71765c27970da2048fcf2d37de6b85507ee567594ad2d8b79",
    "evidence/g7/admin-amendment-process/run-3/g7-admin-ThfLUI/final/floor.json": "022259a18b81f5685c5d7b45c82ac42a6de9866bb8a6eb9061a545e3eacdea1a",
    "evidence/g7/admin-amendment-process/run-3/g7-admin-ThfLUI/final/hashes.json": "ce979246cc0167f2b31aeb4c0185c168e51d03e602a79818f9284a762a60efa9",
    "evidence/g7/admin-amendment-process/run-3/g7-admin-ThfLUI/final/identity.json": "88c75aeef25d0975afe9bcd4960690dc9f9bf3b53442eb06e0199e7429519afb",
    "evidence/g7/admin-amendment-process/run-3/g7-admin-ThfLUI/final/supervision/incarnation.json": "bba5cefbe62e087dd5497a52e7a0aa87291ddd502410fed271513282abe1371e",
    "evidence/g7/admin-amendment-process/run-3/g7-admin-ThfLUI/final/transactions/b875b7a2-5214-42b6-ad11-48550b6721ae/000001.json": "6f2984e486dcf260e9685c7114b6a0c975d137045a00c24fb5dc8ff503f94dda",
    "evidence/g7/admin-amendment-process/run-3/g7-admin-ThfLUI/final/transactions/b875b7a2-5214-42b6-ad11-48550b6721ae/000002.json": "4266f14a35088d700383be41586d98499e52e5c7e35bbce780da7f2e451e37f3",
    "evidence/g7/admin-amendment-process/run-3/g7-admin-ThfLUI/final/transactions/b875b7a2-5214-42b6-ad11-48550b6721ae/000003.json": "c58cbcd98e6c0c31ddf229a8230de19c1bc8e70e985b652bb4605d315549dda4",
    "evidence/g7/admin-amendment-process/run-3/g7-admin-ThfLUI/final/transactions/b875b7a2-5214-42b6-ad11-48550b6721ae/000004.json": "af0a2693344b06e1236f89ce61af1aa16904b0704007a70fddfa70b0cff8d21b",
    "evidence/g7/admin-amendment-process/run-3/g7-admin-ThfLUI/stderr.log": "e3b0c44298fc1c149afbf4c8996fb92427ae41e4649b934ca495991b7852b855",
    "evidence/g7/admin-amendment-process/run-3/g7-admin-WhGvog/final/accepted.json": "91d4f2be99be2813f8e64ce28bfc4733a7629273e57e99481e4ee72a792fb258",
    "evidence/g7/admin-amendment-process/run-3/g7-admin-WhGvog/final/floor.json": "eabddc838f4a35ccbccd0a048f742db7fe45c4868834c426b80cdab05b2a390e",
    "evidence/g7/admin-amendment-process/run-3/g7-admin-WhGvog/final/hashes.json": "c92c4b589b8df77f0c76f05bdd50b4348ec438e7dd5fe4726f2f1bb2b90b8086",
    "evidence/g7/admin-amendment-process/run-3/g7-admin-WhGvog/final/identity.json": "7c282de73ed8fa9b33a9d199d1b2c3e3b265d503a2d74588055a86ef4ce470f1",
    "evidence/g7/admin-amendment-process/run-3/g7-admin-WhGvog/final/supervision/incarnation.json": "9e94d0900b986a17d254e15805023b6b65121eab963454e67a83cee3bb12c107",
    "evidence/g7/admin-amendment-process/run-3/g7-admin-WhGvog/final/transactions/7051e019-7d2c-4abd-b961-4709db18beaa/000001.json": "760cffbb828d134b1775f1ee4ec159032897b16664295c9c8f4724d24966213a",
    "evidence/g7/admin-amendment-process/run-3/g7-admin-WhGvog/final/transactions/7051e019-7d2c-4abd-b961-4709db18beaa/000002.json": "1b1291ca764c4ccb9eb230be15aaf25e02a2a156b539c08c77ecacf5feaf6ce1",
    "evidence/g7/admin-amendment-process/run-3/g7-admin-WhGvog/final/transactions/7051e019-7d2c-4abd-b961-4709db18beaa/000003.json": "7dcbd595e01a9775fd6fd80b78ffb90ca2954b7282b4fef344fbdedc696ed858",
    "evidence/g7/admin-amendment-process/run-3/g7-admin-WhGvog/stderr.log": "e3b0c44298fc1c149afbf4c8996fb92427ae41e4649b934ca495991b7852b855",
    "evidence/g7/admin-amendment-process/run-3/g7-admin-WhGvog/stopped-at-boundary/accepted.json": "91d4f2be99be2813f8e64ce28bfc4733a7629273e57e99481e4ee72a792fb258",
    "evidence/g7/admin-amendment-process/run-3/g7-admin-WhGvog/stopped-at-boundary/floor.json": "eabddc838f4a35ccbccd0a048f742db7fe45c4868834c426b80cdab05b2a390e",
    "evidence/g7/admin-amendment-process/run-3/g7-admin-WhGvog/stopped-at-boundary/hashes.json": "c92c4b589b8df77f0c76f05bdd50b4348ec438e7dd5fe4726f2f1bb2b90b8086",
    "evidence/g7/admin-amendment-process/run-3/g7-admin-WhGvog/stopped-at-boundary/identity.json": "7c282de73ed8fa9b33a9d199d1b2c3e3b265d503a2d74588055a86ef4ce470f1",
    "evidence/g7/admin-amendment-process/run-3/g7-admin-WhGvog/stopped-at-boundary/supervision/incarnation.json": "9e94d0900b986a17d254e15805023b6b65121eab963454e67a83cee3bb12c107",
    "evidence/g7/admin-amendment-process/run-3/g7-admin-WhGvog/stopped-at-boundary/transactions/7051e019-7d2c-4abd-b961-4709db18beaa/000001.json": "760cffbb828d134b1775f1ee4ec159032897b16664295c9c8f4724d24966213a",
    "evidence/g7/admin-amendment-process/run-3/g7-admin-WhGvog/stopped-at-boundary/transactions/7051e019-7d2c-4abd-b961-4709db18beaa/000002.json": "1b1291ca764c4ccb9eb230be15aaf25e02a2a156b539c08c77ecacf5feaf6ce1",
    "evidence/g7/admin-amendment-process/run-3/g7-admin-WhGvog/stopped-at-boundary/transactions/7051e019-7d2c-4abd-b961-4709db18beaa/000003.json": "7dcbd595e01a9775fd6fd80b78ffb90ca2954b7282b4fef344fbdedc696ed858",
    "evidence/g7/admin-amendment-process/run-3/g7-admin-b3CBrj/final/accepted.json": "037051dd5de155b3decb78b45372cd2b5b623f644fb0924a22932ddc42735c50",
    "evidence/g7/admin-amendment-process/run-3/g7-admin-b3CBrj/final/floor.json": "c178c0bc7f56f23c95196d361e7b914359b406058fbb7cf1dc755bcc0d576177",
    "evidence/g7/admin-amendment-process/run-3/g7-admin-b3CBrj/final/hashes.json": "30b06fbb6ac4191ca3de1f86d962b73af62c380c50f72667f3ce5b6a4605c0f4",
    "evidence/g7/admin-amendment-process/run-3/g7-admin-b3CBrj/final/identity.json": "a678a96a06a262fad9e1ce70dfd53d0f983732fa3269e0a14e3ff2997770bb5f",
    "evidence/g7/admin-amendment-process/run-3/g7-admin-b3CBrj/final/supervision/incarnation.json": "1113288397b091563e14e58d929ae21344b6be3c273c6a5b545ebc9f59d76cdd",
    "evidence/g7/admin-amendment-process/run-3/g7-admin-b3CBrj/final/transactions/c2a53168-e267-4331-ae15-cc3d125fcedd/000001.json": "9f9709d630d6223d03a25b79c7d95a3331016cc2c00e983345a311428da7f73f",
    "evidence/g7/admin-amendment-process/run-3/g7-admin-b3CBrj/final/transactions/c2a53168-e267-4331-ae15-cc3d125fcedd/000002.json": "82cbb93c7b8ae0cbaec3459578c19dec9c6ab1b725334caddcd44d0b93f815f1",
    "evidence/g7/admin-amendment-process/run-3/g7-admin-b3CBrj/final/transactions/c2a53168-e267-4331-ae15-cc3d125fcedd/000003.json": "05bcd85021512e6ed07135eb852929b4eaa7fd1ea093528f856bdc2524125db7",
    "evidence/g7/admin-amendment-process/run-3/g7-admin-b3CBrj/final/transactions/c2a53168-e267-4331-ae15-cc3d125fcedd/000004.json": "80685f161f45700baf13bcc5e0cb32f47bfcb8411e0c5ac185e718fe41920418",
    "evidence/g7/admin-amendment-process/run-3/g7-admin-b3CBrj/original/accepted.json": "037051dd5de155b3decb78b45372cd2b5b623f644fb0924a22932ddc42735c50",
    "evidence/g7/admin-amendment-process/run-3/g7-admin-b3CBrj/original/floor.json": "c178c0bc7f56f23c95196d361e7b914359b406058fbb7cf1dc755bcc0d576177",
    "evidence/g7/admin-amendment-process/run-3/g7-admin-b3CBrj/original/hashes.json": "30b06fbb6ac4191ca3de1f86d962b73af62c380c50f72667f3ce5b6a4605c0f4",
    "evidence/g7/admin-amendment-process/run-3/g7-admin-b3CBrj/original/identity.json": "a678a96a06a262fad9e1ce70dfd53d0f983732fa3269e0a14e3ff2997770bb5f",
    "evidence/g7/admin-amendment-process/run-3/g7-admin-b3CBrj/original/supervision/incarnation.json": "1113288397b091563e14e58d929ae21344b6be3c273c6a5b545ebc9f59d76cdd",
    "evidence/g7/admin-amendment-process/run-3/g7-admin-b3CBrj/original/transactions/c2a53168-e267-4331-ae15-cc3d125fcedd/000001.json": "9f9709d630d6223d03a25b79c7d95a3331016cc2c00e983345a311428da7f73f",
    "evidence/g7/admin-amendment-process/run-3/g7-admin-b3CBrj/original/transactions/c2a53168-e267-4331-ae15-cc3d125fcedd/000002.json": "82cbb93c7b8ae0cbaec3459578c19dec9c6ab1b725334caddcd44d0b93f815f1",
    "evidence/g7/admin-amendment-process/run-3/g7-admin-b3CBrj/original/transactions/c2a53168-e267-4331-ae15-cc3d125fcedd/000003.json": "05bcd85021512e6ed07135eb852929b4eaa7fd1ea093528f856bdc2524125db7",
    "evidence/g7/admin-amendment-process/run-3/g7-admin-b3CBrj/original/transactions/c2a53168-e267-4331-ae15-cc3d125fcedd/000004.json": "80685f161f45700baf13bcc5e0cb32f47bfcb8411e0c5ac185e718fe41920418",
    "evidence/g7/admin-amendment-process/run-3/g7-admin-b3CBrj/stderr.log": "e3b0c44298fc1c149afbf4c8996fb92427ae41e4649b934ca495991b7852b855",
    "evidence/g7/admin-amendment-process/run-3/g7-admin-pb6qFM/final/floor.json": "28761e9039760eaa9ecb7d8c9a6d22286d95aa8f59f7d647ae36d11696f5d9a1",
    "evidence/g7/admin-amendment-process/run-3/g7-admin-pb6qFM/final/hashes.json": "dd57540ed13751da89e46f458e8823fddc77c4f59bb16eb89bb7f1f48812f304",
    "evidence/g7/admin-amendment-process/run-3/g7-admin-pb6qFM/final/identity.json": "8f705b8aa9ba06f9d510054460ffbc271c154998f930885cda5a61cd48d0ba2a",
    "evidence/g7/admin-amendment-process/run-3/g7-admin-pb6qFM/final/supervision/incarnation.json": "ec5286f6387134ba7a74293578af933c47f23ad95a1d4657f1621941155fb2ed",
    "evidence/g7/admin-amendment-process/run-3/g7-admin-pb6qFM/final/transactions/38e3f20a-0aee-4e67-8e41-3d05512e17d5/000001.json": "878ae8ead0fc6d792911403f9110329f405622141bd27712c07e1ab9f3480d43",
    "evidence/g7/admin-amendment-process/run-3/g7-admin-pb6qFM/final/transactions/38e3f20a-0aee-4e67-8e41-3d05512e17d5/000002.json": "84d19d60c1cc8939310601fc6ddc6f066eaf261bcfbd36f1473322f1dfa92fd2",
    "evidence/g7/admin-amendment-process/run-3/g7-admin-pb6qFM/stderr.log": "e3b0c44298fc1c149afbf4c8996fb92427ae41e4649b934ca495991b7852b855",
    "evidence/g7/admin-amendment-process/run-3/g7-admin-ttGScG/final/accepted.json": "aae44414e3a9050ac2fa54fa655fa4b41645e61abbfa94aac63e2b5e2dd27855",
    "evidence/g7/admin-amendment-process/run-3/g7-admin-ttGScG/final/floor.json": "129b00e9bdf5be378050b298f16e4157260c2da06b938de6ffc5f09f691b559a",
    "evidence/g7/admin-amendment-process/run-3/g7-admin-ttGScG/final/hashes.json": "98f3cc2410a8b64ed2fa6dfd82fb72666725935aa47506d8701d49396729741f",
    "evidence/g7/admin-amendment-process/run-3/g7-admin-ttGScG/final/identity.json": "f25c9b7eecd4adc2b481c2a479779cd581e269daaa31900b78afc75a36743485",
    "evidence/g7/admin-amendment-process/run-3/g7-admin-ttGScG/final/next-cf67c2b8-5260-4af4-aa6a-beaf8482347c": "aae44414e3a9050ac2fa54fa655fa4b41645e61abbfa94aac63e2b5e2dd27855",
    "evidence/g7/admin-amendment-process/run-3/g7-admin-ttGScG/final/supervision/incarnation.json": "75581eee606506b486186b380fca0dd7ce94c7ed2cea204b40f05c6593889381",
    "evidence/g7/admin-amendment-process/run-3/g7-admin-ttGScG/final/transactions/44c9d313-f24b-46de-aa11-2653d262573c/000001.json": "14f57d3d3b52058b655f6a5d44df8a6bcd44e0be7ca9a0935e00112db63b37b0",
    "evidence/g7/admin-amendment-process/run-3/g7-admin-ttGScG/final/transactions/44c9d313-f24b-46de-aa11-2653d262573c/000002.json": "65f45233a93cdead0913c7c7a27d084cf97bad3cd605b55a068b9284e84d746a",
    "evidence/g7/admin-amendment-process/run-3/g7-admin-ttGScG/final/transactions/44c9d313-f24b-46de-aa11-2653d262573c/000003.json": "d81c0fe2f0557b312ff66c4ed4bc5a51b031c045d619ec2d34ec640d740433fb",
    "evidence/g7/admin-amendment-process/run-3/g7-admin-ttGScG/final/transactions/44c9d313-f24b-46de-aa11-2653d262573c/000004.json": "25776463226787437e157ab6d080ad2ff49a523006de766b64ba1ab7c35b5a78",
    "evidence/g7/admin-amendment-process/run-3/g7-admin-ttGScG/original/accepted.json": "aae44414e3a9050ac2fa54fa655fa4b41645e61abbfa94aac63e2b5e2dd27855",
    "evidence/g7/admin-amendment-process/run-3/g7-admin-ttGScG/original/floor.json": "7473acf92ff2f26ae30eae1a438a3bbece40a1332f34f904a6269efce3b0ff77",
    "evidence/g7/admin-amendment-process/run-3/g7-admin-ttGScG/original/hashes.json": "abf8af154e53ce64d7fd7f51ffadcfe44e144bed89c42bb963e4b2432474a3c6",
    "evidence/g7/admin-amendment-process/run-3/g7-admin-ttGScG/original/identity.json": "f25c9b7eecd4adc2b481c2a479779cd581e269daaa31900b78afc75a36743485",
    "evidence/g7/admin-amendment-process/run-3/g7-admin-ttGScG/original/supervision/incarnation.json": "75581eee606506b486186b380fca0dd7ce94c7ed2cea204b40f05c6593889381",
    "evidence/g7/admin-amendment-process/run-3/g7-admin-ttGScG/original/transactions/44c9d313-f24b-46de-aa11-2653d262573c/000001.json": "14f57d3d3b52058b655f6a5d44df8a6bcd44e0be7ca9a0935e00112db63b37b0",
    "evidence/g7/admin-amendment-process/run-3/g7-admin-ttGScG/original/transactions/44c9d313-f24b-46de-aa11-2653d262573c/000002.json": "65f45233a93cdead0913c7c7a27d084cf97bad3cd605b55a068b9284e84d746a",
    "evidence/g7/admin-amendment-process/run-3/g7-admin-ttGScG/original/transactions/44c9d313-f24b-46de-aa11-2653d262573c/000003.json": "d81c0fe2f0557b312ff66c4ed4bc5a51b031c045d619ec2d34ec640d740433fb",
    "evidence/g7/admin-amendment-process/run-3/g7-admin-ttGScG/original/transactions/44c9d313-f24b-46de-aa11-2653d262573c/000004.json": "25776463226787437e157ab6d080ad2ff49a523006de766b64ba1ab7c35b5a78",
    "evidence/g7/admin-amendment-process/run-3/g7-admin-ttGScG/stderr.log": "e3b0c44298fc1c149afbf4c8996fb92427ae41e4649b934ca495991b7852b855",
    "evidence/g7/admin-amendment-process/run-3/g7-admin-ttGScG/stopped-at-boundary/accepted.json": "aae44414e3a9050ac2fa54fa655fa4b41645e61abbfa94aac63e2b5e2dd27855",
    "evidence/g7/admin-amendment-process/run-3/g7-admin-ttGScG/stopped-at-boundary/floor.json": "129b00e9bdf5be378050b298f16e4157260c2da06b938de6ffc5f09f691b559a",
    "evidence/g7/admin-amendment-process/run-3/g7-admin-ttGScG/stopped-at-boundary/hashes.json": "98f3cc2410a8b64ed2fa6dfd82fb72666725935aa47506d8701d49396729741f",
    "evidence/g7/admin-amendment-process/run-3/g7-admin-ttGScG/stopped-at-boundary/identity.json": "f25c9b7eecd4adc2b481c2a479779cd581e269daaa31900b78afc75a36743485",
    "evidence/g7/admin-amendment-process/run-3/g7-admin-ttGScG/stopped-at-boundary/next-cf67c2b8-5260-4af4-aa6a-beaf8482347c": "aae44414e3a9050ac2fa54fa655fa4b41645e61abbfa94aac63e2b5e2dd27855",
    "evidence/g7/admin-amendment-process/run-3/g7-admin-ttGScG/stopped-at-boundary/supervision/incarnation.json": "75581eee606506b486186b380fca0dd7ce94c7ed2cea204b40f05c6593889381",
    "evidence/g7/admin-amendment-process/run-3/g7-admin-ttGScG/stopped-at-boundary/transactions/44c9d313-f24b-46de-aa11-2653d262573c/000001.json": "14f57d3d3b52058b655f6a5d44df8a6bcd44e0be7ca9a0935e00112db63b37b0",
    "evidence/g7/admin-amendment-process/run-3/g7-admin-ttGScG/stopped-at-boundary/transactions/44c9d313-f24b-46de-aa11-2653d262573c/000002.json": "65f45233a93cdead0913c7c7a27d084cf97bad3cd605b55a068b9284e84d746a",
    "evidence/g7/admin-amendment-process/run-3/g7-admin-ttGScG/stopped-at-boundary/transactions/44c9d313-f24b-46de-aa11-2653d262573c/000003.json": "d81c0fe2f0557b312ff66c4ed4bc5a51b031c045d619ec2d34ec640d740433fb",
    "evidence/g7/admin-amendment-process/run-3/g7-admin-ttGScG/stopped-at-boundary/transactions/44c9d313-f24b-46de-aa11-2653d262573c/000004.json": "25776463226787437e157ab6d080ad2ff49a523006de766b64ba1ab7c35b5a78",
    "evidence/g7/admin-amendment-process/run-3/g7-admin-uFd5gg/final/accepted.json": "bb7ad9f461151b7f00af1b24b703bdafd5b71cdeb2ed64e03335653e2bdb2cc5",
    "evidence/g7/admin-amendment-process/run-3/g7-admin-uFd5gg/final/floor.json": "ef1fa5580adbca314db7e8d9d577a3367a957f0f5e75e57413ae17369e5d25bb",
    "evidence/g7/admin-amendment-process/run-3/g7-admin-uFd5gg/final/hashes.json": "cc856a69e6b22b8b3e4d9ad0fc1be466414410a958acf16209207aa4896bcc79",
    "evidence/g7/admin-amendment-process/run-3/g7-admin-uFd5gg/final/identity.json": "60e7a10383407914cf93f21ade8b5bbefdcbb80e0a4f9f039905f51a768b96a4",
    "evidence/g7/admin-amendment-process/run-3/g7-admin-uFd5gg/final/supervision/incarnation.json": "7d24f9be124a5b0e134ecee16a6890657c17f44234d64364ad5807c467f6bdf8",
    "evidence/g7/admin-amendment-process/run-3/g7-admin-uFd5gg/final/transactions/a4286ca5-4e09-4541-9e90-231d18f38e9a/000001.json": "c95cfdcb42c2f3057a806c68aa0ebf41d641455db09303d374ca34644f166d6e",
    "evidence/g7/admin-amendment-process/run-3/g7-admin-uFd5gg/final/transactions/a4286ca5-4e09-4541-9e90-231d18f38e9a/000002.json": "19d56070e3c113f5a8d2d6dc03fd87ab53cfe2198f4cbe5d90ccf50fce3a7003",
    "evidence/g7/admin-amendment-process/run-3/g7-admin-uFd5gg/final/transactions/a4286ca5-4e09-4541-9e90-231d18f38e9a/000003.json": "dfcb5dafb1b1f4cff769397e3476369a75d3fa6c15dd2cfe1c510c88e2277e2f",
    "evidence/g7/admin-amendment-process/run-3/g7-admin-uFd5gg/final/transactions/a4286ca5-4e09-4541-9e90-231d18f38e9a/000004.json": "f1887b2c6f3181d65795dd01d6fb3790c3ca310a3e6f6aa417457c95a9d33e7c",
    "evidence/g7/admin-amendment-process/run-3/g7-admin-uFd5gg/original/accepted.json": "bb7ad9f461151b7f00af1b24b703bdafd5b71cdeb2ed64e03335653e2bdb2cc5",
    "evidence/g7/admin-amendment-process/run-3/g7-admin-uFd5gg/original/floor.json": "ef1fa5580adbca314db7e8d9d577a3367a957f0f5e75e57413ae17369e5d25bb",
    "evidence/g7/admin-amendment-process/run-3/g7-admin-uFd5gg/original/hashes.json": "72d2f416bc7161941c50cf4b57a48ba907aa1566f59670722b9d58bcaddc1ccf",
    "evidence/g7/admin-amendment-process/run-3/g7-admin-uFd5gg/original/identity.json": "60e7a10383407914cf93f21ade8b5bbefdcbb80e0a4f9f039905f51a768b96a4",
    "evidence/g7/admin-amendment-process/run-3/g7-admin-uFd5gg/original/supervision/incarnation.json": "7d24f9be124a5b0e134ecee16a6890657c17f44234d64364ad5807c467f6bdf8",
    "evidence/g7/admin-amendment-process/run-3/g7-admin-uFd5gg/original/transactions/a4286ca5-4e09-4541-9e90-231d18f38e9a/000001.json": "c95cfdcb42c2f3057a806c68aa0ebf41d641455db09303d374ca34644f166d6e",
    "evidence/g7/admin-amendment-process/run-3/g7-admin-uFd5gg/original/transactions/a4286ca5-4e09-4541-9e90-231d18f38e9a/000002.json": "19d56070e3c113f5a8d2d6dc03fd87ab53cfe2198f4cbe5d90ccf50fce3a7003",
    "evidence/g7/admin-amendment-process/run-3/g7-admin-uFd5gg/original/transactions/a4286ca5-4e09-4541-9e90-231d18f38e9a/000003.json": "dfcb5dafb1b1f4cff769397e3476369a75d3fa6c15dd2cfe1c510c88e2277e2f",
    "evidence/g7/admin-amendment-process/run-3/g7-admin-uFd5gg/original/transactions/a4286ca5-4e09-4541-9e90-231d18f38e9a/000004.json": "f1887b2c6f3181d65795dd01d6fb3790c3ca310a3e6f6aa417457c95a9d33e7c",
    "evidence/g7/admin-amendment-process/run-3/g7-admin-uFd5gg/stderr.log": "e3b0c44298fc1c149afbf4c8996fb92427ae41e4649b934ca495991b7852b855",
    "evidence/g7/admin-amendment-process/run-3/g7-admin-uVPO91/final/floor.json": "069398831beec8bc4f0efee60830b9df23122592043fe27d1abd1d66d9fdb42c",
    "evidence/g7/admin-amendment-process/run-3/g7-admin-uVPO91/final/hashes.json": "5d489790f2e4765904a66468f89744b9220ea77d779baa07be08b785cdabed16",
    "evidence/g7/admin-amendment-process/run-3/g7-admin-uVPO91/final/identity.json": "dcddff114f12090528fc6b679d95eaff96c72b6a4d6ecf1c4ceda6f4cabe6ec6",
    "evidence/g7/admin-amendment-process/run-3/g7-admin-uVPO91/final/next-15bafb37-28e5-42c5-a8e9-c0fe24113442": "11c0fd7b3eda0146d5ee7cd65ca8970e7937a063c49d238e8e2722a724a2bc36",
    "evidence/g7/admin-amendment-process/run-3/g7-admin-uVPO91/final/supervision/incarnation.json": "6cdcab2ac0838574b863383bd223b82b44209b1a34a8ae384396196418d68862",
    "evidence/g7/admin-amendment-process/run-3/g7-admin-uVPO91/final/transactions/6afc519e-cc32-4a67-a541-3c90af1d1218/000001.json": "c16c419fb7a264bb40f07d7c27e3575963ab2da3b99c049713464a9b6c01eba4",
    "evidence/g7/admin-amendment-process/run-3/g7-admin-uVPO91/final/transactions/6afc519e-cc32-4a67-a541-3c90af1d1218/000002.json": "d9b2a34021a22307787f000444c0d22035d644127bc452b050e4c42ac13ec11e",
    "evidence/g7/admin-amendment-process/run-3/g7-admin-uVPO91/final/transactions/6afc519e-cc32-4a67-a541-3c90af1d1218/000003.json": "b8f6491b6efb61bb33b9fc0df6e598903ab78b62704e3133e44bf633729b20f3",
    "evidence/g7/admin-amendment-process/run-3/g7-admin-uVPO91/stderr.log": "e3b0c44298fc1c149afbf4c8996fb92427ae41e4649b934ca495991b7852b855",
    "evidence/g7/admin-amendment-process/run-3/g7-admin-uVPO91/stopped-at-boundary/floor.json": "069398831beec8bc4f0efee60830b9df23122592043fe27d1abd1d66d9fdb42c",
    "evidence/g7/admin-amendment-process/run-3/g7-admin-uVPO91/stopped-at-boundary/hashes.json": "5d489790f2e4765904a66468f89744b9220ea77d779baa07be08b785cdabed16",
    "evidence/g7/admin-amendment-process/run-3/g7-admin-uVPO91/stopped-at-boundary/identity.json": "dcddff114f12090528fc6b679d95eaff96c72b6a4d6ecf1c4ceda6f4cabe6ec6",
    "evidence/g7/admin-amendment-process/run-3/g7-admin-uVPO91/stopped-at-boundary/next-15bafb37-28e5-42c5-a8e9-c0fe24113442": "11c0fd7b3eda0146d5ee7cd65ca8970e7937a063c49d238e8e2722a724a2bc36",
    "evidence/g7/admin-amendment-process/run-3/g7-admin-uVPO91/stopped-at-boundary/supervision/incarnation.json": "6cdcab2ac0838574b863383bd223b82b44209b1a34a8ae384396196418d68862",
    "evidence/g7/admin-amendment-process/run-3/g7-admin-uVPO91/stopped-at-boundary/transactions/6afc519e-cc32-4a67-a541-3c90af1d1218/000001.json": "c16c419fb7a264bb40f07d7c27e3575963ab2da3b99c049713464a9b6c01eba4",
    "evidence/g7/admin-amendment-process/run-3/g7-admin-uVPO91/stopped-at-boundary/transactions/6afc519e-cc32-4a67-a541-3c90af1d1218/000002.json": "d9b2a34021a22307787f000444c0d22035d644127bc452b050e4c42ac13ec11e",
    "evidence/g7/admin-amendment-process/run-3/g7-admin-uVPO91/stopped-at-boundary/transactions/6afc519e-cc32-4a67-a541-3c90af1d1218/000003.json": "b8f6491b6efb61bb33b9fc0df6e598903ab78b62704e3133e44bf633729b20f3",
    "evidence/g7/admin-amendment-process/run-3/g7-admin-xqLZ6y/final/accepted.json": "63f43f0e4a88cdf856a81c05f8020c5df7e761429f76864d56738575c29a6c1b",
    "evidence/g7/admin-amendment-process/run-3/g7-admin-xqLZ6y/final/floor.json": "e09c88e5baf8775101271d1c99ca21989401d79556c9fd8dcfe08f93b5700213",
    "evidence/g7/admin-amendment-process/run-3/g7-admin-xqLZ6y/final/hashes.json": "72a978791958e9c6393d609be595d7a6e6819dafb20a803e98ef9c30c34ebcd4",
    "evidence/g7/admin-amendment-process/run-3/g7-admin-xqLZ6y/final/identity.json": "85424417a620d66cafbf5632ac667674a1004a379d76eed81586b6d1a12b0895",
    "evidence/g7/admin-amendment-process/run-3/g7-admin-xqLZ6y/final/supervision/incarnation.json": "713c1c3013f02e84cdecb0b8bbacc9552c3025bc441f4cda4db06e2e702416a3",
    "evidence/g7/admin-amendment-process/run-3/g7-admin-xqLZ6y/final/transactions/02d31190-6254-4e36-8695-d43361adda24/000001.json": "49f5683522bdf8042ef513345cb3a96cad36e71b9d5a4de4c885d144f73794ed",
    "evidence/g7/admin-amendment-process/run-3/g7-admin-xqLZ6y/final/transactions/02d31190-6254-4e36-8695-d43361adda24/000002.json": "de0597bd479890891d991bc65032516684093b8f88566ba2d0fe5bcb0c5e0231",
    "evidence/g7/admin-amendment-process/run-3/g7-admin-xqLZ6y/final/transactions/02d31190-6254-4e36-8695-d43361adda24/000003.json": "be7eb495a4ab9706f31d62e969abb3ce164fdaed3bfdea53af1b92d9ff53d4e2",
    "evidence/g7/admin-amendment-process/run-3/g7-admin-xqLZ6y/final/transactions/02d31190-6254-4e36-8695-d43361adda24/000004.json": "b877ad84631f2a60fe96b366299d3ca62f71dc2764599682299582174e33d35d",
    "evidence/g7/admin-amendment-process/run-3/g7-admin-xqLZ6y/original/accepted.json": "63f43f0e4a88cdf856a81c05f8020c5df7e761429f76864d56738575c29a6c1b",
    "evidence/g7/admin-amendment-process/run-3/g7-admin-xqLZ6y/original/floor.json": "090cf99e9df53470c0a40239ea305ab7a1fb8a216f002f0e5be7120804d1fc78",
    "evidence/g7/admin-amendment-process/run-3/g7-admin-xqLZ6y/original/hashes.json": "91fdbb894d93440aa37c9381ccfbc6258351dfe7bac6b662c2996fc9539d0065",
    "evidence/g7/admin-amendment-process/run-3/g7-admin-xqLZ6y/original/identity.json": "85424417a620d66cafbf5632ac667674a1004a379d76eed81586b6d1a12b0895",
    "evidence/g7/admin-amendment-process/run-3/g7-admin-xqLZ6y/original/supervision/incarnation.json": "713c1c3013f02e84cdecb0b8bbacc9552c3025bc441f4cda4db06e2e702416a3",
    "evidence/g7/admin-amendment-process/run-3/g7-admin-xqLZ6y/original/transactions/02d31190-6254-4e36-8695-d43361adda24/000001.json": "49f5683522bdf8042ef513345cb3a96cad36e71b9d5a4de4c885d144f73794ed",
    "evidence/g7/admin-amendment-process/run-3/g7-admin-xqLZ6y/original/transactions/02d31190-6254-4e36-8695-d43361adda24/000002.json": "de0597bd479890891d991bc65032516684093b8f88566ba2d0fe5bcb0c5e0231",
    "evidence/g7/admin-amendment-process/run-3/g7-admin-xqLZ6y/original/transactions/02d31190-6254-4e36-8695-d43361adda24/000003.json": "be7eb495a4ab9706f31d62e969abb3ce164fdaed3bfdea53af1b92d9ff53d4e2",
    "evidence/g7/admin-amendment-process/run-3/g7-admin-xqLZ6y/original/transactions/02d31190-6254-4e36-8695-d43361adda24/000004.json": "b877ad84631f2a60fe96b366299d3ca62f71dc2764599682299582174e33d35d",
    "evidence/g7/admin-amendment-process/run-3/g7-admin-xqLZ6y/stderr.log": "e3b0c44298fc1c149afbf4c8996fb92427ae41e4649b934ca495991b7852b855",
    "evidence/g7/admin-amendment-process/run-3/g7-admin-xqLZ6y/stopped-at-boundary/accepted.json": "63f43f0e4a88cdf856a81c05f8020c5df7e761429f76864d56738575c29a6c1b",
    "evidence/g7/admin-amendment-process/run-3/g7-admin-xqLZ6y/stopped-at-boundary/floor.json": "e09c88e5baf8775101271d1c99ca21989401d79556c9fd8dcfe08f93b5700213",
    "evidence/g7/admin-amendment-process/run-3/g7-admin-xqLZ6y/stopped-at-boundary/hashes.json": "72a978791958e9c6393d609be595d7a6e6819dafb20a803e98ef9c30c34ebcd4",
    "evidence/g7/admin-amendment-process/run-3/g7-admin-xqLZ6y/stopped-at-boundary/identity.json": "85424417a620d66cafbf5632ac667674a1004a379d76eed81586b6d1a12b0895",
    "evidence/g7/admin-amendment-process/run-3/g7-admin-xqLZ6y/stopped-at-boundary/supervision/incarnation.json": "713c1c3013f02e84cdecb0b8bbacc9552c3025bc441f4cda4db06e2e702416a3",
    "evidence/g7/admin-amendment-process/run-3/g7-admin-xqLZ6y/stopped-at-boundary/transactions/02d31190-6254-4e36-8695-d43361adda24/000001.json": "49f5683522bdf8042ef513345cb3a96cad36e71b9d5a4de4c885d144f73794ed",
    "evidence/g7/admin-amendment-process/run-3/g7-admin-xqLZ6y/stopped-at-boundary/transactions/02d31190-6254-4e36-8695-d43361adda24/000002.json": "de0597bd479890891d991bc65032516684093b8f88566ba2d0fe5bcb0c5e0231",
    "evidence/g7/admin-amendment-process/run-3/g7-admin-xqLZ6y/stopped-at-boundary/transactions/02d31190-6254-4e36-8695-d43361adda24/000003.json": "be7eb495a4ab9706f31d62e969abb3ce164fdaed3bfdea53af1b92d9ff53d4e2",
    "evidence/g7/admin-amendment-process/run-3/g7-admin-xqLZ6y/stopped-at-boundary/transactions/02d31190-6254-4e36-8695-d43361adda24/000004.json": "b877ad84631f2a60fe96b366299d3ca62f71dc2764599682299582174e33d35d",
    "evidence/g7/age-parent-dependency-probes.json": "c0c37029095b21dd33622d83929ade60729a605482aadb85736b5941b4440889",
    "evidence/g7/bootstrap-development-checks.json": "ac9dcc69dc4b5353b69a71dc7a11c79b548bd939fc5dfe6dfb23b91af098cb74",
    "evidence/g7/bootstrap-development-checks.log": "861b5bbd47f04285febf662978e087b8321b581abcc42a0ec4a8ca7097f4a791",
    "evidence/g7/cell-activation/blocked-operation.json": "a3f97ef3db0fa14a327d0685fa57e2efdcf60d4274cff5c0d3243315ff17c560",
    "evidence/g7/cell-activation/g7-activation-parent-adversarial.log": "0d3cef2ff2e77ac3b5d8b510408489e8bbc624d43a0064d20e7c07313ce02e24",
    "evidence/g7/cell-activation/g7-activation-parent-diagnostic.log": "8abc38bcc3092720e6c02a0440e0f442cc5945a46625c7a91b9b9feed70b1585",
    "evidence/g7/cell-activation/g7-activation-parent-focused-final.log": "0870993bbb4deb76cb01424ac3f4ff1a60d07941eca7176010e8e925b9ac9367",
    "evidence/g7/cell-activation/g7-activation-parent-focused.log": "dbf46ba2abf153a63c015db0ba9df6cf3d4db63ddb173560be8a18e88f178351",
    "evidence/g7/cell-activation/g7-activation-parent-positive-second.log": "ce29ed87a2776032faab6ca59fcd2e4ca2b965f5be94d979a96765903ceb6373",
    "evidence/g7/cell-activation/g7-activation-parent-positive.log": "dd534c3277f4f613f94bf60750c21f3bd09dad5709ef7bbb2b2521487b75eb4c",
    "evidence/g7/cell-activation/parent-full-check.log": "d15fe123d6bc08850d46ed9a1815c0f8792b65ede6c61a67206e538eb3ef23b2",
    "evidence/g7/cell-activation/parent-log-receipts.json": "a2c2922cfd93e91a07b04e8eeab81f821396d090b2762a7ce540bb07845b7f1f",
    "evidence/g7/cell-activation/parent-source-binding.json": "df62d23c584c3ebf22dcabb6521577ca739570f2224d3c011ecd7156eb4f9cf6",
    "evidence/g7/cell-activation/source-hashes.json": "e2caed30785855061efb7b89a8d216c7f0865ca77f2d8b79985e52e90f819bfa",
    "evidence/g7/cell-lifecycle/commands.txt": "939e230d4bc434ea52321c3e5fee43ada44d1f4100cc67d3f40e8a5fb1fc6f34",
    "evidence/g7/cell-lifecycle/failure-log-preservation.json": "e9680fa83df0eb7c06cf0df843f319e260c8361a2624096046b64bc5a488c24c",
    "evidence/g7/cell-lifecycle/final-local.sha256": "00814a08468bd06a5912e98bde316ecc17275ad616ba6086c340350a5c042ce2",
    "evidence/g7/cell-lifecycle/local-focused-blocked.log": "2ae03a94d7e064de5c06b0851eb0c81b884b419c0d93813e6018ee4139a64475",
    "evidence/g7/cell-lifecycle/local-full-check-blocked.log": "d152b2b9a67ba1b449b64ca0899d79304204e783b41526df31f78c5c2dc7ecce",
    "evidence/g7/cell-lifecycle/local-full-final-blocked.log": "d152b2b9a67ba1b449b64ca0899d79304204e783b41526df31f78c5c2dc7ecce",
    "evidence/g7/cell-lifecycle/local-static-final.log": "6cfcb36e94e4381b4afe315b02cab51ce9598eb2c87fdc978c43c62d0d7446f9",
    "evidence/g7/cell-lifecycle/local-syntax.log": "066920dad61dd4bad4263564920c59fd041d18e830e870fdf3099b9f8e858df6",
    "evidence/g7/cell-lifecycle/parent-boundary-fix-passed.log": "2939b60f76a1d1ee263b0266590e72e5693862bb2a4e2d541b4a50c21f5e0abe",
    "evidence/g7/cell-lifecycle/parent-full-boundary-failure.log": "86aa403be7974188c49d1d437e125a5694cb387eee735096c0f83d23be980a52",
    "evidence/g7/cell-lifecycle/parent-full-passed.log": "2203f93344dee3b1f8acaf6c44e2d79c6caa221cc4673ce4555d507793defc30",
    "evidence/g7/cell-lifecycle/parent-hardening-full-check.log": "cd0667dfbd3c31d2cdd16d909c38cf3788c79f80b1913fd7d64ace4453d20b03",
    "evidence/g7/cell-lifecycle/parent-hardening-source-binding.json": "7cf1d1c48b43ec81ab7343c36c4de8f5cebaddf38730a29b84672220f1b84fd4",
    "evidence/g7/cell-lifecycle/parent-targeted-initial.log": "26ac0f11d417ea8d9e2f9658bd609cbd3d439d15a9cdc096b790f49242a106b1",
    "evidence/g7/cell-lifecycle/parent-targeted-initial.log.base64": "318f5e33fec831dfc44ba1d01a8420b6216e6a12cc7446fc34a81646858b2d8a",
    "evidence/g7/cell-lifecycle/parent-targeted-parser-failure.log": "812e95ab26064a0ba3a913b1113a774ddf2054cd335cfc6b1579f4ee5c051691",
    "evidence/g7/cell-lifecycle/parent-targeted-parser-failure.log.base64": "42ffb8eec7ef7c800cbc412603d0bcd5e3431e7eed88e1ad45ae490b063604b7",
    "evidence/g7/cell-lifecycle/parent-targeted-passed.log": "2c093fa4516025a8a277445ad5672d3b4ee762e0bd0b147b61640862831889e5",
    "evidence/g7/cell-lifecycle/parent-tested-source.json": "24b02253dfa61ee59630bd2f28885e16ad915498c990f4d164190f968495c9ca",
    "evidence/g7/cell-lifecycle/source-hashes.json": "8c682a610bff577a702a81c929ef80cc2e77ec9037bc0e46f42cdebe37253acb",
    "evidence/g7/cell-lifecycle/targeted-process-output.log": "f1e9c45ae1b2f0cd44dd1eb1994fbc854b308a27b1a879f46b51f119a76a97ef",
    "evidence/g7/cell-lifecycle/transfer-blocker.json": "1929044c00f897480bd389c64c7ba63e01fa8d9db4ab195e375694ecbab9b66d",
    "evidence/g7/cell-lifecycle/transferred-input.sha256": "c2caf28403e13ce840823b0a02a8b02a9bc7862ece915c810278ceecaca06547",
    "evidence/g7/clean-start/README.md": "6e4dbf6311275b26add1e789567d016b23103e52c54df0d63764c374554838a5",
    "evidence/g7/clean-start/after-development.exit": "9a271f2a916b0b6ee6cecb2426f0b3206ef074578be55d9bc94f6f3fe3ab86aa",
    "evidence/g7/clean-start/after-development.log": "ae8e6fac690494f7f4084b7a39f5f96dd93134d032f93cf133069954c4944514",
    "evidence/g7/clean-start/before-development.exit": "9a271f2a916b0b6ee6cecb2426f0b3206ef074578be55d9bc94f6f3fe3ab86aa",
    "evidence/g7/clean-start/before-development.log": "8affe7d6073a4afe26766fedcdfde61fcdf876207404596dedd2bff2efb7c145",
    "evidence/g7/clean-start/before-local.json": "f59054b8adfb5e41c436b28eba82d6081ddc88fdc7fec36c3e314cca245f9eab",
    "evidence/g7/clean-start/checkpoint-manifest.json": "e903b49db93a474a6e25fa662493c4af33d646521d223628a5807abc125a5d1c",
    "evidence/g7/clean-start/commands.jsonl": "26985cc0f6d769f5f5e73c3cfe147c9f4e58b205e69cdc1c9034b044b838866c",
    "evidence/g7/clean-start/format-correction.diff": "690d7c90823959c376556563130414b5d711ab6c5811009acaf9eda47a1b9fdf",
    "evidence/g7/clean-start/format-correction.exit": "9a271f2a916b0b6ee6cecb2426f0b3206ef074578be55d9bc94f6f3fe3ab86aa",
    "evidence/g7/clean-start/format-correction.log": "ae2569d62ba84ffb45b8ead5dffabe79ca6dd90f719482c5be2026b9da3c258b",
    "evidence/g7/clean-start/format-first-pass-g7-cell.mjs.txt": "d8a37aea4276e6cc84d3bb1cdee78009bf7ee576f580ef91fd0907b073b53dd3",
    "evidence/g7/clean-start/full-check-corrected.exit": "9a271f2a916b0b6ee6cecb2426f0b3206ef074578be55d9bc94f6f3fe3ab86aa",
    "evidence/g7/clean-start/full-check-corrected.log": "8b3d7a00d5ee12a305df97c7b7a92e1d20f1cbf1d370843673655f0379824bb0",
    "evidence/g7/clean-start/full-check.exit": "4355a46b19d348dc2f57c046f8ef63d4538ebb936000f3c9ee954a27460dd865",
    "evidence/g7/clean-start/full-check.log": "3ed67ebfbc0a13e75b7d2bb09794a19a317fdbd5b021050a5e36f505b112b6e2",
    "evidence/g7/clean-start/local-final-checks.log": "67643fa7edd83ee353661ee4f3a5d84c111fe3be1808b98f24c4c569bc4a1d2a",
    "evidence/g7/clean-start/local-handoff-checks.log": "953c0e56d0ec64096015d0b6ff71eb27f0aa01e5e06ffb04575a4248190cc4fc",
    "evidence/g7/clean-start/local-transfer-input.json": "2bbd4427efdd5580afd351481fafbce9e646789fbaaf72077fbfa6bc80c2ee57",
    "evidence/g7/clean-start/parent-full-check.log": "8283ac6c5005a677cc3ad816d3de82164d8ebcdfb16fd38b8c48e89a171c8474",
    "evidence/g7/clean-start/parent-source-binding.json": "0afe83a39ba42dcc27e195137c232fbddd9cfa8ca48ee70034756930306efb6b",
    "evidence/g7/clean-start/positive-initial.exit": "9a271f2a916b0b6ee6cecb2426f0b3206ef074578be55d9bc94f6f3fe3ab86aa",
    "evidence/g7/clean-start/positive-initial.log": "1a700b5b1ba8a631c1d6be62e5437fde6a9affe6fb5bf373b13d568c5a49051c",
    "evidence/g7/clean-start/return-final-source.json": "47c5831cb307f39a4148732370b8db4210373a4c13b348d191144cdbc7b6b968",
    "evidence/g7/clean-start/return-final-transfer.stderr.log": "e3b0c44298fc1c149afbf4c8996fb92427ae41e4649b934ca495991b7852b855",
    "evidence/g7/clean-start/return-final.exit": "9a271f2a916b0b6ee6cecb2426f0b3206ef074578be55d9bc94f6f3fe3ab86aa",
    "evidence/g7/clean-start/return-transfer.stderr.log": "e3b0c44298fc1c149afbf4c8996fb92427ae41e4649b934ca495991b7852b855",
    "evidence/g7/clean-start/returned-source.json": "e115086dfb86bc88e7055ad189a6d9f3bfcb8464925c9191dc2a2aaac2b4659f",
    "evidence/g7/clean-start/source-and-preservation-verification.json": "3352884f5fcce2d7e53d2dbd20f36f7c9b66ce4131d19e2edfaf537b80992a43",
    "evidence/g7/clean-start/targeted-expanded.exit": "9a271f2a916b0b6ee6cecb2426f0b3206ef074578be55d9bc94f6f3fe3ab86aa",
    "evidence/g7/clean-start/targeted-expanded.log": "8ec378d17087686630e80a9ef46858f27cbbfde01bf570f33430c5ef00f42210",
    "evidence/g7/clean-start/targeted-final-candidate.exit": "9a271f2a916b0b6ee6cecb2426f0b3206ef074578be55d9bc94f6f3fe3ab86aa",
    "evidence/g7/clean-start/targeted-final-candidate.log": "82704637eda46c931a06ea8ca42ba8265a8b411e779c6c2c57123f82118aab07",
    "evidence/g7/clean-start/transfer-allowlist.txt": "b19aeb7204fe188c341a5927d688d716e9ec762a854e2fa846eec58174b22e6b",
    "evidence/g7/clean-start/transfer-expanded.exit": "9a271f2a916b0b6ee6cecb2426f0b3206ef074578be55d9bc94f6f3fe3ab86aa",
    "evidence/g7/clean-start/transfer-expanded.log": "e3b0c44298fc1c149afbf4c8996fb92427ae41e4649b934ca495991b7852b855",
    "evidence/g7/clean-start/transfer-final-candidate.exit": "9a271f2a916b0b6ee6cecb2426f0b3206ef074578be55d9bc94f6f3fe3ab86aa",
    "evidence/g7/clean-start/transfer-final-candidate.log": "e3b0c44298fc1c149afbf4c8996fb92427ae41e4649b934ca495991b7852b855",
    "evidence/g7/clean-start/transfer-initial.exit": "9a271f2a916b0b6ee6cecb2426f0b3206ef074578be55d9bc94f6f3fe3ab86aa",
    "evidence/g7/clean-start/transfer-initial.log": "e3b0c44298fc1c149afbf4c8996fb92427ae41e4649b934ca495991b7852b855",
    "evidence/g7/clean-start/transfer-runner.py.txt": "fb45e21fb42541a85b007109faafcc07e9516c22c7b08797181f10fcfd1082ed",
    "evidence/g7/clean-start/verification-run.log": "8fcfc4dd4a7b449b2ff6a94faed9e96a287b0418af6576bb1db4ee8a5f775f3d",
    "evidence/g7/clean-start/verification-script.py.txt": "5b79ca2a97e760c2d8990e4077fe0c57442ecf6ed33566e7a7c3d1470e30a2fd",
    "evidence/g7/contract-R1-development-checks.json": "9a0b7e873254b8463c4af8ddf2ee93a647bbc8271d7594650ba224b8c681c7fa",
    "evidence/g7/contract-R1-development-checks.log": "9057e2781dae8b69020e432b3791343ef66bfc67dab87c18825277c016eb92a9",
    "evidence/g7/initial-trust-verification.json": "7a3304eec6928d6a1bc48d5b1c5bce464e8ac97fc630ecbf51a28331df4edc73",
    "evidence/g7/initial-trust.public.json": "060a7222f3e6b28dda426a34cbc61e425652a8383c79a7ab61f8868418d6ae71",
    "evidence/g7/r1-implementation/RESULTS.md": "3db1cc14bdf8090ade60b1d11d02695a6a055b54b9131c6c6fb36c3a7455d233",
    "evidence/g7/r1-implementation/age-supplied-digests.log": "91272d2fe06276c83bbea31b195da90e1e5e3b9dfc4054bd622a8830e1d956f4",
    "evidence/g7/r1-implementation/full-check-final.log": "bf0e677234adac0014d6d2dd3ff75028b401a8b1fe74376ab358d521c8f80209",
    "evidence/g7/r1-implementation/full-check.log": "1aef6406e227affe8403dceee6103e8e96b133182e82e5569ae77e98c189b926",
    "evidence/g7/r1-implementation/parent-independent-targeted.log": "722f264abc171c4ef80b4dd72eeed5d4fa68a7937df721c9d73c73b3992d233a",
    "evidence/g7/r1-implementation/remote-final-source.log": "b1e1c97002f60eaf51442a9ef458ba150ed24fd71c053ebe16f633af5fc5bc21",
    "evidence/g7/r1-implementation/source-files.json": "d187c825e65805a52799cf38a4257575df3b9e48afdfff550f0ee1b52f26c6d0",
    "evidence/g7/r1-implementation/targeted-final.log": "fbf5529ac2909bf6c9f62c4bd32d94b4d1a987de8f0a9ee8cebbf75d9407b93a",
    "evidence/g7/release-admission/parent-full-final.log": "4f44b305af884122cbce9e234e07c9c46f0f50e62fdcdcf04390f9c778ba9ddf",
    "evidence/g7/release-admission/parent-full-initial-format-failure.log": "56e60497168a28a442bf5964c267ba59585d2643c64134433faae56686560dc9",
    "evidence/g7/release-admission/parent-hardened-targeted.log": "f267f908ae6be0ef64a6dc5e5de7eaf1b6b8b42aa600fe6aa07d1c2f1d811168",
    "evidence/g7/release-admission/parent-results.json": "83418657e0025b4c9756abd5414477bc76c9052fa205982749a8aa9d7febebd3",
    "evidence/g7/release-admission/parent-targeted-grants-fixed.log": "b7df00a047ebd16fa2d85229cd6bc7e39005d88580c7724e7414ddedf84300e9",
    "evidence/g7/release-admission/parent-targeted-initial.log": "ada4b54a597be980ab2d8db39d21697cf014198b9f8ef8f41cffb52634b5fe08",
    "evidence/g7/release-admission/transfer-gate.txt": "59d4afcf9d16ab59401550e95f00fa0d58c737d78fa6df473cc7008d27ab30c4",
    "evidence/g7/supervision/commands.txt": "7794220ac7b5d70bbb1caba0e443fa3d83bcd1f56f5c29f9959ea0eed34a1782",
    "evidence/g7/supervision/full-check.log": "c59cb0c8a610aa0a25b2a405476cfcafeebb2f4b00a803cbf0d4cbc9e02950cf",
    "evidence/g7/supervision/g7-supervision-parent-death-after.log": "fb4e178ba66b9648035e0672530d1af508cd7bca646323a87e1ddecd30f2915c",
    "evidence/g7/supervision/g7-supervision-parent-death-after.log.base64": "64558c8102c7515590613b8fb2adebd50b2c990706c733d0dfba68b3176e1cbb",
    "evidence/g7/supervision/g7-supervision-parent-death-before.log": "875cd4a6ece78b0f2b05732ab3ae04f6ec92826a0d7cddffcccba9da363b87d4",
    "evidence/g7/supervision/g7-supervision-parent-death-before.log.base64": "ac92de2f30b9b5f9b0797ac053f0440b12413b9f03cdb9f2b1a7cd3f6efc5d87",
    "evidence/g7/supervision/g7-supervision-parent-death-final.log": "d160b9a71bd66a1b44f902ecf48e59ce404b5d579b7919c2c7bb85851fb3d9b5",
    "evidence/g7/supervision/g7-supervision-parent-targeted.log": "e37d20592f6b2071c464f24bf9c3fa8bfc3aafcf5dd109a112db3887ae1503b6",
    "evidence/g7/supervision/parent-full-check.log": "8bc34a5443a2e9d52abd73dbab093ba9408e25eea22cbe2bfc8c5dab53617e03",
    "evidence/g7/supervision/parent-log-receipts.json": "5d1dc04a0dd9698518395e15159ce0d1e2231126e5732f84090ff6d86a6a31b7",
    "evidence/g7/supervision/parent-source-binding.json": "8212fd77cf62fcb2cc7bfbe194040ed184c5cf6f2ed0f1707dbec1b3994846b5",
    "evidence/g7/supervision/post-run-state.log": "a6cc37ec8d6bd135a18e65e91c9871b205ec1c1031502141c7782b7712e65a7e",
    "evidence/g7/supervision/source-binding.json": "938651af1b1322c63647a327e3200a2d8451e7fb82e049498872402902660ba2",
    "evidence/g7/supervision/targeted-expanded.log": "3d205b4faeaaa3f9c8b1677f55b508814598616e3fab50b72dd83e9ec508d8d0",
    "evidence/g7/supervision/targeted-initial.log": "6fd76a35e65e0432f511a0af34a6523af277f6b7dd515ee2e362c36f4f9ea85a",
    "examples/sdk-tutorial/.npmrc": "3d0639512c47be107665f8996b315e7a92bcd779e02439f0ed481168dca5ac45",
    "examples/sdk-tutorial/build.mjs": "5623b4af44c7bd3bdc7f7153b97f61ff85de0ab3b7926bb29c74fa71f6a4c1e6",
    "examples/sdk-tutorial/conformance.json": "a410ea2c2ed5a6f2b62da3e6331abf063406277a1ecacf6bc78b1c6d721ed1f3",
    "examples/sdk-tutorial/contracts/math.json": "b7d630d5f3d20617b707b57f57469869af1341f617763adbbc3df8d351f91b1d",
    "examples/sdk-tutorial/operator-run.mjs": "dc3e5dc9b482adc51bc0bd253b24add9f05bed08aebf4a5b9e199a73a2558759",
    "examples/sdk-tutorial/package.json": "b139723b812b85921ab97864a8b6a02896eff18bdec4b48f991cd61b00a29443",
    "examples/sdk-tutorial/run.mjs": "f7fe3002802ea8c023d82421cccf6d43b780b5a1af5c688f3015142b422e6ae5",
    "examples/sdk-tutorial/src/consumer.ts": "de3971b12420ac78c85bf7ab39a4fb6c61bce6d69acc415d9b785a2bddab2ab9",
    "examples/sdk-tutorial/src/provider.ts": "c1f95907778f390952e313ddaefe5cb0ef9787203319c14c73ed1ae326462060",
    "examples/sdk-tutorial/tsconfig.json": "fc075216ed66bff69ea7d77f8e5374536c779c4edfc9e58698a4642a08620d87",
    "examples/sdk-tutorial/tutorial.test.mjs": "1e30206b793ab9e9039ec3236fd7d3b08ba3ef1a6fb3d3c7b69a1cd8d8c8bce2",
    "examples/sdk-tutorial/verify.mjs": "38eb52f820afcef748d9a0560569351228eef30b6ff1548211305351dcb3f8b7",
    "fixtures/g4/capability.json": "3c55a42bd68b25ccd066ab11719de5fed6a756520a1408fb13efb004234f46bc",
    "fixtures/g4/conformance.json": "cc354ad1c9e2162e8e72ac59420535745217a02475eb95931e9895471e6ecefc",
    "fixtures/g4/generated/client.d.mts": "8fdebdee862a99e18e8db471320fbbe6f8731aaf01cb9e022c454117aa60cd64",
    "fixtures/g4/generated/client.mjs": "b167ec72a1644437bfb36562d9538c3f6c6092eb968d69132e5b82ca9b3290b0",
    "fixtures/g4/generated/provider.d.mts": "10401ac99caf98f41172dec64c9f5d6dd626f5ef98e65c2183a407764ae1402a",
    "fixtures/g4/generated/provider.mjs": "d7bb2ac76da68b382cce62d172b5cf21ffac8786e8e226b07f0dab5c55305e7a",
    "fixtures/g4/independent-provider.mjs": "80b40bde8637add0108c31732c9261d8e278f9a3569f990c79c5cdde6cc88c38",
    "native/g6/README.md": "ed280a652db322290911ce571c929e808780ab3315360f7c26c2bfa8df42f252",
    "native/g6/bridge.c": "7247370e986112f0e41f4fda838ee970d37aae68d5d50ad909742f8ed86091ff",
    "native/g6/launcher.c": "4d5368ce5e1c4d7b9294fb569028e7d00aa606acab7d7ad3c2f6c535927e9407",
    "native/g6/sandbox.c": "269bca3d61b2a90af2490d51f701b557bcb455ba888762215d89f06d32d8d664",
    "native/g6/toolchain.lock.json": "c3ce193c7bd0a2dfe828c688ea32966824e6f24ff75ffc52fda1b31c6b081fbb",
    "native/g7/ownership.c": "b4f9cf253e1f1784d09416f9ed4b113d102c9dd99b144d2fb4d938c37b522563",
    "package-lock.json": "e113136de6dabb322cb3fec5273abcfb54b36a12826a3e5c7061bb8a7a21c9bd",
    "package.json": "5daa507552a4866ba9128666860917a8f4926f8844f01969d4e07fc2b23a885e",
    "packages/acap-contracts/package.json": "1a0454f01cbe13630c4cc24129c039b8ad45732c2694cea4e55684bea84e187a",
    "packages/acap-contracts/src/conformance.ts": "f34a9df562d1984c27a030770f6931b59511b0057a0c504fd92dc22a2d9ebe80",
    "packages/acap-contracts/src/index.ts": "e4dd17dfc2109b09a89f35777cd079723ee91a5f402279ae3390c841baaa6816",
    "packages/acap-contracts/src/runtime.ts": "8b87f6aa7ceb5d0ca2328d8e8aae10f3fab74b27e383a2a157e4a047c3677245",
    "packages/acap-contracts/src/schema-data.ts": "515c28ef70f79350daa9101db4719ee72873efb3c9a433eb0f3b2af9d86a08d9",
    "packages/acap-contracts/src/stream.ts": "a6bcfcfa3bdef64d42478d93b0861864e6c7295bb83fb8dac079011419567947",
    "packages/acap-contracts/src/tooling.ts": "104c76889a035b064791f489d72186e8eb0bfbc1917961a16aef328099918d1e",
    "packages/acap-contracts/src/validation.ts": "0351a2c75dc5fa106c64e0ba3aa592f6f846d9e85d830864dd0f24d77975db8c",
    "packages/acap-contracts/tsconfig.json": "8c3cde00d80c570ab3c65b1d7ec8f53878fc5e34da9a27a6e40e0266416b1a20",
    "packages/acap-types/README.md": "a5d5f988fa3513e87b7f6cabdb38fd7b373fb5711011e6a8ca5c80f8e646b2d8",
    "packages/acap-types/package.json": "57ebfe46f2cd56d9e4a27cb165b96aeb235833b22fc7e356d26b4995826e5df9",
    "packages/acap-types/src/index.ts": "0cb4e56dbdff2cbb0319bd2f79e50c16576df5b024b47a90478e8ef6b903c717",
    "packages/acap-types/tsconfig.json": "8c3cde00d80c570ab3c65b1d7ec8f53878fc5e34da9a27a6e40e0266416b1a20",
    "packages/alicac/package.json": "153bfb9c413c52d39d5af89ad833d4b17e354e40258fa7f335311f14cd2b2166",
    "packages/alicac/src/index.ts": "1ac0e1cba7ebcfcd37f4c7edbe1ed82d561ae82e1e0f0f5f3d03293f962ccbcb",
    "packages/alicac/src/provider-loader.ts": "5839b444b3f7e843461b2e31608dec6e2c3f3a734bd1e61685fd91d820cd6e20",
    "packages/alicac/tsconfig.json": "8c3cde00d80c570ab3c65b1d7ec8f53878fc5e34da9a27a6e40e0266416b1a20",
    "packages/echo-a/package.json": "b544835b5c388e3a3453183d3631a8a45ccff02ee880abc81dfd7b2d728d2d04",
    "packages/echo-a/src/index.ts": "2106a50386384689429e8e5efbe6c894f19d1da1e5d6adbfa032d25cd036afc0",
    "packages/echo-a/tsconfig.json": "8c3cde00d80c570ab3c65b1d7ec8f53878fc5e34da9a27a6e40e0266416b1a20",
    "packages/echo-b/package.json": "9eb50fad2ad447098f64b38d6f09b92ee74e7537a0f3c6eafe06c5bd2e2a8c1d",
    "packages/echo-b/src/index.ts": "8792c56f245739179a4f427978dcc0888041b207731611cd5cb984c7eab0e90d",
    "packages/echo-b/tsconfig.json": "8c3cde00d80c570ab3c65b1d7ec8f53878fc5e34da9a27a6e40e0266416b1a20",
    "packages/echo-consumer/package.json": "e2cf58a26f5b1e39cf63b1617e0c7003db3bd549dd839aa8fededb1550158648",
    "packages/echo-consumer/src/index.ts": "1d8b0c28768db5895978aa8f3b6bbdc1d4c3bce2e2361f5ee6f5c6acba4f1622",
    "packages/echo-consumer/tsconfig.json": "8c3cde00d80c570ab3c65b1d7ec8f53878fc5e34da9a27a6e40e0266416b1a20",
    "packages/kernel/package.json": "3a55ea3d581a02443ca73a161803c7f10f1a5792ff414420ff31ded7cc710024",
    "packages/kernel/src/execution-context.ts": "186295f38d20a3036bd8a811a2ef076446df48b9a386cc45d0cbaae3eda78756",
    "packages/kernel/src/g6/broker-effects.ts": "392c290e0c4bb538d52ea4463170f448ae908bc753ea2c6845a4719f5ef5397d",
    "packages/kernel/src/g6/exchange.ts": "005d33f7d3f03163a92561cdad4d28651808e86504c82ea4984ce715b12af20b",
    "packages/kernel/src/g6/host-adapter.ts": "cae6fd7273c1a3b7f221c7452c674bd284b0682067e745ea0116a27e01b02544",
    "packages/kernel/src/g6/native.ts": "c122a4851460363b7fd869291dd31ad3fc5d7d03685519c176279b1bbba3a405",
    "packages/kernel/src/g6/reap.ts": "897b24642de0124ec3bce2733050fab5dfada17a77dc0d768929daec3bb66ad0",
    "packages/kernel/src/g6/scheduler.ts": "5508cfab3232e2c21c4f42570df1b08b59c66657a6a4031abda5695ae35bfac3",
    "packages/kernel/src/g6/schema.ts": "8508b187a70959f7fd3381896987ca07c6c795ce8e613bd4bf565b2d09ae45f3",
    "packages/kernel/src/g6/sdk-effects.ts": "62c6103e2cb1027d76f2bd7f62b1962600c13bc168615c4413881f426c4c1de1",
    "packages/kernel/src/g6/sdk-rpc.ts": "b7e7415cfe568671803486f9c714e87f488b7a0a34fe17280383e2cb7e71765c",
    "packages/kernel/src/g6/session.ts": "6c260072438e4c15427328976890dd41f30015ce7f601677b8ab677574efb08a",
    "packages/kernel/src/g6/stream.ts": "d6559d224e496434b8772ba74dd5fc68aff09db087f05e8b60522b77a484842b",
    "packages/kernel/src/g6/wire-schema.ts": "875776f117718030108f3164200373a928e25f64a00e0a51573c5b77b31c550a",
    "packages/kernel/src/g6/wire.ts": "11b8333253b7edc6db5b89ca27784d84ae14d0ea160cfeb61eceaa58ed63598d",
    "packages/kernel/src/g6/worker-entry.ts": "3e4174c91a9f49fed97aaf3acd3f9c6a369c17daf926bae465c46fb5c9cffcf7",
    "packages/kernel/src/g6/worker-sdk-channel.ts": "a0f91d379b4814229d5fb1b0559b0cf5c1517beb09aaf7c2430b2ec74ddb9c64",
    "packages/kernel/src/g6/worker-transport.ts": "1833e39e5d10ccfd698e6d926ed721b03194e48755e40ba36dad2a8dde0764dc",
    "packages/kernel/src/index.ts": "ce437c9421a0be3c47fdec8bc131a9f8200027309e087d07ec428fca58fa0909",
    "packages/kernel/src/package-loader.ts": "547cffad6eeb5743f4bfdeb3f1b7657ca1fae73ad43beb6ab61994ad30caa218",
    "packages/kernel/src/schema-data.ts": "05ddb913ea70a8387c57de16029fbdb26837b7fc66d6c2193c9244dcc58e7445",
    "packages/kernel/src/trust.ts": "085a42051a9f021857639045258b41860283949f5c1eb5561cc8c533f7c108e7",
    "packages/kernel/src/validation.ts": "3244f71b02e8aa33ea2903403ec17fdf64009f450cd58f52c02f19bd59655f8e",
    "packages/kernel/tsconfig.json": "8c3cde00d80c570ab3c65b1d7ec8f53878fc5e34da9a27a6e40e0266416b1a20",
    "packages/plugin-sdk/README.md": "a840bce38dfa9e9e1e402cba26c18b8e5b2fc2519b60d70d495879d53b79815a",
    "packages/plugin-sdk/package.json": "a575b651b3231def1700f7322a02ae76dda0cb4a01a12f900c7218c5d08dd7a5",
    "packages/plugin-sdk/src/index.ts": "1d8b9de7814a865ca014c3c76311a0ab7f3af474e55307b50b411693ab3f950a",
    "packages/plugin-sdk/tsconfig.json": "8c3cde00d80c570ab3c65b1d7ec8f53878fc5e34da9a27a6e40e0266416b1a20",
    "packages/testkit/README.md": "fbc895a02a118bf341b778411ef3fdaef29cab856d5d71862e059c3147982733",
    "packages/testkit/package.json": "3e33f0e9f4a18ebf5f704e186b1d7c16f00bf86048550078a1d25c2c8888fea1",
    "packages/testkit/src/index.ts": "b313f9eb1405c77d70666d02f5879117d8df9a0e8932ab30b2b0bd58a80fd4cc",
    "packages/testkit/tsconfig.json": "8c3cde00d80c570ab3c65b1d7ec8f53878fc5e34da9a27a6e40e0266416b1a20",
    "requirements-design.txt": "8abf5ea787fb4bfa06c3ae4f84bb695954878d26499fd78f85be2ba1ab96bd84",
    "specs/ACAP-CORE-v1.md": "943eac44eeaef87f5981c2318431a3a7f3d29eaacf671239105c6774af8d069e",
    "specs/ACAP-ERRORS-v1.md": "370aa68867a643b67279e07fec7e6bd961b07f7d1d9bf63edddb0a1e82ced1a1",
    "specs/ACAP-EVENTS-v1.md": "634b710373db921006f7567c72f643efe853d2e7546c4dee074de1c79734048f",
    "specs/ACAP-SCOPES-v1.md": "06b367f60615b4c6db90caf506f74a55f54888070349250b3053a8bf5ff5d228",
    "specs/ACAP-SECURITY-v1.md": "23bbec2b8a89740610fba5934fd4f616cb440f77c106cfac5dd5116ce185a376",
    "specs/ACAP-TRANSPORT-INPROC-v1.md": "582096d31a122da11f5510d7524357a7831760755600b8a5f4af0c48e5bca195",
    "specs/ACAP-TRANSPORT-IPC-v1.md": "a85a596beb402a745a2cb947ed1ab5c08d59789bb261084b4303f79f7a3b0677",
    "specs/ALICA-BUNDLE-v1.md": "ba10a24c0abc4c13a19720c1f8f5a343f10a0ca4e046793c9230caae119580e3",
    "specs/ALICA-KERNEL-API-v1.md": "268ba388a87cb2f3823c8cd375914e83de962f1dce12ae7d00ee27f3ce5cfb8d",
    "specs/ALICA-NORMATIVE-BASELINE-v1.md": "0c0fee27a15754502ab07464507ebb7c11e17bd47db382e3cc160db473508bef",
    "specs/ALICA-PLUGIN-MANIFEST-v1.md": "346aa3ad605743607a37c198969cb2340f65ae92ad38891b21816a1608d23016",
    "specs/ALICA-PROFILE-v1.md": "6bfa2dd4d3ae0a7cf304000e5b46d3d6bd3656ed241ccb0db298794c824bebfb",
    "specs/ALICA-PUBLIC-INTERFACES-v1.md": "501f321e78f6f0e61eb5dec4a16a3c39371aec33e6777b342a1af5260da3ad25",
    "specs/ALICA-SDK-CONFORMANCE-v1.md": "03b09e012aac0a14ec2ccb47a53966c5b1653bb819201df7dffa04a3d336380e",
    "specs/ALICA-TRUST-POLICY-v1.md": "933bd8f9ed56cf7f97f241bd3e2a864e0aac9519ed84d8b7c05e37be0180450a",
    "specs/README.md": "67c32616724aa8c79cf6a337aa071fcf4392b246ad212bbba25fd7aa6357c10a",
    "specs/examples/README.md": "8f51511af0f8fe76d7ca4da0134a1e7334e161674ad182cbc9c83eefba784916",
    "specs/examples/bundle.valid.json": "b83d6fd046b4954d2ce78efd94173b188893f2deb0d2a0d827e7840932e23c26",
    "specs/examples/call.valid.json": "199289c34d233fd19c8be212a5d55e23705f53b0c6d4420f05016c9f99e165ed",
    "specs/examples/capability.valid.json": "069cff3007254f9a32372bc8352dc712cf315e88f4167adb75621874b32fbe06",
    "specs/examples/error.valid.json": "32edd4d3fdadabba0cfb051b3e39dce06a88745b7a90286af896b7d4c1583c2c",
    "specs/examples/event-descriptor.valid.json": "bc0d899bac4714bcaec5701b4f5744ee3456e4e0fcb0b3ce006e268134a66826",
    "specs/examples/event-grant.valid.json": "57be262777e51b716fab99c2d7f11ba0573092d3b69b08de61fe89c4248db2d0",
    "specs/examples/event.valid.json": "6a8f57b864ed175e1afc3d1d4db017d9e8c8875cbdc23d031117af3c81b20a06",
    "specs/examples/grant.valid.json": "bbf168185282a2daba8ccdf36b3c4d07cfac4c3b20ea990401839160599de77d",
    "specs/examples/package-index.valid.json": "3112c112972fbd7da05d5a157082ab8166cc4530bd618c02b7cb31853c328739",
    "specs/examples/plugin.valid.json": "acd9cb422e71ab3197dc0e25a782d0d5ccf99b8bf04b9741781244cacd3ca6fc",
    "specs/examples/profile.valid.json": "1506e86792a80d8383f55063ae7897056562a99c4b8e4c521b81dd5f5bb06b4c",
    "specs/examples/resolution-lock.valid.json": "9859de3f5a13b4a93b419dbf75b3ee26d745e4dc5ff7517152c5a122612fd230",
    "specs/examples/response.valid.json": "b3e90bf3bf92cb659b53d94182a84bc911efbc4ab614b95d76112e804ce9d26f",
    "specs/examples/revocation.valid.json": "c860176efb3e0f441c3c1d773ba7e3167a98f532ffc06e204c73788483eccb21",
    "specs/examples/root-rotation.valid.json": "8edae4ec04e3e0ec81299ce7a80e17607b48ff8b003aa462c92cf4218c7e30df",
    "specs/examples/secret-grant.valid.json": "47316028e88edc3e3121cdbbc1b15bbbbc50e4ab7c7807ce4ae48e49993a4100",
    "specs/examples/signature.valid.json": "50ca3aac7d8d3f2f11da29ebf50de2295283e73b25da731d43f888b61f9882f8",
    "specs/examples/trust-policy.valid.json": "b8fe33bdc5480501b8cef164e50115b5ce3999c92cb4e2dd96ffffedb3e12c88",
    "specs/schemas/bundle.schema.json": "e2ab69db5d00a430bd6b2988710550425a34049c5b10e66c56520ecd2aa86fc8",
    "specs/schemas/call.schema.json": "25df22d8f6a5b5703e7aae83a1069603888000ac9dd5a21965120bb04e8abf19",
    "specs/schemas/capability.schema.json": "0aae5fe4b8dbc317e9961b308f3a0398ecce6a1e05be47cf81121f99a12bb3eb",
    "specs/schemas/error.schema.json": "19e33e88b2e3c155d3bcef78efbfedcaaa87d5d3e9574acb12b6893b1692ae79",
    "specs/schemas/event-descriptor.schema.json": "94077b85f611ea542973c17070f69777600d674f3ef58f3357e2a7e1dab1dbab",
    "specs/schemas/event-grant.schema.json": "650d6a86d340d81e01251aa9aa0d55a2d3707ade91b640c062d0139bfe04c134",
    "specs/schemas/event.schema.json": "63e548385953b8329defbf37cebdef48a511252b8e7f72259fdc5c49e60e2e98",
    "specs/schemas/grant.schema.json": "d6484b3b56ee38ac5212774ddebef394bc5253ce808fc386393db67365f128b1",
    "specs/schemas/package-index.schema.json": "034b4b91a39f69032a945d43244ed2ec78b250ad1e4e1d75ae66638efddaebd8",
    "specs/schemas/plugin.schema.json": "81eda75d8f60af321af081d41764cdc062d5755824366962413230b5d8905513",
    "specs/schemas/profile.schema.json": "0e1bbe23e99806004841c805d10b1840cb5be0be12bce5794b71b42b3addca5d",
    "specs/schemas/resolution-lock.schema.json": "c99b75abe56516b46610a814966ce31a6c53f5acf1ccfb7a22cf020fb5a330d8",
    "specs/schemas/response.schema.json": "8c5b06b51bdc450ba59213f5094a37e5bcd8715dc1fc057f0678e51511a327d1",
    "specs/schemas/revocation.schema.json": "57000e4b40347859ab0e200a07ce49e29dc159e4498fc39c0cd8b36618139b8f",
    "specs/schemas/root-rotation.schema.json": "308752da1df08d09ebd1a6ebb0a2cd4977581d510de5b9d9b78ab02f513e690d",
    "specs/schemas/secret-grant.schema.json": "8f73b533feb50b18ce714f614bf414559731470a7290069bbd1363cf651da8ff",
    "specs/schemas/signature.schema.json": "e4e5e6022e4899583c152f66e70c5521efc35b95c97027c8ffb214a6aa559dc3",
    "specs/schemas/trust-policy.schema.json": "3133b52fc56e5b4cd80a335bdadaa2aae1b241801095b1d226b31db3d1fad49a",
    "specs/vectors/canonical.json": "cc3e821484481b1d6ee1a4ebd527b0f7f52cbec7004f03da9f0da82569ce8894",
    "tests/contracts/cli.test.mjs": "731acf79431fe9c6afd039bc3f0e53657153e4237347bb2cb0d283e6c0d99ac1",
    "tests/contracts/runtime.test.mjs": "cb501b1bb18bc07a2e9795b4570b45681621a6454c443f70b2adf07a24591ed3",
    "tests/design/README.md": "70be31d2fb56da22a437f07ad25b142234f765c197096b8bf37b08a640f6476c",
    "tests/design/test_g1_completion.py": "e79c2e8cfe94a7d9083a1ffa9f1ced22a8178469364ad363b1c1603f3add598b",
    "tests/design/test_specifications.py": "dc7382f5bb21b1b897836ca18711f8374ce381a06cfa01ff3e59aef492055f1e",
    "tests/foundation/foundation.test.mjs": "effa0cf22c5eeca27cb021775d1f5f264ce3884317e975eb43edcd7962555767",
    "tests/foundation/types.test.ts": "fce60d4b8badd3d5da0a338da4e2f4232fc4604f0d862c472ce0936656a9c2e2",
    "tests/g7/admin-amendment.test.mjs": "38fd4b54a2307786376d9dd81b86964ebbd1b1820c3ed708a26e83d62561002e",
    "tests/g7/admin-boundary.mjs": "3189c99edf4b8c39a1c78e484265c537461d77861195af9f64f1804ecc431dd1",
    "tests/g7/bootstrap-trust.test.mjs": "78300474e33cda1472d77b0c17049170e367549ae8e0ca0d3b84970885b5b1c9",
    "tests/g7/cell-activation.test.mjs": "b8deb304a228469da65b0b7b468ada336efa49839d84eae40df310b3c41ea83e",
    "tests/g7/cell-fixture.mjs": "4da9fd7e8b2317114f363f7e45d7552b9bfda4a7a9ef4b24771df58a63a1a079",
    "tests/g7/cell-lifecycle-process.mjs": "d6614ce2aedbd0700fd8132eb65194665006261e647d61930da25fb8361d37d3",
    "tests/g7/cell-lifecycle.test.mjs": "b957c6411fb07e74131cdfa172bb18f37ff3394458cecc0803e58c962dbf8b2a",
    "tests/g7/cell-preparation.test.mjs": "085e5ddf852c581dfd510b5bf4d057648f06532d19bdfafe6e04caf9df468b2b",
    "tests/g7/cell-process.mjs": "5b6fc80fa2e6691a3a11face77ae8f3b73c8609396e4a5dead41cdc74db2a944",
    "tests/g7/clean-start-block.mjs": "bf39a1b90cd45a3ab005b84d58564b98f31a0666bbe317d260719e30702c19eb",
    "tests/g7/custody.test.mjs": "e33eb46c9c17a298240191f6f8c4017a0886b921f7b6b6eba294df804e26f7e9",
    "tests/g7/durable-worker.mjs": "6c276ce9c84236fdebdd29dea6bceba4ec8ba7eeb7b6ff9677284d0a410fb9c1",
    "tests/g7/r1-implementation.test.mjs": "526eff5fd216cf18e7a37145a7fec0f2eaf2cc023b866dc9cd0068e211a7f03c",
    "tests/g7/release-admission.test.mjs": "e0ddba8f347a31e013e84ac1c03a3a7c9c1765860da9b08cc8fada37149b3be4",
    "tests/g7/supervision-block.mjs": "6c6f7178c7abbdcdf70b19973e16f498fbc0c59d15ee3be4cc6b83557c6beb4d",
    "tests/g7/supervision.test.mjs": "3f7838f3c4bf9a6161607f78d0704cd03f9dd79f9696f40d922946364a331e95",
    "tests/g7/test_bootstrap.py": "1f1acdef2d06ccbdd34ef42126716b0142319edeecaafc04c749d52525bed736",
    "tests/g7/test_contract_model.py": "e4715d0df7e041aa3424fa1c38f91570d6e0a1eb220a47e466e7a7b7e8ae15b2",
    "tests/ipc/boundaries.test.mjs": "9c7a5d059d28c86bc894e7e291b8a5633deaa53d3bd8f0845dce252caf866005",
    "tests/ipc/host-sdk.test.mjs": "cfd749b330c911a1fb7f86a98eec3d81dd635df06548ef26e32feb42233a70e7",
    "tests/ipc/isolation-worker.mjs": "0799c2ec8b8d2bd06d4816185d5802faac86282497dd1fd178c1987894e2ca2d",
    "tests/ipc/isolation.test.mjs": "e2ae57bbb6fdc20855de3154b9871f87286e81d334aed8053f606547e548d93c",
    "tests/ipc/native-malformed.py": "540b8bea89aeca97e0a28f1e89b1155c8b2a543162d6a86a06a08e7b4b4608e7",
    "tests/ipc/native-worker.mjs": "b0f95e41644bb579ad679bcbb8c64b72a9abbe6987ae483f36b4524472b13898",
    "tests/ipc/native.test.mjs": "b30efa85365a26a22e01c8a3c26ac94baf44e9a3b78343fab06a513f579e5e49",
    "tests/ipc/production-closure.test.mjs": "f440d8be2de2d9bd9019044a3ff6dd7b97b8939de4c01fc21a5c5137b23c2034",
    "tests/ipc/qualification-consumer.test.mjs": "b64ca625f25584596566e1c5d8f86071df150b98ef0e5966fe18ae2b451c78fa",
    "tests/ipc/qualification-worker.mjs": "02780ca85d20627b515d01f7c9092342ac2300888cfc6733f37b070944d58fdc",
    "tests/ipc/reap.test.mjs": "8292bdc1e710125a6ea12645e70514afddbed66b431ce5aa49dfd540ab4cbeee",
    "tests/ipc/scheduler.test.mjs": "b4477e3b0a10379140f98882ea144d2a29bc7ba6aacda8dce6a31465cb10886f",
    "tests/ipc/scope-completion.test.mjs": "c5f05a961667b750e16b31fc362f3ecfaf672296618c146270a3cb155ea47300",
    "tests/ipc/scope-correction.test.mjs": "bb7347e3c9118fef40f92287d24e008ade78c623ba6b3642134af907e11c4899",
    "tests/ipc/scope-wire.test.mjs": "23fff2ccd9a9edef178ff5ac2696839acb19150fb8fe1d7a77afa536d2784976",
    "tests/ipc/sdk-bookkeeping.test.mjs": "7528dd5523cf9d7b1d0e65ba6ec452ac7af0de9dc04ce45db01e6c23519d5b77",
    "tests/ipc/session-qualification.test.mjs": "a3a0dc6ffa90afc58f4ea25f47be8fc4bb9f0ea8cb9c65729603901dcf04ad00",
    "tests/ipc/wire.test.mjs": "211bb24f49ac22f48c6cbed4c0ae87f3b4cbb94ff4dfb3cee46c1f42807e975c",
    "tests/kernel/adversarial.test.mjs": "8b7c57a3c78455636fc2e1b404fe9dc8190151ecc8e201aef6f3dcc17c875150",
    "tests/kernel/kernel.test.mjs": "212f06306738fbdf66decd7edf37f311038edc6fe71bbd1ce87981487b471691",
    "tests/kernel/vectors.test.mjs": "c32d61e950cff9a4dfc027fbe11d10a63ee89c1837f686b1257c3fb59b359c0a",
    "tests/reference/verify_g0.py": "14942a5cc41863556113164fc9db124ebd1c00a9b7c4ee117c7697251491db71",
    "tests/sdk/kernel-sdk.test.mjs": "c994a6ac26f9262560923054ca3994a48891f9a17f11c7975558370900b943ff",
    "tests/sdk/sdk.test.mjs": "956f71fffb846d5ad544242e94dfd59d6c0b2026cb923289d8f69564d49746da",
    "toolchain.lock.json": "078cc50770b1ede31fcf4346a1ad316c97d1ffe6d0a55fe44a929d8a1fb612f6",
    "tools/bootstrap.py": "89a0e2b46b0b94cfa4befadf56e9e9377907cac1a2f73306461e977e6bdb023d",
    "tools/build-g6-native.py": "661f7b43f18f39e93ff718aea3d5ee3f84cdf6463e58847ef7b2a29178fa1811",
    "tools/build-g7-native.py": "a2b66b8758fe4d75dd6b906a8a57bf999e8eb1d825d0737ff2b55de6bb4542fc",
    "tools/build.mjs": "7e3af5a8cb619e7bbafb05f1fcd4132a66b055933d85d681257b9a9e37c7c18d",
    "tools/check-boundaries.mjs": "2b01b5936977a644b11fff98cb8abe289bfb1ea5ba62e04e13d2cf4697c9d619",
    "tools/check-dependencies.py": "12fff6b167368896e06ccbcdebfa6ba87414a7910f0760266d8c9462761b0b3c",
    "tools/check-g6-design.py": "4957635ae3d59deb6a634a5658c871d1b972f63949dae82fa9e96964c297e6dd",
    "tools/check-schema-sync.mjs": "c0fec6356288b30c4f151968f8c1acfef87cc3174da45f0b7721c14f10595e6b",
    "tools/check-sdk-api.mjs": "dd2b1e5a54d62feca165c0fcb1b149d159ab8e082c3f7bf28f61d4beb35116a3",
    "tools/check-secrets.py": "47b635b848efdebac48b396f5ff2aac09be5061fccbb7def0736390e14c2e229",
    "tools/check-toolchain.mjs": "a85c3e3e0e6d696a4224e57078030dba76c47a6f20d1aeab763f753488090c47",
    "tools/echo-demo.mjs": "e4d8f495e8b56139e977b9456f58c2f008ca539184246cf085fd78946ddb5991",
    "tools/g3-fixtures.mjs": "198b66c42d184d3aa705ce2266f7da34722c24e9dfcd2295c82d1dcfd7001d9e",
    "tools/g6_context_model.py": "d010417d8384d61c0def97e6ad0245d96c16132c03344879d539690a68197740",
    "tools/g7-admin.mjs": "db619be91cf91fd525f358a0d93fc36a479afc69ce822fdff8e11b202899b7cd",
    "tools/g7-archive.mjs": "9fe1304cb74a2dd2517a54d15fb974925e875572bff4c05139018dacbf2c2a3d",
    "tools/g7-bootstrap-trust.py": "df7a35f18c97a62e716563c0f94ef08f31d218471377b1688b04ec86b4c96ede",
    "tools/g7-cell-cli.mjs": "3eb3f84d60f985d60c811c84f191c2a9d41db4443cdbc45a8eabc87746dddd3c",
    "tools/g7-cell-owner.mjs": "a978ad5d4cdc18e941a722d16caaa468e59250d34aaddf6203c4b5046eeaa3f4",
    "tools/g7-cell.mjs": "0ebd888f7231c01b6420f5e7b9fc665abe0f15bf7cac1e1a782375b06bf5e36c",
    "tools/g7-contract-model.py": "df53ac2808c4e45e6418f7bcf1c199dfd612facc600910f5f3cf501f55a92493",
    "tools/g7-durable.mjs": "53341d22f4eb632a6336ddee9bc20453fda15480bf77d24a46aab93fa9d76ec2",
    "tools/g7-inspect.mjs": "c8a653f1a6c9d3ee4a109b81f22ec21d4b2dc417da3c1dcfc8c64e48d382cc6d",
    "tools/g7-owner-channel.mjs": "6a2a46ff044cb7cecc4efd7e37ef7dc954b2033b31e288b30214b54da174c19e",
    "tools/g7-release.mjs": "764dcbb05601052d5382ebc7893a2ef2dda670761b17506d08f47a1493ff79fa",
    "tools/g7-supervisor.py": "819dadfb888858f8f26bd8557368fe287caf20e24d32d486f27609ec94f448f8",
    "tools/generate-g4-fixtures.mjs": "54a5ebcd3235680b0c6baca2e9c61e319f6b1202dcfb2644beb081968a776d7c",
    "tools/generate-g6-wire.mjs": "aa1ccb99a11b6be214a777d5b71661c4cf156d8277e3b5f3f599b75de0b55c09",
    "tools/probe-g6-carrier.py": "05a569102957a2f9f9dd9f87c8bf031dea64a0f3f138ed4fe00afa143f494463",
    "tools/probe-g6-host.py": "a61dd81df7308602a2a30742286b6b417f0fd72ce40c56b24268f4a2b2c05b1d",
    "tools/run-design.py": "8d2405349819aa7c543cff487b00d45ff8230a2d32d55294a66b6e74c1163961",
    "tools/test-external-sdk.mjs": "909e654a969ecabc207975de5d3663042e75ecb7f2fd4ca348ee63bee53b3ff1",
    "tools/test-g6-context-model.py": "4c444c383d7043b21f15c16c46e9c7526e84b02e905dde28b6d0ad349f4cb02e",
    "tools/test-isolated.mjs": "976336830fc21daaf536824df57c5f1eebd24ef93538c94fa26505478f228c29",
    "tools/verify-g7-initial-trust.mjs": "caf2c6e37d263afdcd8f9a16f0346e04a57b9f487206bd801a925e046d9a3adc",
    "tsconfig.build.json": "a7d7fd69693bf585e87d3a1882d756cb209bb3106c5edae124d4320a66594e60",
    "tsconfig.json": "00838c5b820a07e24e6c5dd4b492fa97199199bbfbeb714619ab8cac152d3beb"
  }
}
