
> alica-v2@0.0.0 build
> node tools/build.mjs

DIAGNOSTIC_SAMPLE 1
IPC_DIAG assertion initial-deny line120
IPC_DIAG initial-deny passed
(node:205621) ExperimentalWarning: VM Modules is an experimental feature and might change at any time
(Use `node --trace-warnings ...` to show where the warning was created)
IPC_DIAG deadline passed
IPC_DIAG assertion revoke line169
IPC_DIAG revoke passed
✔ same-source matrix consumer inproc: ancestry, authority and live sibling independence (1166.686344ms)
ℹ {"consumerSHA256":"08d5ac0a053a0be9c317c179dd704e90fba78b9e8585244b4c3973e79b0e8f95","providerASHA256":"9746fbf0ad5898e51a35a6209e80d09aedbe2126817a97da831192fc9244449d","providerBSHA256":"a82f9788b6336be98163ce077838f99a7e2a60bad4c58fc78054f110a62a9179"}
(node:205631) ExperimentalWarning: VM Modules is an experimental feature and might change at any time
(Use `node --trace-warnings ...` to show where the warning was created)
IPC_DIAG receive org.alica.matrixprovidera c1 request [Object: null prototype] {
  capabilityId: 'org.alica.matrixa',
  descriptorDigest: 'sha256:567c3c109971c611cdc932f189e75194252519c2f7766f27c8bbecb2b178f1fa',
  kind: 'register',
  scopeId: 'root',
  wireId: 134217730
}
IPC_DIAG receive org.alica.matrixprovidera c1 response [Object: null prototype] { kind: 'activated', wireId: 134217729 }
IPC_DIAG finish 7341ace622a9a68af882e5159cb06b2dc5c0f5473a9565823cbea08f3585591f c1 complete
IPC_DIAG worker-retire 205631 c1 UNAVAILABLE
(node:205637) ExperimentalWarning: VM Modules is an experimental feature and might change at any time
(Use `node --trace-warnings ...` to show where the warning was created)
IPC_DIAG receive org.alica.matrixproviderb c1 request [Object: null prototype] {
  capabilityId: 'org.alica.matrixb',
  descriptorDigest: 'sha256:f2194573d7164d46924aa549625e7139c5286fba31598324645b2c0f668607ac',
  kind: 'register',
  scopeId: 'root',
  wireId: 134217730
}
IPC_DIAG receive org.alica.matrixproviderb c1 response [Object: null prototype] { kind: 'activated', wireId: 134217729 }
IPC_DIAG finish b6e3025f1040433bd3ae5800dbae4c22547183dc89b74305d209b441661e9c4a c1 complete
IPC_DIAG worker-retire 205637 c1 UNAVAILABLE
IPC_DIAG assertion initial-deny line120
IPC_DIAG receive org.alica.matrixprovidera c2 request [Object: null prototype] {
  kind: 'bind',
  optional: true,
  requirementIndex: 0,
  scopeId: 'root',
  wireId: 134217732
}
IPC_DIAG receive org.alica.matrixprovidera c2 response [Object: null prototype] {
  kind: 'invoke',
  response: [Object: null prototype] {
    requestId: '7ab68079-d684-4736-a394-e2cf64f0f9f3',
    result: [Object: null prototype] {
      error: [Object: null prototype],
      kind: 'error'
    }
  },
  wireId: 134217731
}
IPC_DIAG finish 7341ace622a9a68af882e5159cb06b2dc5c0f5473a9565823cbea08f3585591f c2 complete
IPC_DIAG initial-deny passed
IPC_DIAG worker-retire 205631 c2 UNAVAILABLE
IPC_DIAG receive org.alica.matrixprovidera c3 request [Object: null prototype] {
  kind: 'bind',
  optional: true,
  requirementIndex: 0,
  scopeId: 'root',
  wireId: 134217734
}
IPC_DIAG receive org.alica.matrixprovidera c3 request [Object: null prototype] {
  call: [Object: null prototype] {
    capabilityId: 'org.alica.matrixb',
    deadlineMs: 1789722694638,
    descriptorDigest: 'sha256:f2194573d7164d46924aa549625e7139c5286fba31598324645b2c0f668607ac',
    operation: 'run',
    payload: 'nest:1',
    requestId: 'de0d5754-0d96-4782-a8e2-b2f5c30c0106'
  },
  handleId: 'ca049b99-191c-4eb5-807d-9734c0ccc808',
  kind: 'outbound',
  requestedMs: 4454,
  wireId: 134217729
}
IPC_DIAG receive org.alica.matrixproviderb c2 request [Object: null prototype] {
  kind: 'bind',
  optional: true,
  requirementIndex: 0,
  scopeId: 'root',
  wireId: 134217732
}
IPC_DIAG receive org.alica.matrixproviderb c2 request [Object: null prototype] {
  call: [Object: null prototype] {
    capabilityId: 'org.alica.matrixa',
    deadlineMs: 1789722694638,
    descriptorDigest: 'sha256:567c3c109971c611cdc932f189e75194252519c2f7766f27c8bbecb2b178f1fa',
    operation: 'run',
    payload: 'nest:0',
    requestId: 'b460b556-c129-4820-9492-53866bf1a5d3'
  },
  handleId: 'f132f730-c80e-4ea3-ad56-61b91c51b485',
  kind: 'outbound',
  requestedMs: 4384,
  wireId: 134217729
}
IPC_DIAG receive org.alica.matrixprovidera c4 response [Object: null prototype] {
  kind: 'invoke',
  response: [Object: null prototype] {
    requestId: '4661231f-5eb0-4b4f-9f0a-a3d53615383a',
    result: [Object: null prototype] { kind: 'success', value: 'leaf' }
  },
  wireId: 134217735
}
IPC_DIAG finish 7341ace622a9a68af882e5159cb06b2dc5c0f5473a9565823cbea08f3585591f c4 complete
IPC_DIAG worker-retire 205631 c4 UNAVAILABLE
IPC_DIAG receive org.alica.matrixproviderb c2 response [Object: null prototype] {
  kind: 'invoke',
  response: [Object: null prototype] {
    requestId: 'ee0ff1fb-dbc2-4054-88e1-d04ab0f44e79',
    result: [Object: null prototype] { kind: 'success', value: 'leaf' }
  },
  wireId: 134217731
}
IPC_DIAG finish b6e3025f1040433bd3ae5800dbae4c22547183dc89b74305d209b441661e9c4a c2 complete
IPC_DIAG worker-retire 205637 c2 UNAVAILABLE
IPC_DIAG receive org.alica.matrixprovidera c3 response [Object: null prototype] {
  kind: 'invoke',
  response: [Object: null prototype] {
    requestId: '293ca89b-8439-420a-8201-3f10ee1f5e40',
    result: [Object: null prototype] { kind: 'success', value: 'leaf' }
  },
  wireId: 134217733
}
IPC_DIAG finish 7341ace622a9a68af882e5159cb06b2dc5c0f5473a9565823cbea08f3585591f c3 complete
IPC_DIAG worker-retire 205631 c3 UNAVAILABLE
IPC_DIAG receive org.alica.matrixprovidera c5 request [Object: null prototype] {
  kind: 'bind',
  optional: true,
  requirementIndex: 0,
  scopeId: 'root',
  wireId: 134217736
}
IPC_DIAG receive org.alica.matrixprovidera c5 request [Object: null prototype] {
  call: [Object: null prototype] {
    capabilityId: 'org.alica.matrixb',
    deadlineMs: 1789722694843,
    descriptorDigest: 'sha256:f2194573d7164d46924aa549625e7139c5286fba31598324645b2c0f668607ac',
    operation: 'run',
    payload: 'nest:3',
    requestId: 'b5907fba-78bf-49ea-8ae1-d1e188393a96'
  },
  handleId: '1d3febf4-3038-4e75-9f19-90081db762d1',
  kind: 'outbound',
  requestedMs: 4456,
  wireId: 134217731
}
IPC_DIAG receive org.alica.matrixproviderb c3 request [Object: null prototype] {
  kind: 'bind',
  optional: true,
  requirementIndex: 0,
  scopeId: 'root',
  wireId: 134217734
}
IPC_DIAG receive org.alica.matrixproviderb c3 request [Object: null prototype] {
  call: [Object: null prototype] {
    capabilityId: 'org.alica.matrixa',
    deadlineMs: 1789722694843,
    descriptorDigest: 'sha256:567c3c109971c611cdc932f189e75194252519c2f7766f27c8bbecb2b178f1fa',
    operation: 'run',
    payload: 'nest:2',
    requestId: '5a6d6462-8ad1-49fc-a33e-616d73d0c273'
  },
  handleId: '51e8e806-ae4b-47e1-b687-a7d2d548e470',
  kind: 'outbound',
  requestedMs: 4394,
  wireId: 134217731
}
IPC_DIAG receive org.alica.matrixprovidera c6 request [Object: null prototype] {
  kind: 'bind',
  optional: true,
  requirementIndex: 0,
  scopeId: 'root',
  wireId: 134217738
}
IPC_DIAG receive org.alica.matrixprovidera c6 request [Object: null prototype] {
  call: [Object: null prototype] {
    capabilityId: 'org.alica.matrixb',
    deadlineMs: 1789722694843,
    descriptorDigest: 'sha256:f2194573d7164d46924aa549625e7139c5286fba31598324645b2c0f668607ac',
    operation: 'run',
    payload: 'nest:1',
    requestId: 'a8b1842a-1fd9-408c-81fb-7e64b24fc610'
  },
  handleId: '1480f9b7-1d30-4073-9232-872f383edba2',
  kind: 'outbound',
  requestedMs: 4316,
  wireId: 134217733
}
IPC_DIAG receive org.alica.matrixproviderb c4 request [Object: null prototype] {
  kind: 'bind',
  optional: true,
  requirementIndex: 0,
  scopeId: 'root',
  wireId: 134217736
}
IPC_DIAG receive org.alica.matrixproviderb c4 request [Object: null prototype] {
  call: [Object: null prototype] {
    capabilityId: 'org.alica.matrixa',
    deadlineMs: 1789722694843,
    descriptorDigest: 'sha256:567c3c109971c611cdc932f189e75194252519c2f7766f27c8bbecb2b178f1fa',
    operation: 'run',
    payload: 'nest:0',
    requestId: 'c166d92a-fc5f-41cf-b892-064379316bc4'
  },
  handleId: '68ccf92e-09e1-43a0-8f9b-8378ed160ed2',
  kind: 'outbound',
  requestedMs: 4211,
  wireId: 134217733
}
IPC_DIAG receive org.alica.matrixprovidera c7 response [Object: null prototype] {
  kind: 'invoke',
  response: [Object: null prototype] {
    requestId: '88ba1004-6cfc-4e53-b8be-60f24857a2a0',
    result: [Object: null prototype] { kind: 'success', value: 'leaf' }
  },
  wireId: 134217741
}
IPC_DIAG finish 7341ace622a9a68af882e5159cb06b2dc5c0f5473a9565823cbea08f3585591f c7 complete
IPC_DIAG worker-retire 205631 c7 UNAVAILABLE
IPC_DIAG receive org.alica.matrixproviderb c4 response [Object: null prototype] {
  kind: 'invoke',
  response: [Object: null prototype] {
    requestId: '69363dca-7033-4ec1-a0c8-9c26cd3e82ee',
    result: [Object: null prototype] { kind: 'success', value: 'leaf' }
  },
  wireId: 134217735
}
IPC_DIAG finish b6e3025f1040433bd3ae5800dbae4c22547183dc89b74305d209b441661e9c4a c4 complete
IPC_DIAG worker-retire 205637 c4 UNAVAILABLE
IPC_DIAG receive org.alica.matrixprovidera c6 response [Object: null prototype] {
  kind: 'invoke',
  response: [Object: null prototype] {
    requestId: '55022fc5-a059-4210-93de-7d0d08f49fc7',
    result: [Object: null prototype] { kind: 'success', value: 'leaf' }
  },
  wireId: 134217739
}
IPC_DIAG finish 7341ace622a9a68af882e5159cb06b2dc5c0f5473a9565823cbea08f3585591f c6 complete
IPC_DIAG worker-retire 205631 c6 UNAVAILABLE
IPC_DIAG receive org.alica.matrixproviderb c3 response [Object: null prototype] {
  kind: 'invoke',
  response: [Object: null prototype] {
    requestId: '653ee1dc-961c-4b34-b753-978b0da57b59',
    result: [Object: null prototype] { kind: 'success', value: 'leaf' }
  },
  wireId: 134217733
}
IPC_DIAG finish b6e3025f1040433bd3ae5800dbae4c22547183dc89b74305d209b441661e9c4a c3 complete
IPC_DIAG worker-retire 205637 c3 UNAVAILABLE
IPC_DIAG receive org.alica.matrixprovidera c5 response [Object: null prototype] {
  kind: 'invoke',
  response: [Object: null prototype] {
    requestId: '12999064-d010-4573-aa36-07bae2022c98',
    result: [Object: null prototype] { kind: 'success', value: 'leaf' }
  },
  wireId: 134217737
}
IPC_DIAG finish 7341ace622a9a68af882e5159cb06b2dc5c0f5473a9565823cbea08f3585591f c5 complete
IPC_DIAG worker-retire 205631 c5 UNAVAILABLE
IPC_DIAG receive org.alica.matrixprovidera c8 request [Object: null prototype] {
  kind: 'bind',
  optional: true,
  requirementIndex: 0,
  scopeId: 'root',
  wireId: 134217740
}
IPC_DIAG receive org.alica.matrixprovidera c8 request [Object: null prototype] {
  call: [Object: null prototype] {
    capabilityId: 'org.alica.matrixb',
    deadlineMs: 1789722695286,
    descriptorDigest: 'sha256:f2194573d7164d46924aa549625e7139c5286fba31598324645b2c0f668607ac',
    operation: 'run',
    payload: 'nest:23',
    requestId: 'ad91af74-ebe4-47ef-bb3b-cd1944477614'
  },
  handleId: '7f835485-bdcd-4265-a51c-d38d66802424',
  kind: 'outbound',
  requestedMs: 4461,
  wireId: 134217735
}
IPC_DIAG receive org.alica.matrixproviderb c5 request [Object: null prototype] {
  kind: 'bind',
  optional: true,
  requirementIndex: 0,
  scopeId: 'root',
  wireId: 134217738
}
IPC_DIAG receive org.alica.matrixproviderb c5 request [Object: null prototype] {
  call: [Object: null prototype] {
    capabilityId: 'org.alica.matrixa',
    deadlineMs: 1789722695286,
    descriptorDigest: 'sha256:567c3c109971c611cdc932f189e75194252519c2f7766f27c8bbecb2b178f1fa',
    operation: 'run',
    payload: 'nest:22',
    requestId: 'c5480781-1bd8-4b19-a051-4545d29a1958'
  },
  handleId: '80e6af9a-88b3-4496-8d59-c27056ffee18',
  kind: 'outbound',
  requestedMs: 4400,
  wireId: 134217735
}
IPC_DIAG receive org.alica.matrixprovidera c9 request [Object: null prototype] {
  kind: 'bind',
  optional: true,
  requirementIndex: 0,
  scopeId: 'root',
  wireId: 134217742
}
IPC_DIAG receive org.alica.matrixprovidera c9 request [Object: null prototype] {
  call: [Object: null prototype] {
    capabilityId: 'org.alica.matrixb',
    deadlineMs: 1789722695286,
    descriptorDigest: 'sha256:f2194573d7164d46924aa549625e7139c5286fba31598324645b2c0f668607ac',
    operation: 'run',
    payload: 'nest:21',
    requestId: 'c9f8d734-5dc6-4a80-aaaa-5749aa63fbe4'
  },
  handleId: 'bbcd2c97-cad8-4c33-b1db-a1b92e35f106',
  kind: 'outbound',
  requestedMs: 4323,
  wireId: 134217737
}
IPC_DIAG receive org.alica.matrixproviderb c6 request [Object: null prototype] {
  kind: 'bind',
  optional: true,
  requirementIndex: 0,
  scopeId: 'root',
  wireId: 134217740
}
IPC_DIAG receive org.alica.matrixproviderb c6 request [Object: null prototype] {
  call: [Object: null prototype] {
    capabilityId: 'org.alica.matrixa',
    deadlineMs: 1789722695286,
    descriptorDigest: 'sha256:567c3c109971c611cdc932f189e75194252519c2f7766f27c8bbecb2b178f1fa',
    operation: 'run',
    payload: 'nest:20',
    requestId: '8ddabcaf-fe87-4906-85d0-0d99d29a8d29'
  },
  handleId: '156d1abd-9c89-48b8-a8fc-5c675be3c923',
  kind: 'outbound',
  requestedMs: 4234,
  wireId: 134217737
}
IPC_DIAG receive org.alica.matrixprovidera c10 request [Object: null prototype] {
  kind: 'bind',
  optional: true,
  requirementIndex: 0,
  scopeId: 'root',
  wireId: 134217744
}
IPC_DIAG receive org.alica.matrixprovidera c10 request [Object: null prototype] {
  call: [Object: null prototype] {
    capabilityId: 'org.alica.matrixb',
    deadlineMs: 1789722695286,
    descriptorDigest: 'sha256:f2194573d7164d46924aa549625e7139c5286fba31598324645b2c0f668607ac',
    operation: 'run',
    payload: 'nest:19',
    requestId: '8f85210a-652e-493d-8207-47be417ec901'
  },
  handleId: '2b966218-c606-4f03-870e-99a94d7066b9',
  kind: 'outbound',
  requestedMs: 4136,
  wireId: 134217739
}
IPC_DIAG receive org.alica.matrixproviderb c7 request [Object: null prototype] {
  kind: 'bind',
  optional: true,
  requirementIndex: 0,
  scopeId: 'root',
  wireId: 134217742
}
IPC_DIAG receive org.alica.matrixproviderb c7 request [Object: null prototype] {
  call: [Object: null prototype] {
    capabilityId: 'org.alica.matrixa',
    deadlineMs: 1789722695286,
    descriptorDigest: 'sha256:567c3c109971c611cdc932f189e75194252519c2f7766f27c8bbecb2b178f1fa',
    operation: 'run',
    payload: 'nest:18',
    requestId: '118fe5dc-3dba-4520-ad45-2f334c13dcef'
  },
  handleId: '0a6dc9d2-f1c5-494d-896c-30c83bf34a89',
  kind: 'outbound',
  requestedMs: 4011,
  wireId: 134217739
}
IPC_DIAG receive org.alica.matrixprovidera c11 request [Object: null prototype] {
  kind: 'bind',
  optional: true,
  requirementIndex: 0,
  scopeId: 'root',
  wireId: 134217746
}
IPC_DIAG receive org.alica.matrixprovidera c11 request [Object: null prototype] {
  call: [Object: null prototype] {
    capabilityId: 'org.alica.matrixb',
    deadlineMs: 1789722695286,
    descriptorDigest: 'sha256:f2194573d7164d46924aa549625e7139c5286fba31598324645b2c0f668607ac',
    operation: 'run',
    payload: 'nest:17',
    requestId: 'b100a53d-4c2f-45e0-8c3e-4be03e5727f1'
  },
  handleId: 'e397a410-2591-4b18-bfbe-c131af858b97',
  kind: 'outbound',
  requestedMs: 3859,
  wireId: 134217741
}
IPC_DIAG receive org.alica.matrixproviderb c8 request [Object: null prototype] {
  kind: 'bind',
  optional: true,
  requirementIndex: 0,
  scopeId: 'root',
  wireId: 134217744
}
IPC_DIAG receive org.alica.matrixproviderb c8 request [Object: null prototype] {
  call: [Object: null prototype] {
    capabilityId: 'org.alica.matrixa',
    deadlineMs: 1789722695286,
    descriptorDigest: 'sha256:567c3c109971c611cdc932f189e75194252519c2f7766f27c8bbecb2b178f1fa',
    operation: 'run',
    payload: 'nest:16',
    requestId: '52bd98f2-a829-4136-afaf-e62450a6c282'
  },
  handleId: '4a57f7a8-c390-4fa4-af1a-49b8f3ed1f3a',
  kind: 'outbound',
  requestedMs: 3714,
  wireId: 134217741
}
IPC_DIAG receive org.alica.matrixproviderb c8 response [Object: null prototype] {
  kind: 'invoke',
  response: [Object: null prototype] {
    requestId: 'eac782d4-35cc-4f49-98a2-9cdb244fa333',
    result: [Object: null prototype] {
      error: [Object: null prototype],
      kind: 'error'
    }
  },
  wireId: 134217743
}
IPC_DIAG finish b6e3025f1040433bd3ae5800dbae4c22547183dc89b74305d209b441661e9c4a c8 complete
IPC_DIAG worker-retire 205637 c8 UNAVAILABLE
IPC_DIAG receive org.alica.matrixprovidera c11 response [Object: null prototype] {
  kind: 'invoke',
  response: [Object: null prototype] {
    requestId: '102757ea-fc78-4152-93f3-acba414ea735',
    result: [Object: null prototype] {
      error: [Object: null prototype],
      kind: 'error'
    }
  },
  wireId: 134217749
}
IPC_DIAG finish 7341ace622a9a68af882e5159cb06b2dc5c0f5473a9565823cbea08f3585591f c11 complete
IPC_DIAG worker-retire 205631 c11 UNAVAILABLE
IPC_DIAG receive org.alica.matrixproviderb c7 response [Object: null prototype] {
  kind: 'invoke',
  response: [Object: null prototype] {
    requestId: '2cc92822-b0c5-4e89-9221-08595ec6a20c',
    result: [Object: null prototype] {
      error: [Object: null prototype],
      kind: 'error'
    }
  },
  wireId: 134217741
}
IPC_DIAG finish b6e3025f1040433bd3ae5800dbae4c22547183dc89b74305d209b441661e9c4a c7 complete
IPC_DIAG worker-retire 205637 c7 UNAVAILABLE
IPC_DIAG receive org.alica.matrixprovidera c10 response [Object: null prototype] {
  kind: 'invoke',
  response: [Object: null prototype] {
    requestId: 'abd3aba4-60ab-41ab-ae5f-7ed3e10eb792',
    result: [Object: null prototype] {
      error: [Object: null prototype],
      kind: 'error'
    }
  },
  wireId: 134217747
}
IPC_DIAG finish 7341ace622a9a68af882e5159cb06b2dc5c0f5473a9565823cbea08f3585591f c10 complete
IPC_DIAG worker-retire 205631 c10 UNAVAILABLE
IPC_DIAG receive org.alica.matrixproviderb c6 response [Object: null prototype] {
  kind: 'invoke',
  response: [Object: null prototype] {
    requestId: 'b8c623cb-a84c-4789-80d2-989b00cf5dd0',
    result: [Object: null prototype] {
      error: [Object: null prototype],
      kind: 'error'
    }
  },
  wireId: 134217739
}
IPC_DIAG finish b6e3025f1040433bd3ae5800dbae4c22547183dc89b74305d209b441661e9c4a c6 complete
IPC_DIAG worker-retire 205637 c6 UNAVAILABLE
IPC_DIAG receive org.alica.matrixprovidera c9 response [Object: null prototype] {
  kind: 'invoke',
  response: [Object: null prototype] {
    requestId: 'e4acd150-5fe7-426a-ad4d-92b908fdd7ab',
    result: [Object: null prototype] {
      error: [Object: null prototype],
      kind: 'error'
    }
  },
  wireId: 134217745
}
IPC_DIAG finish 7341ace622a9a68af882e5159cb06b2dc5c0f5473a9565823cbea08f3585591f c9 complete
IPC_DIAG worker-retire 205631 c9 UNAVAILABLE
IPC_DIAG receive org.alica.matrixproviderb c5 response [Object: null prototype] {
  kind: 'invoke',
  response: [Object: null prototype] {
    requestId: '82fb3057-6734-4824-a759-de7d3d8a43cc',
    result: [Object: null prototype] {
      error: [Object: null prototype],
      kind: 'error'
    }
  },
  wireId: 134217737
}
IPC_DIAG finish b6e3025f1040433bd3ae5800dbae4c22547183dc89b74305d209b441661e9c4a c5 complete
IPC_DIAG worker-retire 205637 c5 UNAVAILABLE
IPC_DIAG receive org.alica.matrixprovidera c8 response [Object: null prototype] {
  kind: 'invoke',
  response: [Object: null prototype] {
    requestId: '7a20bfe5-1cc5-4094-8f54-bcc352b2ac36',
    result: [Object: null prototype] {
      error: [Object: null prototype],
      kind: 'error'
    }
  },
  wireId: 134217743
}
IPC_DIAG finish 7341ace622a9a68af882e5159cb06b2dc5c0f5473a9565823cbea08f3585591f c8 complete
IPC_DIAG worker-retire 205631 c8 UNAVAILABLE
IPC_DIAG receive org.alica.matrixproviderb c9 response [Object: null prototype] {
  kind: 'invoke',
  response: [Object: null prototype] {
    requestId: 'ed419855-ea5e-4f9c-9eb1-9e64ee937b4e',
    result: [Object: null prototype] { kind: 'success', value: 'leaf' }
  },
  wireId: 134217745
}
IPC_DIAG finish b6e3025f1040433bd3ae5800dbae4c22547183dc89b74305d209b441661e9c4a c9 complete
IPC_DIAG worker-retire 205637 c9 UNAVAILABLE
IPC_DIAG receive org.alica.matrixprovidera c12 request [Object: null prototype] {
  kind: 'bind',
  optional: true,
  requirementIndex: 0,
  scopeId: 'root',
  wireId: 134217748
}
IPC_DIAG receive org.alica.matrixproviderb c10 response [Object: null prototype] {
  kind: 'invoke',
  response: [Object: null prototype] {
    requestId: '6877195d-6d74-4746-a652-3d4a55be2f89',
    result: [Object: null prototype] { kind: 'success', value: '0:0:0' }
  },
  wireId: 134217747
}
IPC_DIAG finish b6e3025f1040433bd3ae5800dbae4c22547183dc89b74305d209b441661e9c4a c10 complete
IPC_DIAG worker-retire 205637 c10 UNAVAILABLE
IPC_DIAG receive org.alica.matrixprovidera c12 request [Object: null prototype] {
  call: [Object: null prototype] {
    capabilityId: 'org.alica.matrixb',
    deadlineMs: 1789722696265,
    descriptorDigest: 'sha256:f2194573d7164d46924aa549625e7139c5286fba31598324645b2c0f668607ac',
    operation: 'run',
    payload: 'wait',
    requestId: '28e8a387-8253-4371-87f9-e08a737c528e'
  },
  handleId: '172fa7d4-8954-4b04-8e30-5aeeefb63ff2',
  kind: 'outbound',
  requestedMs: 4434,
  wireId: 134217743
}
IPC_DIAG receive org.alica.matrixproviderb c12 response [Object: null prototype] {
  kind: 'invoke',
  response: [Object: null prototype] {
    requestId: 'ea82db8c-18b9-410b-a5ef-e3f8e4cf21c5',
    result: [Object: null prototype] { kind: 'success', value: '1:0:0' }
  },
  wireId: 134217751
}
IPC_DIAG finish b6e3025f1040433bd3ae5800dbae4c22547183dc89b74305d209b441661e9c4a c12 complete
IPC_DIAG worker-retire 205637 c12 UNAVAILABLE
IPC_DIAG finish 7341ace622a9a68af882e5159cb06b2dc5c0f5473a9565823cbea08f3585591f c12 CANCELLED
IPC_DIAG finish b6e3025f1040433bd3ae5800dbae4c22547183dc89b74305d209b441661e9c4a c11 CANCELLED
IPC_DIAG worker-retire 205631 c12 UNAVAILABLE
IPC_DIAG worker-retire 205637 c11 UNAVAILABLE
IPC_DIAG receive org.alica.matrixproviderb c13 response [Object: null prototype] {
  kind: 'invoke',
  response: [Object: null prototype] {
    requestId: 'ecd39ac8-d42f-4b30-af9c-7ec655ff1e33',
    result: [Object: null prototype] { kind: 'success', value: 'slow' }
  },
  wireId: 134217753
}
IPC_DIAG finish b6e3025f1040433bd3ae5800dbae4c22547183dc89b74305d209b441661e9c4a c13 complete
IPC_DIAG worker-retire 205637 c13 UNAVAILABLE
IPC_DIAG receive org.alica.matrixproviderb c14 response [Object: null prototype] {
  kind: 'invoke',
  response: [Object: null prototype] {
    requestId: 'ebdf4f57-456f-447b-b847-858392a085ba',
    result: [Object: null prototype] { kind: 'success', value: '1:1:0' }
  },
  wireId: 134217755
}
IPC_DIAG finish b6e3025f1040433bd3ae5800dbae4c22547183dc89b74305d209b441661e9c4a c14 complete
IPC_DIAG worker-retire 205637 c14 UNAVAILABLE
IPC_DIAG receive org.alica.matrixprovidera c13 request [Object: null prototype] {
  kind: 'bind',
  optional: true,
  requirementIndex: 0,
  scopeId: 'root',
  wireId: 134217750
}
IPC_DIAG receive org.alica.matrixprovidera c13 request [Object: null prototype] {
  call: [Object: null prototype] {
    capabilityId: 'org.alica.matrixb',
    deadlineMs: 1789722692223,
    descriptorDigest: 'sha256:f2194573d7164d46924aa549625e7139c5286fba31598324645b2c0f668607ac',
    operation: 'run',
    payload: 'wait',
    requestId: 'c6ba2f19-4d68-427b-8a4c-da0a31a44fa7'
  },
  handleId: '2b7bf8e0-1c45-461d-bfed-aa7f0b72ef8d',
  kind: 'outbound',
  requestedMs: 19,
  wireId: 134217745
}
IPC_DIAG finish 7341ace622a9a68af882e5159cb06b2dc5c0f5473a9565823cbea08f3585591f c13 DEADLINE_EXCEEDED
IPC_DIAG worker-retire 205631 c13 UNAVAILABLE
IPC_DIAG receive org.alica.matrixproviderb c15 response [Object: null prototype] {
  kind: 'invoke',
  response: [Object: null prototype] {
    requestId: 'df0674c0-5b96-41a4-ac3b-567eec175662',
    result: [Object: null prototype] { kind: 'success', value: 'slow' }
  },
  wireId: 134217757
}
IPC_DIAG finish b6e3025f1040433bd3ae5800dbae4c22547183dc89b74305d209b441661e9c4a c15 complete
IPC_DIAG worker-retire 205637 c15 UNAVAILABLE
IPC_DIAG deadline passed
IPC_DIAG receive org.alica.matrixproviderb c16 response [Object: null prototype] {
  kind: 'invoke',
  response: [Object: null prototype] {
    requestId: '28390694-701d-44e1-a6f4-3eadd4f9b850',
    result: [Object: null prototype] { kind: 'success', value: '1:1:0' }
  },
  wireId: 134217759
}
IPC_DIAG finish b6e3025f1040433bd3ae5800dbae4c22547183dc89b74305d209b441661e9c4a c16 complete
IPC_DIAG worker-retire 205637 c16 UNAVAILABLE
IPC_DIAG assertion revoke line169
IPC_DIAG receive org.alica.matrixprovidera c14 request [Object: null prototype] {
  kind: 'bind',
  optional: true,
  requirementIndex: 0,
  scopeId: 'root',
  wireId: 134217752
}
IPC_DIAG receive org.alica.matrixproviderb c17 response [Object: null prototype] {
  kind: 'invoke',
  response: [Object: null prototype] {
    requestId: 'd8c57970-e811-4f9f-a73c-9514bd4a08b3',
    result: [Object: null prototype] { kind: 'success', value: '1:1:0' }
  },
  wireId: 134217761
}
IPC_DIAG finish b6e3025f1040433bd3ae5800dbae4c22547183dc89b74305d209b441661e9c4a c17 complete
IPC_DIAG worker-retire 205637 c17 UNAVAILABLE
IPC_DIAG receive org.alica.matrixprovidera c14 request [Object: null prototype] {
  call: [Object: null prototype] {
    capabilityId: 'org.alica.matrixb',
    deadlineMs: 1789722696892,
    descriptorDigest: 'sha256:f2194573d7164d46924aa549625e7139c5286fba31598324645b2c0f668607ac',
    operation: 'run',
    payload: 'wait',
    requestId: '1285fc64-010e-4502-9f76-9e811298d92a'
  },
  handleId: '0fb57842-2537-445c-955c-248cdec0799e',
  kind: 'outbound',
  requestedMs: 4443,
  wireId: 134217747
}
IPC_DIAG receive org.alica.matrixproviderb c19 response [Object: null prototype] {
  kind: 'invoke',
  response: [Object: null prototype] {
    requestId: '0e88257e-8717-46b0-948d-735b3417599b',
    result: [Object: null prototype] { kind: 'success', value: '2:1:0' }
  },
  wireId: 134217765
}
IPC_DIAG finish b6e3025f1040433bd3ae5800dbae4c22547183dc89b74305d209b441661e9c4a c19 complete
IPC_DIAG worker-retire 205637 c19 UNAVAILABLE
IPC_DIAG finish b6e3025f1040433bd3ae5800dbae4c22547183dc89b74305d209b441661e9c4a c18 CANCELLED
IPC_DIAG worker-retire 205637 c18 UNAVAILABLE
IPC_DIAG receive org.alica.matrixprovidera c14 response [Object: null prototype] {
  kind: 'invoke',
  response: [Object: null prototype] {
    requestId: 'd8b24df6-86bc-4065-b67b-de92186adcf9',
    result: [Object: null prototype] {
      error: [Object: null prototype],
      kind: 'error'
    }
  },
  wireId: 134217755
}
IPC_DIAG finish 7341ace622a9a68af882e5159cb06b2dc5c0f5473a9565823cbea08f3585591f c14 complete
IPC_DIAG revoke passed
IPC_DIAG worker-retire 205631 c14 UNAVAILABLE
IPC_DIAG receive org.alica.matrixproviderb c20 response [Object: null prototype] {
  kind: 'invoke',
  response: [Object: null prototype] {
    requestId: 'ca6c58ea-7707-45ea-8279-115692500335',
    result: [Object: null prototype] { kind: 'success', value: 'slow' }
  },
  wireId: 134217767
}
IPC_DIAG finish b6e3025f1040433bd3ae5800dbae4c22547183dc89b74305d209b441661e9c4a c20 complete
IPC_DIAG worker-retire 205637 c20 UNAVAILABLE
IPC_DIAG receive org.alica.matrixprovidera c15 response [Object: null prototype] {
  kind: 'invoke',
  response: [Object: null prototype] {
    requestId: '268424e7-ddfb-474d-9826-8331a5ee0f91',
    result: [Object: null prototype] { kind: 'success', value: '1' }
  },
  wireId: 134217757
}
IPC_DIAG finish 7341ace622a9a68af882e5159cb06b2dc5c0f5473a9565823cbea08f3585591f c15 complete
IPC_DIAG worker-retire 205631 c15 UNAVAILABLE
IPC_DIAG receive org.alica.matrixprovidera c16 response [Object: null prototype] { kind: 'quiesced', wireId: 134217759 }
IPC_DIAG finish 7341ace622a9a68af882e5159cb06b2dc5c0f5473a9565823cbea08f3585591f c16 complete
IPC_DIAG worker-retire 205631 c16 UNAVAILABLE
IPC_DIAG receive org.alica.matrixprovidera c17 response [Object: null prototype] {
  kind: 'disposed',
  report: [Object: null prototype] {
    completedDisposers: 0,
    failedDisposers: [],
    restartRequired: false,
    state: 'DISPOSED',
    timedOutResources: 0
  },
  wireId: 134217761
}
IPC_DIAG finish 7341ace622a9a68af882e5159cb06b2dc5c0f5473a9565823cbea08f3585591f c17 complete
IPC_DIAG worker-retire 205631 c17 UNAVAILABLE
IPC_DIAG fail org.alica.matrixprovidera Error
    at PhysicalSession.fail (file:///home/alica-dev/AlicaV2/packages/kernel/dist/g6/session.js:451:70)
    at file:///home/alica-dev/AlicaV2/packages/kernel/dist/g6/session.js:517:22
    at process.processTicksAndRejections (node:internal/process/task_queues:104:5)
    at async HostIPC.shutdown (file:///home/alica-dev/AlicaV2/packages/kernel/dist/g6/host-adapter.js:232:13)
    at async file:///home/alica-dev/AlicaV2/packages/kernel/dist/index.js:1280:21
    at async consumer (file:///home/alica-dev/AlicaV2/tests/ipc/qualification-consumer.test.mjs:191:3)
    at async TestContext.<anonymous> (file:///home/alica-dev/AlicaV2/tests/ipc/qualification-consumer.test.mjs:213:7)
    at async Test.run (node:internal/test_runner/test:1409:7)
    at async Test.processPendingSubtests (node:internal/test_runner/test:974:7)
IPC_DIAG worker-fail 205631 PeerClosed [AcapError]: UNAVAILABLE
    at NativeStream.receive (file:///home/alica-dev/AlicaV2/packages/kernel/dist/g6/stream.js:119:23)
    at WorkerTransport.pump (file:///home/alica-dev/AlicaV2/packages/kernel/dist/g6/worker-transport.js:114:40)
    at Timeout._onTimeout (file:///home/alica-dev/AlicaV2/packages/kernel/dist/g6/worker-transport.js:67:22)
    at listOnTimeout (node:internal/timers:685:17)
    at process.processTimers (node:internal/timers:618:7) {
  code: 'UNAVAILABLE',
  correlationId: 'dbae24c5-75c8-461b-9ecb-1fbe6b1c471a',
  retryable: false
} Error
    at WorkerTransport.fail (file:///home/alica-dev/AlicaV2/packages/kernel/dist/g6/worker-transport.js:251:67)
    at Timeout._onTimeout (file:///home/alica-dev/AlicaV2/packages/kernel/dist/g6/worker-transport.js:70:22)
    at listOnTimeout (node:internal/timers:685:17)
    at process.processTimers (node:internal/timers:618:7)
IPC_DIAG dead org.alica.matrixprovidera 1 null
IPC_DIAG receive org.alica.matrixproviderb c21 response [Object: null prototype] {
  kind: 'invoke',
  response: [Object: null prototype] {
    requestId: '34b8cbc6-ba86-4113-8961-10423630845d',
    result: [Object: null prototype] { kind: 'success', value: 'leaf' }
  },
  wireId: 134217769
}
IPC_DIAG finish b6e3025f1040433bd3ae5800dbae4c22547183dc89b74305d209b441661e9c4a c21 complete
IPC_DIAG worker-retire 205637 c21 UNAVAILABLE
IPC_DIAG receive org.alica.matrixproviderb c22 response [Object: null prototype] { kind: 'quiesced', wireId: 134217771 }
IPC_DIAG finish b6e3025f1040433bd3ae5800dbae4c22547183dc89b74305d209b441661e9c4a c22 complete
IPC_DIAG worker-retire 205637 c22 UNAVAILABLE
IPC_DIAG receive org.alica.matrixproviderb c23 response [Object: null prototype] {
  kind: 'disposed',
  report: [Object: null prototype] {
    completedDisposers: 0,
    failedDisposers: [],
    restartRequired: false,
    state: 'DISPOSED',
    timedOutResources: 0
  },
  wireId: 134217773
}
IPC_DIAG finish b6e3025f1040433bd3ae5800dbae4c22547183dc89b74305d209b441661e9c4a c23 complete
IPC_DIAG fail org.alica.matrixproviderb Error
    at PhysicalSession.fail (file:///home/alica-dev/AlicaV2/packages/kernel/dist/g6/session.js:451:70)
    at file:///home/alica-dev/AlicaV2/packages/kernel/dist/g6/session.js:517:22
    at process.processTicksAndRejections (node:internal/process/task_queues:104:5)
    at async HostIPC.shutdown (file:///home/alica-dev/AlicaV2/packages/kernel/dist/g6/host-adapter.js:232:13)
    at async file:///home/alica-dev/AlicaV2/packages/kernel/dist/index.js:1280:21
    at async Host.closeScope (file:///home/alica-dev/AlicaV2/packages/kernel/dist/index.js:1342:21)
    at async Host.shutdown (file:///home/alica-dev/AlicaV2/packages/kernel/dist/index.js:1426:9)
    at async TestContext.stop (file:///home/alica-dev/AlicaV2/tools/g3-fixtures.mjs:218:5)
    at async TestHook.run (node:internal/test_runner/test:1409:7)
    at async Test.runHook (node:internal/test_runner/test:1289:9)
IPC_DIAG worker-retire 205637 c23 UNAVAILABLE
IPC_DIAG worker-fail 205637 PeerClosed [AcapError]: UNAVAILABLE
    at NativeStream.receive (file:///home/alica-dev/AlicaV2/packages/kernel/dist/g6/stream.js:119:23)
    at WorkerTransport.pump (file:///home/alica-dev/AlicaV2/packages/kernel/dist/g6/worker-transport.js:114:40)
    at Timeout._onTimeout (file:///home/alica-dev/AlicaV2/packages/kernel/dist/g6/worker-transport.js:67:22)
    at listOnTimeout (node:internal/timers:685:17)
    at process.processTimers (node:internal/timers:618:7) {
  code: 'UNAVAILABLE',
  correlationId: '4ad34fba-4782-4e39-b2d8-dddf66d380ea',
  retryable: false
} Error
    at WorkerTransport.fail (file:///home/alica-dev/AlicaV2/packages/kernel/dist/g6/worker-transport.js:251:67)
    at Timeout._onTimeout (file:///home/alica-dev/AlicaV2/packages/kernel/dist/g6/worker-transport.js:70:22)
    at listOnTimeout (node:internal/timers:685:17)
    at process.processTimers (node:internal/timers:618:7)
IPC_DIAG dead org.alica.matrixproviderb 1 null
✔ same-source matrix consumer ipc: ancestry, authority and live sibling independence (4003.512679ms)
ℹ {"consumerSHA256":"08d5ac0a053a0be9c317c179dd704e90fba78b9e8585244b4c3973e79b0e8f95","providerASHA256":"9746fbf0ad5898e51a35a6209e80d09aedbe2126817a97da831192fc9244449d","providerBSHA256":"a82f9788b6336be98163ce077838f99a7e2a60bad4c58fc78054f110a62a9179"}
ℹ tests 2
ℹ suites 0
ℹ pass 2
ℹ fail 0
ℹ cancelled 0
ℹ skipped 0
ℹ todo 0
ℹ duration_ms 5479.346273
SAMPLE_EXIT 0
DIAGNOSTIC_SAMPLE 2
IPC_DIAG assertion initial-deny line120
IPC_DIAG initial-deny passed
(node:205652) ExperimentalWarning: VM Modules is an experimental feature and might change at any time
(Use `node --trace-warnings ...` to show where the warning was created)
IPC_DIAG deadline passed
IPC_DIAG assertion revoke line169
IPC_DIAG revoke passed
✔ same-source matrix consumer inproc: ancestry, authority and live sibling independence (1171.14048ms)
ℹ {"consumerSHA256":"08d5ac0a053a0be9c317c179dd704e90fba78b9e8585244b4c3973e79b0e8f95","providerASHA256":"9746fbf0ad5898e51a35a6209e80d09aedbe2126817a97da831192fc9244449d","providerBSHA256":"a82f9788b6336be98163ce077838f99a7e2a60bad4c58fc78054f110a62a9179"}
(node:205662) ExperimentalWarning: VM Modules is an experimental feature and might change at any time
(Use `node --trace-warnings ...` to show where the warning was created)
IPC_DIAG receive org.alica.matrixprovidera c1 request [Object: null prototype] {
  capabilityId: 'org.alica.matrixa',
  descriptorDigest: 'sha256:567c3c109971c611cdc932f189e75194252519c2f7766f27c8bbecb2b178f1fa',
  kind: 'register',
  scopeId: 'root',
  wireId: 134217730
}
IPC_DIAG receive org.alica.matrixprovidera c1 response [Object: null prototype] { kind: 'activated', wireId: 134217729 }
IPC_DIAG finish 4e943c53f62712e7d19a309e4646e48c93b99bfc8345cea2e9d727a91f86b1be c1 complete
IPC_DIAG worker-retire 205662 c1 UNAVAILABLE
(node:205668) ExperimentalWarning: VM Modules is an experimental feature and might change at any time
(Use `node --trace-warnings ...` to show where the warning was created)
IPC_DIAG receive org.alica.matrixproviderb c1 request [Object: null prototype] {
  capabilityId: 'org.alica.matrixb',
  descriptorDigest: 'sha256:f2194573d7164d46924aa549625e7139c5286fba31598324645b2c0f668607ac',
  kind: 'register',
  scopeId: 'root',
  wireId: 134217730
}
IPC_DIAG receive org.alica.matrixproviderb c1 response [Object: null prototype] { kind: 'activated', wireId: 134217729 }
IPC_DIAG finish 4d09689309d02b073c9a81675eb17dd388b1db2035ee8279d24b139103a74e91 c1 complete
IPC_DIAG worker-retire 205668 c1 UNAVAILABLE
IPC_DIAG assertion initial-deny line120
IPC_DIAG receive org.alica.matrixprovidera c2 request [Object: null prototype] {
  kind: 'bind',
  optional: true,
  requirementIndex: 0,
  scopeId: 'root',
  wireId: 134217732
}
IPC_DIAG receive org.alica.matrixprovidera c2 response [Object: null prototype] {
  kind: 'invoke',
  response: [Object: null prototype] {
    requestId: '79674532-6d43-49b0-9f8b-e4e81155b27f',
    result: [Object: null prototype] {
      error: [Object: null prototype],
      kind: 'error'
    }
  },
  wireId: 134217731
}
IPC_DIAG finish 4e943c53f62712e7d19a309e4646e48c93b99bfc8345cea2e9d727a91f86b1be c2 complete
IPC_DIAG initial-deny passed
IPC_DIAG worker-retire 205662 c2 UNAVAILABLE
IPC_DIAG receive org.alica.matrixprovidera c3 request [Object: null prototype] {
  kind: 'bind',
  optional: true,
  requirementIndex: 0,
  scopeId: 'root',
  wireId: 134217734
}
IPC_DIAG receive org.alica.matrixprovidera c3 request [Object: null prototype] {
  call: [Object: null prototype] {
    capabilityId: 'org.alica.matrixb',
    deadlineMs: 1789722700077,
    descriptorDigest: 'sha256:f2194573d7164d46924aa549625e7139c5286fba31598324645b2c0f668607ac',
    operation: 'run',
    payload: 'nest:1',
    requestId: '27a4c761-19b1-4083-9041-35bbd4d79264'
  },
  handleId: '1dac4f03-b7e7-4e9d-b254-ec7670733f7e',
  kind: 'outbound',
  requestedMs: 4446,
  wireId: 134217729
}
IPC_DIAG receive org.alica.matrixproviderb c2 request [Object: null prototype] {
  kind: 'bind',
  optional: true,
  requirementIndex: 0,
  scopeId: 'root',
  wireId: 134217732
}
IPC_DIAG receive org.alica.matrixproviderb c2 request [Object: null prototype] {
  call: [Object: null prototype] {
    capabilityId: 'org.alica.matrixa',
    deadlineMs: 1789722700077,
    descriptorDigest: 'sha256:567c3c109971c611cdc932f189e75194252519c2f7766f27c8bbecb2b178f1fa',
    operation: 'run',
    payload: 'nest:0',
    requestId: '5d002352-ceef-4e87-9b0c-60e51ec167ac'
  },
  handleId: 'df988c08-9d1e-4414-a66c-b0299a1c8709',
  kind: 'outbound',
  requestedMs: 4364,
  wireId: 134217729
}
IPC_DIAG receive org.alica.matrixprovidera c4 response [Object: null prototype] {
  kind: 'invoke',
  response: [Object: null prototype] {
    requestId: '7a88cc6e-abea-427d-9d9e-2b6f71701d61',
    result: [Object: null prototype] { kind: 'success', value: 'leaf' }
  },
  wireId: 134217735
}
IPC_DIAG finish 4e943c53f62712e7d19a309e4646e48c93b99bfc8345cea2e9d727a91f86b1be c4 complete
IPC_DIAG worker-retire 205662 c4 UNAVAILABLE
IPC_DIAG receive org.alica.matrixproviderb c2 response [Object: null prototype] {
  kind: 'invoke',
  response: [Object: null prototype] {
    requestId: '943e9cd0-bb67-4b30-9512-02be41c532c7',
    result: [Object: null prototype] { kind: 'success', value: 'leaf' }
  },
  wireId: 134217731
}
IPC_DIAG finish 4d09689309d02b073c9a81675eb17dd388b1db2035ee8279d24b139103a74e91 c2 complete
IPC_DIAG worker-retire 205668 c2 UNAVAILABLE
IPC_DIAG receive org.alica.matrixprovidera c3 response [Object: null prototype] {
  kind: 'invoke',
  response: [Object: null prototype] {
    requestId: '5ab9a202-9b97-4880-bc1f-390f2b1aba9e',
    result: [Object: null prototype] { kind: 'success', value: 'leaf' }
  },
  wireId: 134217733
}
IPC_DIAG finish 4e943c53f62712e7d19a309e4646e48c93b99bfc8345cea2e9d727a91f86b1be c3 complete
IPC_DIAG worker-retire 205662 c3 UNAVAILABLE
IPC_DIAG receive org.alica.matrixprovidera c5 request [Object: null prototype] {
  kind: 'bind',
  optional: true,
  requirementIndex: 0,
  scopeId: 'root',
  wireId: 134217736
}
IPC_DIAG receive org.alica.matrixprovidera c5 request [Object: null prototype] {
  call: [Object: null prototype] {
    capabilityId: 'org.alica.matrixb',
    deadlineMs: 1789722700314,
    descriptorDigest: 'sha256:f2194573d7164d46924aa549625e7139c5286fba31598324645b2c0f668607ac',
    operation: 'run',
    payload: 'nest:3',
    requestId: '70dd1655-9c9d-4acb-80b4-f6eef3579e11'
  },
  handleId: '2dd98e7e-fbce-4934-960f-bca2e713958b',
  kind: 'outbound',
  requestedMs: 4458,
  wireId: 134217731
}
IPC_DIAG receive org.alica.matrixproviderb c3 request [Object: null prototype] {
  kind: 'bind',
  optional: true,
  requirementIndex: 0,
  scopeId: 'root',
  wireId: 134217734
}
IPC_DIAG receive org.alica.matrixproviderb c3 request [Object: null prototype] {
  call: [Object: null prototype] {
    capabilityId: 'org.alica.matrixa',
    deadlineMs: 1789722700314,
    descriptorDigest: 'sha256:567c3c109971c611cdc932f189e75194252519c2f7766f27c8bbecb2b178f1fa',
    operation: 'run',
    payload: 'nest:2',
    requestId: 'db23cc65-967e-4ae3-b688-adec6feb9140'
  },
  handleId: '219fb62a-0090-44b0-8656-f7397fbf79fa',
  kind: 'outbound',
  requestedMs: 4391,
  wireId: 134217731
}
IPC_DIAG receive org.alica.matrixprovidera c6 request [Object: null prototype] {
  kind: 'bind',
  optional: true,
  requirementIndex: 0,
  scopeId: 'root',
  wireId: 134217738
}
IPC_DIAG receive org.alica.matrixprovidera c6 request [Object: null prototype] {
  call: [Object: null prototype] {
    capabilityId: 'org.alica.matrixb',
    deadlineMs: 1789722700314,
    descriptorDigest: 'sha256:f2194573d7164d46924aa549625e7139c5286fba31598324645b2c0f668607ac',
    operation: 'run',
    payload: 'nest:1',
    requestId: '66043a88-2e4b-4868-b8cb-b0e38e2efb5a'
  },
  handleId: 'd237d10a-6215-4d7f-b940-836241903b06',
  kind: 'outbound',
  requestedMs: 4315,
  wireId: 134217733
}
IPC_DIAG receive org.alica.matrixproviderb c4 request [Object: null prototype] {
  kind: 'bind',
  optional: true,
  requirementIndex: 0,
  scopeId: 'root',
  wireId: 134217736
}
IPC_DIAG receive org.alica.matrixproviderb c4 request [Object: null prototype] {
  call: [Object: null prototype] {
    capabilityId: 'org.alica.matrixa',
    deadlineMs: 1789722700314,
    descriptorDigest: 'sha256:567c3c109971c611cdc932f189e75194252519c2f7766f27c8bbecb2b178f1fa',
    operation: 'run',
    payload: 'nest:0',
    requestId: 'bcca9286-b974-4cb2-886c-ce7e39c2ccfd'
  },
  handleId: 'e758aaf8-4ae7-41ff-8434-69c533269731',
  kind: 'outbound',
  requestedMs: 4221,
  wireId: 134217733
}
IPC_DIAG receive org.alica.matrixprovidera c7 response [Object: null prototype] {
  kind: 'invoke',
  response: [Object: null prototype] {
    requestId: '009a62a2-56f1-43f7-86ea-4082bc0b3c06',
    result: [Object: null prototype] { kind: 'success', value: 'leaf' }
  },
  wireId: 134217741
}
IPC_DIAG finish 4e943c53f62712e7d19a309e4646e48c93b99bfc8345cea2e9d727a91f86b1be c7 complete
IPC_DIAG worker-retire 205662 c7 UNAVAILABLE
IPC_DIAG receive org.alica.matrixproviderb c4 response [Object: null prototype] {
  kind: 'invoke',
  response: [Object: null prototype] {
    requestId: 'c4f35081-f53f-44c2-8269-9f02cc0d18af',
    result: [Object: null prototype] { kind: 'success', value: 'leaf' }
  },
  wireId: 134217735
}
IPC_DIAG finish 4d09689309d02b073c9a81675eb17dd388b1db2035ee8279d24b139103a74e91 c4 complete
IPC_DIAG worker-retire 205668 c4 UNAVAILABLE
IPC_DIAG receive org.alica.matrixprovidera c6 response [Object: null prototype] {
  kind: 'invoke',
  response: [Object: null prototype] {
    requestId: '00fbb52a-4ef2-465b-9b64-032c3f14bc0f',
    result: [Object: null prototype] { kind: 'success', value: 'leaf' }
  },
  wireId: 134217739
}
IPC_DIAG finish 4e943c53f62712e7d19a309e4646e48c93b99bfc8345cea2e9d727a91f86b1be c6 complete
IPC_DIAG worker-retire 205662 c6 UNAVAILABLE
IPC_DIAG receive org.alica.matrixproviderb c3 response [Object: null prototype] {
  kind: 'invoke',
  response: [Object: null prototype] {
    requestId: 'b61d191d-cfad-447a-95cb-12814c6649e7',
    result: [Object: null prototype] { kind: 'success', value: 'leaf' }
  },
  wireId: 134217733
}
IPC_DIAG finish 4d09689309d02b073c9a81675eb17dd388b1db2035ee8279d24b139103a74e91 c3 complete
IPC_DIAG worker-retire 205668 c3 UNAVAILABLE
IPC_DIAG receive org.alica.matrixprovidera c5 response [Object: null prototype] {
  kind: 'invoke',
  response: [Object: null prototype] {
    requestId: 'dec25368-2e31-4e49-a297-9e22b914c768',
    result: [Object: null prototype] { kind: 'success', value: 'leaf' }
  },
  wireId: 134217737
}
IPC_DIAG finish 4e943c53f62712e7d19a309e4646e48c93b99bfc8345cea2e9d727a91f86b1be c5 complete
IPC_DIAG worker-retire 205662 c5 UNAVAILABLE
IPC_DIAG receive org.alica.matrixprovidera c8 request [Object: null prototype] {
  kind: 'bind',
  optional: true,
  requirementIndex: 0,
  scopeId: 'root',
  wireId: 134217740
}
IPC_DIAG receive org.alica.matrixprovidera c8 request [Object: null prototype] {
  call: [Object: null prototype] {
    capabilityId: 'org.alica.matrixb',
    deadlineMs: 1789722700730,
    descriptorDigest: 'sha256:f2194573d7164d46924aa549625e7139c5286fba31598324645b2c0f668607ac',
    operation: 'run',
    payload: 'nest:23',
    requestId: '87e3fd3c-0d17-467e-8cb0-fbc396336990'
  },
  handleId: 'bcf99785-3759-4ef5-97b2-dfa539c1f10c',
  kind: 'outbound',
  requestedMs: 4454,
  wireId: 134217735
}
IPC_DIAG receive org.alica.matrixproviderb c5 request [Object: null prototype] {
  kind: 'bind',
  optional: true,
  requirementIndex: 0,
  scopeId: 'root',
  wireId: 134217738
}
IPC_DIAG receive org.alica.matrixproviderb c5 request [Object: null prototype] {
  call: [Object: null prototype] {
    capabilityId: 'org.alica.matrixa',
    deadlineMs: 1789722700730,
    descriptorDigest: 'sha256:567c3c109971c611cdc932f189e75194252519c2f7766f27c8bbecb2b178f1fa',
    operation: 'run',
    payload: 'nest:22',
    requestId: 'fe2c7d66-8246-444a-81a0-8821839d3151'
  },
  handleId: '37d23c45-15f7-48d2-9910-c5d3fac6821b',
  kind: 'outbound',
  requestedMs: 4392,
  wireId: 134217735
}
IPC_DIAG receive org.alica.matrixprovidera c9 request [Object: null prototype] {
  kind: 'bind',
  optional: true,
  requirementIndex: 0,
  scopeId: 'root',
  wireId: 134217742
}
IPC_DIAG receive org.alica.matrixprovidera c9 request [Object: null prototype] {
  call: [Object: null prototype] {
    capabilityId: 'org.alica.matrixb',
    deadlineMs: 1789722700730,
    descriptorDigest: 'sha256:f2194573d7164d46924aa549625e7139c5286fba31598324645b2c0f668607ac',
    operation: 'run',
    payload: 'nest:21',
    requestId: 'a3e96e80-05f2-4bf9-96ea-a4bf57e061aa'
  },
  handleId: '012db8c0-d2f3-4ac7-8c36-af992fa232b7',
  kind: 'outbound',
  requestedMs: 4323,
  wireId: 134217737
}
IPC_DIAG receive org.alica.matrixproviderb c6 request [Object: null prototype] {
  kind: 'bind',
  optional: true,
  requirementIndex: 0,
  scopeId: 'root',
  wireId: 134217740
}
IPC_DIAG receive org.alica.matrixproviderb c6 request [Object: null prototype] {
  call: [Object: null prototype] {
    capabilityId: 'org.alica.matrixa',
    deadlineMs: 1789722700730,
    descriptorDigest: 'sha256:567c3c109971c611cdc932f189e75194252519c2f7766f27c8bbecb2b178f1fa',
    operation: 'run',
    payload: 'nest:20',
    requestId: '487e1f15-d18d-45d4-9f75-af1f4533b2cb'
  },
  handleId: 'd9cf7f86-4937-4214-8bb9-d594b432ae88',
  kind: 'outbound',
  requestedMs: 4238,
  wireId: 134217737
}
IPC_DIAG receive org.alica.matrixprovidera c10 request [Object: null prototype] {
  kind: 'bind',
  optional: true,
  requirementIndex: 0,
  scopeId: 'root',
  wireId: 134217744
}
IPC_DIAG receive org.alica.matrixprovidera c10 request [Object: null prototype] {
  call: [Object: null prototype] {
    capabilityId: 'org.alica.matrixb',
    deadlineMs: 1789722700730,
    descriptorDigest: 'sha256:f2194573d7164d46924aa549625e7139c5286fba31598324645b2c0f668607ac',
    operation: 'run',
    payload: 'nest:19',
    requestId: '9b575e0a-7aa2-4917-aa98-eb800ea95168'
  },
  handleId: 'df6de823-1178-4441-8688-af65d02896af',
  kind: 'outbound',
  requestedMs: 4134,
  wireId: 134217739
}
IPC_DIAG receive org.alica.matrixproviderb c7 request [Object: null prototype] {
  kind: 'bind',
  optional: true,
  requirementIndex: 0,
  scopeId: 'root',
  wireId: 134217742
}
IPC_DIAG receive org.alica.matrixproviderb c7 request [Object: null prototype] {
  call: [Object: null prototype] {
    capabilityId: 'org.alica.matrixa',
    deadlineMs: 1789722700730,
    descriptorDigest: 'sha256:567c3c109971c611cdc932f189e75194252519c2f7766f27c8bbecb2b178f1fa',
    operation: 'run',
    payload: 'nest:18',
    requestId: '3bdd54cd-ff60-4325-ba64-f889c0e930c7'
  },
  handleId: 'd8de9419-d368-49a1-aef7-26ddf0b4842c',
  kind: 'outbound',
  requestedMs: 4017,
  wireId: 134217739
}
IPC_DIAG receive org.alica.matrixprovidera c11 request [Object: null prototype] {
  kind: 'bind',
  optional: true,
  requirementIndex: 0,
  scopeId: 'root',
  wireId: 134217746
}
IPC_DIAG receive org.alica.matrixprovidera c11 request [Object: null prototype] {
  call: [Object: null prototype] {
    capabilityId: 'org.alica.matrixb',
    deadlineMs: 1789722700730,
    descriptorDigest: 'sha256:f2194573d7164d46924aa549625e7139c5286fba31598324645b2c0f668607ac',
    operation: 'run',
    payload: 'nest:17',
    requestId: '40fea7ab-4642-4092-ba9c-4b39ce69ae28'
  },
  handleId: '8023d321-9057-4a7d-8e82-d5dbec72ae17',
  kind: 'outbound',
  requestedMs: 3886,
  wireId: 134217741
}
IPC_DIAG receive org.alica.matrixproviderb c8 request [Object: null prototype] {
  kind: 'bind',
  optional: true,
  requirementIndex: 0,
  scopeId: 'root',
  wireId: 134217744
}
IPC_DIAG receive org.alica.matrixproviderb c8 request [Object: null prototype] {
  call: [Object: null prototype] {
    capabilityId: 'org.alica.matrixa',
    deadlineMs: 1789722700730,
    descriptorDigest: 'sha256:567c3c109971c611cdc932f189e75194252519c2f7766f27c8bbecb2b178f1fa',
    operation: 'run',
    payload: 'nest:16',
    requestId: 'be6d3389-0762-4efb-b2fa-d1416c5c2a62'
  },
  handleId: 'b69373f2-6dbb-4865-a2d2-667ed634eaaf',
  kind: 'outbound',
  requestedMs: 3745,
  wireId: 134217741
}
IPC_DIAG receive org.alica.matrixproviderb c8 response [Object: null prototype] {
  kind: 'invoke',
  response: [Object: null prototype] {
    requestId: '73da4bc1-00ea-4aab-8934-368754cfcde3',
    result: [Object: null prototype] {
      error: [Object: null prototype],
      kind: 'error'
    }
  },
  wireId: 134217743
}
IPC_DIAG finish 4d09689309d02b073c9a81675eb17dd388b1db2035ee8279d24b139103a74e91 c8 complete
IPC_DIAG worker-retire 205668 c8 UNAVAILABLE
IPC_DIAG receive org.alica.matrixprovidera c11 response [Object: null prototype] {
  kind: 'invoke',
  response: [Object: null prototype] {
    requestId: 'c060cc6c-09ae-4be9-bff9-582daae77f70',
    result: [Object: null prototype] {
      error: [Object: null prototype],
      kind: 'error'
    }
  },
  wireId: 134217749
}
IPC_DIAG finish 4e943c53f62712e7d19a309e4646e48c93b99bfc8345cea2e9d727a91f86b1be c11 complete
IPC_DIAG worker-retire 205662 c11 UNAVAILABLE
IPC_DIAG receive org.alica.matrixproviderb c7 response [Object: null prototype] {
  kind: 'invoke',
  response: [Object: null prototype] {
    requestId: '4f354711-f4e0-495f-82fa-837650775252',
    result: [Object: null prototype] {
      error: [Object: null prototype],
      kind: 'error'
    }
  },
  wireId: 134217741
}
IPC_DIAG finish 4d09689309d02b073c9a81675eb17dd388b1db2035ee8279d24b139103a74e91 c7 complete
IPC_DIAG worker-retire 205668 c7 UNAVAILABLE
IPC_DIAG receive org.alica.matrixprovidera c10 response [Object: null prototype] {
  kind: 'invoke',
  response: [Object: null prototype] {
    requestId: '68f7a777-5c40-4443-836f-e43d4678d707',
    result: [Object: null prototype] {
      error: [Object: null prototype],
      kind: 'error'
    }
  },
  wireId: 134217747
}
IPC_DIAG finish 4e943c53f62712e7d19a309e4646e48c93b99bfc8345cea2e9d727a91f86b1be c10 complete
IPC_DIAG worker-retire 205662 c10 UNAVAILABLE
IPC_DIAG receive org.alica.matrixproviderb c6 response [Object: null prototype] {
  kind: 'invoke',
  response: [Object: null prototype] {
    requestId: '3745b7a1-1fbd-49f9-a03c-edf5f07fca8f',
    result: [Object: null prototype] {
      error: [Object: null prototype],
      kind: 'error'
    }
  },
  wireId: 134217739
}
IPC_DIAG finish 4d09689309d02b073c9a81675eb17dd388b1db2035ee8279d24b139103a74e91 c6 complete
IPC_DIAG worker-retire 205668 c6 UNAVAILABLE
IPC_DIAG receive org.alica.matrixprovidera c9 response [Object: null prototype] {
  kind: 'invoke',
  response: [Object: null prototype] {
    requestId: 'df9f016f-f321-41e2-aa4f-613bfa15d1e0',
    result: [Object: null prototype] {
      error: [Object: null prototype],
      kind: 'error'
    }
  },
  wireId: 134217745
}
IPC_DIAG finish 4e943c53f62712e7d19a309e4646e48c93b99bfc8345cea2e9d727a91f86b1be c9 complete
IPC_DIAG worker-retire 205662 c9 UNAVAILABLE
IPC_DIAG receive org.alica.matrixproviderb c5 response [Object: null prototype] {
  kind: 'invoke',
  response: [Object: null prototype] {
    requestId: '0b270178-bc7c-4aed-a36b-c095cd787055',
    result: [Object: null prototype] {
      error: [Object: null prototype],
      kind: 'error'
    }
  },
  wireId: 134217737
}
IPC_DIAG finish 4d09689309d02b073c9a81675eb17dd388b1db2035ee8279d24b139103a74e91 c5 complete
IPC_DIAG worker-retire 205668 c5 UNAVAILABLE
IPC_DIAG receive org.alica.matrixprovidera c8 response [Object: null prototype] {
  kind: 'invoke',
  response: [Object: null prototype] {
    requestId: '567611ab-1f6b-443d-8d5a-d558000202ec',
    result: [Object: null prototype] {
      error: [Object: null prototype],
      kind: 'error'
    }
  },
  wireId: 134217743
}
IPC_DIAG finish 4e943c53f62712e7d19a309e4646e48c93b99bfc8345cea2e9d727a91f86b1be c8 complete
IPC_DIAG worker-retire 205662 c8 UNAVAILABLE
IPC_DIAG receive org.alica.matrixproviderb c9 response [Object: null prototype] {
  kind: 'invoke',
  response: [Object: null prototype] {
    requestId: 'bfecb6f1-a60b-44fe-9967-7dd112b3f8ad',
    result: [Object: null prototype] { kind: 'success', value: 'leaf' }
  },
  wireId: 134217745
}
IPC_DIAG finish 4d09689309d02b073c9a81675eb17dd388b1db2035ee8279d24b139103a74e91 c9 complete
IPC_DIAG worker-retire 205668 c9 UNAVAILABLE
IPC_DIAG receive org.alica.matrixprovidera c12 request [Object: null prototype] {
  kind: 'bind',
  optional: true,
  requirementIndex: 0,
  scopeId: 'root',
  wireId: 134217748
}
IPC_DIAG receive org.alica.matrixproviderb c10 response [Object: null prototype] {
  kind: 'invoke',
  response: [Object: null prototype] {
    requestId: 'db079aac-619e-4a17-8733-0354ea98cbb3',
    result: [Object: null prototype] { kind: 'success', value: '0:0:0' }
  },
  wireId: 134217747
}
IPC_DIAG finish 4d09689309d02b073c9a81675eb17dd388b1db2035ee8279d24b139103a74e91 c10 complete
IPC_DIAG worker-retire 205668 c10 UNAVAILABLE
IPC_DIAG receive org.alica.matrixprovidera c12 request [Object: null prototype] {
  call: [Object: null prototype] {
    capabilityId: 'org.alica.matrixb',
    deadlineMs: 1789722701662,
    descriptorDigest: 'sha256:f2194573d7164d46924aa549625e7139c5286fba31598324645b2c0f668607ac',
    operation: 'run',
    payload: 'wait',
    requestId: '8e27064a-87a3-4472-a1fd-dc74032a6371'
  },
  handleId: '759068ea-8d90-4a4a-b982-4065c4b16746',
  kind: 'outbound',
  requestedMs: 4439,
  wireId: 134217743
}
IPC_DIAG receive org.alica.matrixproviderb c12 response [Object: null prototype] {
  kind: 'invoke',
  response: [Object: null prototype] {
    requestId: '9f04e4e2-e6cf-4f0b-b2af-0cbffc46af18',
    result: [Object: null prototype] { kind: 'success', value: '1:0:0' }
  },
  wireId: 134217751
}
IPC_DIAG finish 4d09689309d02b073c9a81675eb17dd388b1db2035ee8279d24b139103a74e91 c12 complete
IPC_DIAG worker-retire 205668 c12 UNAVAILABLE
IPC_DIAG finish 4e943c53f62712e7d19a309e4646e48c93b99bfc8345cea2e9d727a91f86b1be c12 CANCELLED
IPC_DIAG finish 4d09689309d02b073c9a81675eb17dd388b1db2035ee8279d24b139103a74e91 c11 CANCELLED
IPC_DIAG worker-retire 205668 c11 UNAVAILABLE
IPC_DIAG worker-retire 205662 c12 UNAVAILABLE
IPC_DIAG receive org.alica.matrixproviderb c13 response [Object: null prototype] {
  kind: 'invoke',
  response: [Object: null prototype] {
    requestId: 'edf7bace-2281-4b3f-a865-45cb2cf7e6c4',
    result: [Object: null prototype] { kind: 'success', value: 'slow' }
  },
  wireId: 134217753
}
IPC_DIAG finish 4d09689309d02b073c9a81675eb17dd388b1db2035ee8279d24b139103a74e91 c13 complete
IPC_DIAG worker-retire 205668 c13 UNAVAILABLE
IPC_DIAG receive org.alica.matrixproviderb c14 response [Object: null prototype] {
  kind: 'invoke',
  response: [Object: null prototype] {
    requestId: 'd1714a2b-11a8-49dd-8a92-c7c34cd17b07',
    result: [Object: null prototype] { kind: 'success', value: '1:1:0' }
  },
  wireId: 134217755
}
IPC_DIAG finish 4d09689309d02b073c9a81675eb17dd388b1db2035ee8279d24b139103a74e91 c14 complete
IPC_DIAG worker-retire 205668 c14 UNAVAILABLE
IPC_DIAG receive org.alica.matrixprovidera c13 request [Object: null prototype] {
  kind: 'bind',
  optional: true,
  requirementIndex: 0,
  scopeId: 'root',
  wireId: 134217750
}
IPC_DIAG receive org.alica.matrixprovidera c13 request [Object: null prototype] {
  call: [Object: null prototype] {
    capabilityId: 'org.alica.matrixb',
    deadlineMs: 1789722697607,
    descriptorDigest: 'sha256:f2194573d7164d46924aa549625e7139c5286fba31598324645b2c0f668607ac',
    operation: 'run',
    payload: 'wait',
    requestId: '625f5dd4-9ca8-4330-93c5-99847ff61049'
  },
  handleId: '7fb4086f-b98d-4332-84e3-7cb7bf90bde5',
  kind: 'outbound',
  requestedMs: 21,
  wireId: 134217745
}
IPC_DIAG finish 4d09689309d02b073c9a81675eb17dd388b1db2035ee8279d24b139103a74e91 r16 DEADLINE_EXCEEDED
IPC_DIAG finish 4e943c53f62712e7d19a309e4646e48c93b99bfc8345cea2e9d727a91f86b1be c13 DEADLINE_EXCEEDED
IPC_DIAG worker-retire 205662 c13 UNAVAILABLE
IPC_DIAG receive org.alica.matrixproviderb c15 response [Object: null prototype] {
  kind: 'invoke',
  response: [Object: null prototype] {
    requestId: '80f12ac9-b701-4c65-9f5e-cfd76a281004',
    result: [Object: null prototype] { kind: 'success', value: 'slow' }
  },
  wireId: 134217757
}
IPC_DIAG finish 4d09689309d02b073c9a81675eb17dd388b1db2035ee8279d24b139103a74e91 c15 complete
IPC_DIAG worker-retire 205668 c15 UNAVAILABLE
IPC_DIAG deadline passed
IPC_DIAG receive org.alica.matrixproviderb c16 response [Object: null prototype] {
  kind: 'invoke',
  response: [Object: null prototype] {
    requestId: '450c1986-f63a-4c69-a97d-e337a3496540',
    result: [Object: null prototype] { kind: 'success', value: '1:1:0' }
  },
  wireId: 134217759
}
IPC_DIAG finish 4d09689309d02b073c9a81675eb17dd388b1db2035ee8279d24b139103a74e91 c16 complete
IPC_DIAG worker-retire 205668 c16 UNAVAILABLE
IPC_DIAG assertion revoke line169
IPC_DIAG receive org.alica.matrixprovidera c14 request [Object: null prototype] {
  kind: 'bind',
  optional: true,
  requirementIndex: 0,
  scopeId: 'root',
  wireId: 134217752
}
IPC_DIAG receive org.alica.matrixproviderb c17 response [Object: null prototype] {
  kind: 'invoke',
  response: [Object: null prototype] {
    requestId: '1afeb95c-f541-4114-8813-9ae377aa3f4f',
    result: [Object: null prototype] { kind: 'success', value: '1:1:0' }
  },
  wireId: 134217761
}
IPC_DIAG finish 4d09689309d02b073c9a81675eb17dd388b1db2035ee8279d24b139103a74e91 c17 complete
IPC_DIAG worker-retire 205668 c17 UNAVAILABLE
IPC_DIAG receive org.alica.matrixprovidera c14 request [Object: null prototype] {
  call: [Object: null prototype] {
    capabilityId: 'org.alica.matrixb',
    deadlineMs: 1789722702269,
    descriptorDigest: 'sha256:f2194573d7164d46924aa549625e7139c5286fba31598324645b2c0f668607ac',
    operation: 'run',
    payload: 'wait',
    requestId: '5ad5d2ec-db3d-4007-b753-5922be76583e'
  },
  handleId: '91e5e143-47da-464b-8aa1-f4bff9a33e62',
  kind: 'outbound',
  requestedMs: 4441,
  wireId: 134217747
}
IPC_DIAG receive org.alica.matrixproviderb c19 response [Object: null prototype] {
  kind: 'invoke',
  response: [Object: null prototype] {
    requestId: '2d26977f-14c6-4d5d-a3d8-6caaf7cafa9d',
    result: [Object: null prototype] { kind: 'success', value: '2:1:0' }
  },
  wireId: 134217765
}
IPC_DIAG finish 4d09689309d02b073c9a81675eb17dd388b1db2035ee8279d24b139103a74e91 c19 complete
IPC_DIAG worker-retire 205668 c19 UNAVAILABLE
IPC_DIAG finish 4d09689309d02b073c9a81675eb17dd388b1db2035ee8279d24b139103a74e91 c18 CANCELLED
IPC_DIAG worker-retire 205668 c18 UNAVAILABLE
IPC_DIAG receive org.alica.matrixprovidera c14 response [Object: null prototype] {
  kind: 'invoke',
  response: [Object: null prototype] {
    requestId: 'af0780dd-d648-4a24-989c-2c78124af00e',
    result: [Object: null prototype] {
      error: [Object: null prototype],
      kind: 'error'
    }
  },
  wireId: 134217755
}
IPC_DIAG finish 4e943c53f62712e7d19a309e4646e48c93b99bfc8345cea2e9d727a91f86b1be c14 complete
IPC_DIAG revoke passed
IPC_DIAG worker-retire 205662 c14 UNAVAILABLE
IPC_DIAG receive org.alica.matrixproviderb c20 response [Object: null prototype] {
  kind: 'invoke',
  response: [Object: null prototype] {
    requestId: 'bbde1a2a-6304-471f-9396-00f685335f72',
    result: [Object: null prototype] { kind: 'success', value: 'slow' }
  },
  wireId: 134217767
}
IPC_DIAG finish 4d09689309d02b073c9a81675eb17dd388b1db2035ee8279d24b139103a74e91 c20 complete
IPC_DIAG worker-retire 205668 c20 UNAVAILABLE
IPC_DIAG receive org.alica.matrixprovidera c15 response [Object: null prototype] {
  kind: 'invoke',
  response: [Object: null prototype] {
    requestId: '7e7d482b-f8b8-4de2-b60b-e8c412567f7d',
    result: [Object: null prototype] { kind: 'success', value: '1' }
  },
  wireId: 134217757
}
IPC_DIAG finish 4e943c53f62712e7d19a309e4646e48c93b99bfc8345cea2e9d727a91f86b1be c15 complete
IPC_DIAG worker-retire 205662 c15 UNAVAILABLE
IPC_DIAG receive org.alica.matrixprovidera c16 response [Object: null prototype] { kind: 'quiesced', wireId: 134217759 }
IPC_DIAG finish 4e943c53f62712e7d19a309e4646e48c93b99bfc8345cea2e9d727a91f86b1be c16 complete
IPC_DIAG worker-retire 205662 c16 UNAVAILABLE
IPC_DIAG receive org.alica.matrixprovidera c17 response [Object: null prototype] {
  kind: 'disposed',
  report: [Object: null prototype] {
    completedDisposers: 0,
    failedDisposers: [],
    restartRequired: false,
    state: 'DISPOSED',
    timedOutResources: 0
  },
  wireId: 134217761
}
IPC_DIAG finish 4e943c53f62712e7d19a309e4646e48c93b99bfc8345cea2e9d727a91f86b1be c17 complete
IPC_DIAG fail org.alica.matrixprovidera Error
    at PhysicalSession.fail (file:///home/alica-dev/AlicaV2/packages/kernel/dist/g6/session.js:451:70)
    at file:///home/alica-dev/AlicaV2/packages/kernel/dist/g6/session.js:517:22
    at process.processTicksAndRejections (node:internal/process/task_queues:104:5)
    at async HostIPC.shutdown (file:///home/alica-dev/AlicaV2/packages/kernel/dist/g6/host-adapter.js:232:13)
    at async file:///home/alica-dev/AlicaV2/packages/kernel/dist/index.js:1280:21
    at async consumer (file:///home/alica-dev/AlicaV2/tests/ipc/qualification-consumer.test.mjs:191:3)
    at async TestContext.<anonymous> (file:///home/alica-dev/AlicaV2/tests/ipc/qualification-consumer.test.mjs:213:7)
    at async Test.run (node:internal/test_runner/test:1409:7)
    at async Test.processPendingSubtests (node:internal/test_runner/test:974:7)
IPC_DIAG worker-retire 205662 c17 UNAVAILABLE
IPC_DIAG worker-fail 205662 PeerClosed [AcapError]: UNAVAILABLE
    at NativeStream.receive (file:///home/alica-dev/AlicaV2/packages/kernel/dist/g6/stream.js:119:23)
    at WorkerTransport.pump (file:///home/alica-dev/AlicaV2/packages/kernel/dist/g6/worker-transport.js:114:40)
    at Timeout._onTimeout (file:///home/alica-dev/AlicaV2/packages/kernel/dist/g6/worker-transport.js:67:22)
    at listOnTimeout (node:internal/timers:685:17)
    at process.processTimers (node:internal/timers:618:7) {
  code: 'UNAVAILABLE',
  correlationId: '51febd95-67cb-4307-8ef6-72044c5f8bcc',
  retryable: false
} Error
    at WorkerTransport.fail (file:///home/alica-dev/AlicaV2/packages/kernel/dist/g6/worker-transport.js:251:67)
    at Timeout._onTimeout (file:///home/alica-dev/AlicaV2/packages/kernel/dist/g6/worker-transport.js:70:22)
    at listOnTimeout (node:internal/timers:685:17)
    at process.processTimers (node:internal/timers:618:7)
IPC_DIAG dead org.alica.matrixprovidera 1 null
IPC_DIAG receive org.alica.matrixproviderb c21 response [Object: null prototype] {
  kind: 'invoke',
  response: [Object: null prototype] {
    requestId: '8a79ea75-6bae-4bf7-8910-93414d500cdb',
    result: [Object: null prototype] { kind: 'success', value: 'leaf' }
  },
  wireId: 134217769
}
IPC_DIAG finish 4d09689309d02b073c9a81675eb17dd388b1db2035ee8279d24b139103a74e91 c21 complete
IPC_DIAG worker-retire 205668 c21 UNAVAILABLE
IPC_DIAG receive org.alica.matrixproviderb c22 response [Object: null prototype] { kind: 'quiesced', wireId: 134217771 }
IPC_DIAG finish 4d09689309d02b073c9a81675eb17dd388b1db2035ee8279d24b139103a74e91 c22 complete
IPC_DIAG worker-retire 205668 c22 UNAVAILABLE
IPC_DIAG receive org.alica.matrixproviderb c23 response [Object: null prototype] {
  kind: 'disposed',
  report: [Object: null prototype] {
    completedDisposers: 0,
    failedDisposers: [],
    restartRequired: false,
    state: 'DISPOSED',
    timedOutResources: 0
  },
  wireId: 134217773
}
IPC_DIAG finish 4d09689309d02b073c9a81675eb17dd388b1db2035ee8279d24b139103a74e91 c23 complete
IPC_DIAG fail org.alica.matrixproviderb Error
    at PhysicalSession.fail (file:///home/alica-dev/AlicaV2/packages/kernel/dist/g6/session.js:451:70)
    at file:///home/alica-dev/AlicaV2/packages/kernel/dist/g6/session.js:517:22
    at process.processTicksAndRejections (node:internal/process/task_queues:104:5)
    at async HostIPC.shutdown (file:///home/alica-dev/AlicaV2/packages/kernel/dist/g6/host-adapter.js:232:13)
    at async file:///home/alica-dev/AlicaV2/packages/kernel/dist/index.js:1280:21
    at async Host.closeScope (file:///home/alica-dev/AlicaV2/packages/kernel/dist/index.js:1342:21)
    at async Host.shutdown (file:///home/alica-dev/AlicaV2/packages/kernel/dist/index.js:1426:9)
    at async TestContext.stop (file:///home/alica-dev/AlicaV2/tools/g3-fixtures.mjs:218:5)
    at async TestHook.run (node:internal/test_runner/test:1409:7)
    at async Test.runHook (node:internal/test_runner/test:1289:9)
IPC_DIAG worker-fail 205668 PeerClosed [AcapError]: UNAVAILABLE
    at NativeStream.receive (file:///home/alica-dev/AlicaV2/packages/kernel/dist/g6/stream.js:119:23)
    at WorkerTransport.pump (file:///home/alica-dev/AlicaV2/packages/kernel/dist/g6/worker-transport.js:114:40)
    at Timeout._onTimeout (file:///home/alica-dev/AlicaV2/packages/kernel/dist/g6/worker-transport.js:67:22)
    at listOnTimeout (node:internal/timers:685:17)
    at process.processTimers (node:internal/timers:618:7) {
  code: 'UNAVAILABLE',
  correlationId: 'b885cc96-46de-45c7-ac6e-1a81f9e523e2',
  retryable: false
} Error
    at WorkerTransport.fail (file:///home/alica-dev/AlicaV2/packages/kernel/dist/g6/worker-transport.js:251:67)
    at Timeout._onTimeout (file:///home/alica-dev/AlicaV2/packages/kernel/dist/g6/worker-transport.js:70:22)
    at listOnTimeout (node:internal/timers:685:17)
    at process.processTimers (node:internal/timers:618:7)
IPC_DIAG worker-retire 205668 c23 UNAVAILABLE
IPC_DIAG dead org.alica.matrixproviderb 1 null
✔ same-source matrix consumer ipc: ancestry, authority and live sibling independence (3877.580054ms)
ℹ {"consumerSHA256":"08d5ac0a053a0be9c317c179dd704e90fba78b9e8585244b4c3973e79b0e8f95","providerASHA256":"9746fbf0ad5898e51a35a6209e80d09aedbe2126817a97da831192fc9244449d","providerBSHA256":"a82f9788b6336be98163ce077838f99a7e2a60bad4c58fc78054f110a62a9179"}
ℹ tests 2
ℹ suites 0
ℹ pass 2
ℹ fail 0
ℹ cancelled 0
ℹ skipped 0
ℹ todo 0
ℹ duration_ms 5341.447172
SAMPLE_EXIT 0
DIAGNOSTIC_SAMPLE 3
IPC_DIAG assertion initial-deny line120
IPC_DIAG initial-deny passed
(node:205681) ExperimentalWarning: VM Modules is an experimental feature and might change at any time
(Use `node --trace-warnings ...` to show where the warning was created)
IPC_DIAG deadline passed
IPC_DIAG assertion revoke line169
IPC_DIAG revoke passed
✔ same-source matrix consumer inproc: ancestry, authority and live sibling independence (1176.469771ms)
ℹ {"consumerSHA256":"08d5ac0a053a0be9c317c179dd704e90fba78b9e8585244b4c3973e79b0e8f95","providerASHA256":"9746fbf0ad5898e51a35a6209e80d09aedbe2126817a97da831192fc9244449d","providerBSHA256":"a82f9788b6336be98163ce077838f99a7e2a60bad4c58fc78054f110a62a9179"}
(node:205691) ExperimentalWarning: VM Modules is an experimental feature and might change at any time
(Use `node --trace-warnings ...` to show where the warning was created)
IPC_DIAG receive org.alica.matrixprovidera c1 request [Object: null prototype] {
  capabilityId: 'org.alica.matrixa',
  descriptorDigest: 'sha256:567c3c109971c611cdc932f189e75194252519c2f7766f27c8bbecb2b178f1fa',
  kind: 'register',
  scopeId: 'root',
  wireId: 134217730
}
IPC_DIAG receive org.alica.matrixprovidera c1 response [Object: null prototype] { kind: 'activated', wireId: 134217729 }
IPC_DIAG finish 6ede1b5e50ccc5393ef52c669eaa180aa4acee9ea0c95b5db7f3bf9f33568785 c1 complete
IPC_DIAG worker-retire 205691 c1 UNAVAILABLE
(node:205697) ExperimentalWarning: VM Modules is an experimental feature and might change at any time
(Use `node --trace-warnings ...` to show where the warning was created)
IPC_DIAG receive org.alica.matrixproviderb c1 request [Object: null prototype] {
  capabilityId: 'org.alica.matrixb',
  descriptorDigest: 'sha256:f2194573d7164d46924aa549625e7139c5286fba31598324645b2c0f668607ac',
  kind: 'register',
  scopeId: 'root',
  wireId: 134217730
}
IPC_DIAG receive org.alica.matrixproviderb c1 response [Object: null prototype] { kind: 'activated', wireId: 134217729 }
IPC_DIAG finish 9b3744c2af87453cb01e9c69c53e8db8fc7a0e28da49d99938fd9b67b9b0a541 c1 complete
IPC_DIAG worker-retire 205697 c1 UNAVAILABLE
IPC_DIAG assertion initial-deny line120
IPC_DIAG receive org.alica.matrixprovidera c2 request [Object: null prototype] {
  kind: 'bind',
  optional: true,
  requirementIndex: 0,
  scopeId: 'root',
  wireId: 134217732
}
IPC_DIAG receive org.alica.matrixprovidera c2 response [Object: null prototype] {
  kind: 'invoke',
  response: [Object: null prototype] {
    requestId: '1c999185-b562-44c1-8923-237ee252b5c6',
    result: [Object: null prototype] {
      error: [Object: null prototype],
      kind: 'error'
    }
  },
  wireId: 134217731
}
IPC_DIAG finish 6ede1b5e50ccc5393ef52c669eaa180aa4acee9ea0c95b5db7f3bf9f33568785 c2 complete
IPC_DIAG initial-deny passed
IPC_DIAG worker-retire 205691 c2 UNAVAILABLE
IPC_DIAG receive org.alica.matrixprovidera c3 request [Object: null prototype] {
  kind: 'bind',
  optional: true,
  requirementIndex: 0,
  scopeId: 'root',
  wireId: 134217734
}
IPC_DIAG receive org.alica.matrixprovidera c3 request [Object: null prototype] {
  call: [Object: null prototype] {
    capabilityId: 'org.alica.matrixb',
    deadlineMs: 1789722705474,
    descriptorDigest: 'sha256:f2194573d7164d46924aa549625e7139c5286fba31598324645b2c0f668607ac',
    operation: 'run',
    payload: 'nest:1',
    requestId: 'bb2f1d90-c816-41aa-b15d-f78c89d8acd1'
  },
  handleId: '2721bc02-7978-48bf-9148-9b3282b912f1',
  kind: 'outbound',
  requestedMs: 4452,
  wireId: 134217729
}
IPC_DIAG receive org.alica.matrixproviderb c2 request [Object: null prototype] {
  kind: 'bind',
  optional: true,
  requirementIndex: 0,
  scopeId: 'root',
  wireId: 134217732
}
IPC_DIAG receive org.alica.matrixproviderb c2 request [Object: null prototype] {
  call: [Object: null prototype] {
    capabilityId: 'org.alica.matrixa',
    deadlineMs: 1789722705474,
    descriptorDigest: 'sha256:567c3c109971c611cdc932f189e75194252519c2f7766f27c8bbecb2b178f1fa',
    operation: 'run',
    payload: 'nest:0',
    requestId: '88e75622-1c51-4392-8ab3-fb3fb1830e7b'
  },
  handleId: '2cd31c28-50bc-4df8-a6cc-069fa98174af',
  kind: 'outbound',
  requestedMs: 4379,
  wireId: 134217729
}
IPC_DIAG receive org.alica.matrixprovidera c4 response [Object: null prototype] {
  kind: 'invoke',
  response: [Object: null prototype] {
    requestId: '091ebe3e-9f43-4ebc-a416-71de4ecdfebc',
    result: [Object: null prototype] { kind: 'success', value: 'leaf' }
  },
  wireId: 134217735
}
IPC_DIAG finish 6ede1b5e50ccc5393ef52c669eaa180aa4acee9ea0c95b5db7f3bf9f33568785 c4 complete
IPC_DIAG worker-retire 205691 c4 UNAVAILABLE
IPC_DIAG receive org.alica.matrixproviderb c2 response [Object: null prototype] {
  kind: 'invoke',
  response: [Object: null prototype] {
    requestId: '57e54762-0a85-4b9c-a07a-efd79ad968aa',
    result: [Object: null prototype] { kind: 'success', value: 'leaf' }
  },
  wireId: 134217731
}
IPC_DIAG finish 9b3744c2af87453cb01e9c69c53e8db8fc7a0e28da49d99938fd9b67b9b0a541 c2 complete
IPC_DIAG worker-retire 205697 c2 UNAVAILABLE
IPC_DIAG receive org.alica.matrixprovidera c3 response [Object: null prototype] {
  kind: 'invoke',
  response: [Object: null prototype] {
    requestId: 'b02d1b98-26b8-4366-b210-db6cb9e7e09c',
    result: [Object: null prototype] { kind: 'success', value: 'leaf' }
  },
  wireId: 134217733
}
IPC_DIAG finish 6ede1b5e50ccc5393ef52c669eaa180aa4acee9ea0c95b5db7f3bf9f33568785 c3 complete
IPC_DIAG worker-retire 205691 c3 UNAVAILABLE
IPC_DIAG receive org.alica.matrixprovidera c5 request [Object: null prototype] {
  kind: 'bind',
  optional: true,
  requirementIndex: 0,
  scopeId: 'root',
  wireId: 134217736
}
IPC_DIAG receive org.alica.matrixprovidera c5 request [Object: null prototype] {
  call: [Object: null prototype] {
    capabilityId: 'org.alica.matrixb',
    deadlineMs: 1789722705686,
    descriptorDigest: 'sha256:f2194573d7164d46924aa549625e7139c5286fba31598324645b2c0f668607ac',
    operation: 'run',
    payload: 'nest:3',
    requestId: 'df4e014b-cd56-4fc2-9f10-e2475286d652'
  },
  handleId: 'd256d950-b90d-40e8-84e0-ecd6a20a276d',
  kind: 'outbound',
  requestedMs: 4455,
  wireId: 134217731
}
IPC_DIAG receive org.alica.matrixproviderb c3 request [Object: null prototype] {
  kind: 'bind',
  optional: true,
  requirementIndex: 0,
  scopeId: 'root',
  wireId: 134217734
}
IPC_DIAG receive org.alica.matrixproviderb c3 request [Object: null prototype] {
  call: [Object: null prototype] {
    capabilityId: 'org.alica.matrixa',
    deadlineMs: 1789722705686,
    descriptorDigest: 'sha256:567c3c109971c611cdc932f189e75194252519c2f7766f27c8bbecb2b178f1fa',
    operation: 'run',
    payload: 'nest:2',
    requestId: 'e0e1d8fe-860a-4c13-97c3-93c8c271911c'
  },
  handleId: '66b8fac8-6fa5-45d6-948a-1692b00b5bf7',
  kind: 'outbound',
  requestedMs: 4387,
  wireId: 134217731
}
IPC_DIAG receive org.alica.matrixprovidera c6 request [Object: null prototype] {
  kind: 'bind',
  optional: true,
  requirementIndex: 0,
  scopeId: 'root',
  wireId: 134217738
}
IPC_DIAG receive org.alica.matrixprovidera c6 request [Object: null prototype] {
  call: [Object: null prototype] {
    capabilityId: 'org.alica.matrixb',
    deadlineMs: 1789722705686,
    descriptorDigest: 'sha256:f2194573d7164d46924aa549625e7139c5286fba31598324645b2c0f668607ac',
    operation: 'run',
    payload: 'nest:1',
    requestId: 'a135924a-8e9e-4ddc-bc7b-e6606df9d957'
  },
  handleId: 'c041431e-1523-4119-9fe8-7f55e38c2ea2',
  kind: 'outbound',
  requestedMs: 4308,
  wireId: 134217733
}
IPC_DIAG receive org.alica.matrixproviderb c4 request [Object: null prototype] {
  kind: 'bind',
  optional: true,
  requirementIndex: 0,
  scopeId: 'root',
  wireId: 134217736
}
IPC_DIAG receive org.alica.matrixproviderb c4 request [Object: null prototype] {
  call: [Object: null prototype] {
    capabilityId: 'org.alica.matrixa',
    deadlineMs: 1789722705686,
    descriptorDigest: 'sha256:567c3c109971c611cdc932f189e75194252519c2f7766f27c8bbecb2b178f1fa',
    operation: 'run',
    payload: 'nest:0',
    requestId: 'a201e5e3-edfa-4847-86e9-929644d150ed'
  },
  handleId: 'b3eaff12-d0f2-4bfa-8e6d-d41d3bcc6844',
  kind: 'outbound',
  requestedMs: 4219,
  wireId: 134217733
}
IPC_DIAG receive org.alica.matrixprovidera c7 response [Object: null prototype] {
  kind: 'invoke',
  response: [Object: null prototype] {
    requestId: 'a64710b0-73fb-4338-b2c4-9753d74cd9a5',
    result: [Object: null prototype] { kind: 'success', value: 'leaf' }
  },
  wireId: 134217741
}
IPC_DIAG finish 6ede1b5e50ccc5393ef52c669eaa180aa4acee9ea0c95b5db7f3bf9f33568785 c7 complete
IPC_DIAG worker-retire 205691 c7 UNAVAILABLE
IPC_DIAG receive org.alica.matrixproviderb c4 response [Object: null prototype] {
  kind: 'invoke',
  response: [Object: null prototype] {
    requestId: '4c377a84-345a-4ec5-88bf-1f0f1e9c5f13',
    result: [Object: null prototype] { kind: 'success', value: 'leaf' }
  },
  wireId: 134217735
}
IPC_DIAG finish 9b3744c2af87453cb01e9c69c53e8db8fc7a0e28da49d99938fd9b67b9b0a541 c4 complete
IPC_DIAG worker-retire 205697 c4 UNAVAILABLE
IPC_DIAG receive org.alica.matrixprovidera c6 response [Object: null prototype] {
  kind: 'invoke',
  response: [Object: null prototype] {
    requestId: '51802670-8495-4097-9429-6c362ab990a2',
    result: [Object: null prototype] { kind: 'success', value: 'leaf' }
  },
  wireId: 134217739
}
IPC_DIAG finish 6ede1b5e50ccc5393ef52c669eaa180aa4acee9ea0c95b5db7f3bf9f33568785 c6 complete
IPC_DIAG worker-retire 205691 c6 UNAVAILABLE
IPC_DIAG receive org.alica.matrixproviderb c3 response [Object: null prototype] {
  kind: 'invoke',
  response: [Object: null prototype] {
    requestId: '1cd55dda-a05c-431f-a248-ee2fc5e009ed',
    result: [Object: null prototype] { kind: 'success', value: 'leaf' }
  },
  wireId: 134217733
}
IPC_DIAG finish 9b3744c2af87453cb01e9c69c53e8db8fc7a0e28da49d99938fd9b67b9b0a541 c3 complete
IPC_DIAG worker-retire 205697 c3 UNAVAILABLE
IPC_DIAG receive org.alica.matrixprovidera c5 response [Object: null prototype] {
  kind: 'invoke',
  response: [Object: null prototype] {
    requestId: '7bacd0d6-4311-4fd1-ba88-0c0e7f0a3a93',
    result: [Object: null prototype] { kind: 'success', value: 'leaf' }
  },
  wireId: 134217737
}
IPC_DIAG finish 6ede1b5e50ccc5393ef52c669eaa180aa4acee9ea0c95b5db7f3bf9f33568785 c5 complete
IPC_DIAG worker-retire 205691 c5 UNAVAILABLE
IPC_DIAG receive org.alica.matrixprovidera c8 request [Object: null prototype] {
  kind: 'bind',
  optional: true,
  requirementIndex: 0,
  scopeId: 'root',
  wireId: 134217740
}
IPC_DIAG receive org.alica.matrixprovidera c8 request [Object: null prototype] {
  call: [Object: null prototype] {
    capabilityId: 'org.alica.matrixb',
    deadlineMs: 1789722706119,
    descriptorDigest: 'sha256:f2194573d7164d46924aa549625e7139c5286fba31598324645b2c0f668607ac',
    operation: 'run',
    payload: 'nest:23',
    requestId: 'bccd70ee-10a4-4de1-9bba-3b3d8f950c20'
  },
  handleId: 'e0899e13-a337-40a4-86e3-92092939d8d3',
  kind: 'outbound',
  requestedMs: 4453,
  wireId: 134217735
}
IPC_DIAG receive org.alica.matrixproviderb c5 request [Object: null prototype] {
  kind: 'bind',
  optional: true,
  requirementIndex: 0,
  scopeId: 'root',
  wireId: 134217738
}
IPC_DIAG receive org.alica.matrixproviderb c5 request [Object: null prototype] {
  call: [Object: null prototype] {
    capabilityId: 'org.alica.matrixa',
    deadlineMs: 1789722706119,
    descriptorDigest: 'sha256:567c3c109971c611cdc932f189e75194252519c2f7766f27c8bbecb2b178f1fa',
    operation: 'run',
    payload: 'nest:22',
    requestId: 'a941df53-d9c2-4bce-ab50-baffaa0b6a8d'
  },
  handleId: 'fa91f6bd-f290-463e-bd2e-c98d5a777163',
  kind: 'outbound',
  requestedMs: 4392,
  wireId: 134217735
}
IPC_DIAG receive org.alica.matrixprovidera c9 request [Object: null prototype] {
  kind: 'bind',
  optional: true,
  requirementIndex: 0,
  scopeId: 'root',
  wireId: 134217742
}
IPC_DIAG receive org.alica.matrixprovidera c9 request [Object: null prototype] {
  call: [Object: null prototype] {
    capabilityId: 'org.alica.matrixb',
    deadlineMs: 1789722706119,
    descriptorDigest: 'sha256:f2194573d7164d46924aa549625e7139c5286fba31598324645b2c0f668607ac',
    operation: 'run',
    payload: 'nest:21',
    requestId: '2b28e67c-5342-4124-8b08-0b26f4dda0ff'
  },
  handleId: '186e1757-a480-472d-b30e-55aacdd09234',
  kind: 'outbound',
  requestedMs: 4308,
  wireId: 134217737
}
IPC_DIAG receive org.alica.matrixproviderb c6 request [Object: null prototype] {
  kind: 'bind',
  optional: true,
  requirementIndex: 0,
  scopeId: 'root',
  wireId: 134217740
}
IPC_DIAG receive org.alica.matrixproviderb c6 request [Object: null prototype] {
  call: [Object: null prototype] {
    capabilityId: 'org.alica.matrixa',
    deadlineMs: 1789722706119,
    descriptorDigest: 'sha256:567c3c109971c611cdc932f189e75194252519c2f7766f27c8bbecb2b178f1fa',
    operation: 'run',
    payload: 'nest:20',
    requestId: 'd4f43281-b84a-4805-9649-aabc49d8b0f0'
  },
  handleId: 'cd414e04-bb57-40bb-9a80-43898b4cf507',
  kind: 'outbound',
  requestedMs: 4212,
  wireId: 134217737
}
IPC_DIAG receive org.alica.matrixprovidera c10 request [Object: null prototype] {
  kind: 'bind',
  optional: true,
  requirementIndex: 0,
  scopeId: 'root',
  wireId: 134217744
}
IPC_DIAG receive org.alica.matrixprovidera c10 request [Object: null prototype] {
  call: [Object: null prototype] {
    capabilityId: 'org.alica.matrixb',
    deadlineMs: 1789722706119,
    descriptorDigest: 'sha256:f2194573d7164d46924aa549625e7139c5286fba31598324645b2c0f668607ac',
    operation: 'run',
    payload: 'nest:19',
    requestId: '91479395-c428-4eb9-a68c-d898fb6d30de'
  },
  handleId: 'b4e1f439-182d-46f8-8fb5-de66ade5ecab',
  kind: 'outbound',
  requestedMs: 4109,
  wireId: 134217739
}
IPC_DIAG receive org.alica.matrixproviderb c7 request [Object: null prototype] {
  kind: 'bind',
  optional: true,
  requirementIndex: 0,
  scopeId: 'root',
  wireId: 134217742
}
IPC_DIAG receive org.alica.matrixproviderb c7 request [Object: null prototype] {
  call: [Object: null prototype] {
    capabilityId: 'org.alica.matrixa',
    deadlineMs: 1789722706119,
    descriptorDigest: 'sha256:567c3c109971c611cdc932f189e75194252519c2f7766f27c8bbecb2b178f1fa',
    operation: 'run',
    payload: 'nest:18',
    requestId: '0a6a7edc-ab8f-48f6-b6b0-7a7c7a4ed866'
  },
  handleId: '282b7385-2ef7-47b0-8993-d1ed6a44d139',
  kind: 'outbound',
  requestedMs: 3989,
  wireId: 134217739
}
IPC_DIAG receive org.alica.matrixprovidera c11 request [Object: null prototype] {
  kind: 'bind',
  optional: true,
  requirementIndex: 0,
  scopeId: 'root',
  wireId: 134217746
}
IPC_DIAG receive org.alica.matrixprovidera c11 request [Object: null prototype] {
  call: [Object: null prototype] {
    capabilityId: 'org.alica.matrixb',
    deadlineMs: 1789722706119,
    descriptorDigest: 'sha256:f2194573d7164d46924aa549625e7139c5286fba31598324645b2c0f668607ac',
    operation: 'run',
    payload: 'nest:17',
    requestId: '891c0354-c732-4b00-ace4-186a6d0021cb'
  },
  handleId: '86753770-78aa-4fa5-bd5d-03e8867edfa7',
  kind: 'outbound',
  requestedMs: 3861,
  wireId: 134217741
}
IPC_DIAG receive org.alica.matrixproviderb c8 request [Object: null prototype] {
  kind: 'bind',
  optional: true,
  requirementIndex: 0,
  scopeId: 'root',
  wireId: 134217744
}
IPC_DIAG receive org.alica.matrixproviderb c8 request [Object: null prototype] {
  call: [Object: null prototype] {
    capabilityId: 'org.alica.matrixa',
    deadlineMs: 1789722706119,
    descriptorDigest: 'sha256:567c3c109971c611cdc932f189e75194252519c2f7766f27c8bbecb2b178f1fa',
    operation: 'run',
    payload: 'nest:16',
    requestId: '72f5cdbb-c8da-4d13-88b1-d54f0d0922bd'
  },
  handleId: '34f9506e-2759-4d5a-92d2-8540f6dfeeea',
  kind: 'outbound',
  requestedMs: 3726,
  wireId: 134217741
}
IPC_DIAG receive org.alica.matrixproviderb c8 response [Object: null prototype] {
  kind: 'invoke',
  response: [Object: null prototype] {
    requestId: '86662d09-4d0e-46cd-87cf-4cfc7307a837',
    result: [Object: null prototype] {
      error: [Object: null prototype],
      kind: 'error'
    }
  },
  wireId: 134217743
}
IPC_DIAG finish 9b3744c2af87453cb01e9c69c53e8db8fc7a0e28da49d99938fd9b67b9b0a541 c8 complete
IPC_DIAG worker-retire 205697 c8 UNAVAILABLE
IPC_DIAG receive org.alica.matrixprovidera c11 response [Object: null prototype] {
  kind: 'invoke',
  response: [Object: null prototype] {
    requestId: '2fb03545-136d-49e3-94b1-8c1e2870cf3a',
    result: [Object: null prototype] {
      error: [Object: null prototype],
      kind: 'error'
    }
  },
  wireId: 134217749
}
IPC_DIAG finish 6ede1b5e50ccc5393ef52c669eaa180aa4acee9ea0c95b5db7f3bf9f33568785 c11 complete
IPC_DIAG worker-retire 205691 c11 UNAVAILABLE
IPC_DIAG receive org.alica.matrixproviderb c7 response [Object: null prototype] {
  kind: 'invoke',
  response: [Object: null prototype] {
    requestId: '87bb947f-f6da-4cdc-a1ba-bec705eff5ee',
    result: [Object: null prototype] {
      error: [Object: null prototype],
      kind: 'error'
    }
  },
  wireId: 134217741
}
IPC_DIAG finish 9b3744c2af87453cb01e9c69c53e8db8fc7a0e28da49d99938fd9b67b9b0a541 c7 complete
IPC_DIAG worker-retire 205697 c7 UNAVAILABLE
IPC_DIAG receive org.alica.matrixprovidera c10 response [Object: null prototype] {
  kind: 'invoke',
  response: [Object: null prototype] {
    requestId: '405f1830-19ad-49b0-99c0-8b662db8321c',
    result: [Object: null prototype] {
      error: [Object: null prototype],
      kind: 'error'
    }
  },
  wireId: 134217747
}
IPC_DIAG finish 6ede1b5e50ccc5393ef52c669eaa180aa4acee9ea0c95b5db7f3bf9f33568785 c10 complete
IPC_DIAG worker-retire 205691 c10 UNAVAILABLE
IPC_DIAG receive org.alica.matrixproviderb c6 response [Object: null prototype] {
  kind: 'invoke',
  response: [Object: null prototype] {
    requestId: '4e339a3d-e066-4fd6-9ac0-c80ec7bb3dd5',
    result: [Object: null prototype] {
      error: [Object: null prototype],
      kind: 'error'
    }
  },
  wireId: 134217739
}
IPC_DIAG finish 9b3744c2af87453cb01e9c69c53e8db8fc7a0e28da49d99938fd9b67b9b0a541 c6 complete
IPC_DIAG worker-retire 205697 c6 UNAVAILABLE
IPC_DIAG receive org.alica.matrixprovidera c9 response [Object: null prototype] {
  kind: 'invoke',
  response: [Object: null prototype] {
    requestId: '9c6308a2-e58a-4cbc-ab00-5fd9d3938606',
    result: [Object: null prototype] {
      error: [Object: null prototype],
      kind: 'error'
    }
  },
  wireId: 134217745
}
IPC_DIAG finish 6ede1b5e50ccc5393ef52c669eaa180aa4acee9ea0c95b5db7f3bf9f33568785 c9 complete
IPC_DIAG worker-retire 205691 c9 UNAVAILABLE
IPC_DIAG receive org.alica.matrixproviderb c5 response [Object: null prototype] {
  kind: 'invoke',
  response: [Object: null prototype] {
    requestId: '6e20ad33-5a8a-4d0f-b7da-b26a6cd1b157',
    result: [Object: null prototype] {
      error: [Object: null prototype],
      kind: 'error'
    }
  },
  wireId: 134217737
}
IPC_DIAG finish 9b3744c2af87453cb01e9c69c53e8db8fc7a0e28da49d99938fd9b67b9b0a541 c5 complete
IPC_DIAG worker-retire 205697 c5 UNAVAILABLE
IPC_DIAG receive org.alica.matrixprovidera c8 response [Object: null prototype] {
  kind: 'invoke',
  response: [Object: null prototype] {
    requestId: 'e89c804d-8a7f-4c98-a3eb-6fb0b0fc1c9b',
    result: [Object: null prototype] {
      error: [Object: null prototype],
      kind: 'error'
    }
  },
  wireId: 134217743
}
IPC_DIAG finish 6ede1b5e50ccc5393ef52c669eaa180aa4acee9ea0c95b5db7f3bf9f33568785 c8 complete
IPC_DIAG worker-retire 205691 c8 UNAVAILABLE
IPC_DIAG receive org.alica.matrixproviderb c9 response [Object: null prototype] {
  kind: 'invoke',
  response: [Object: null prototype] {
    requestId: '68dadb62-0bac-4b83-8e42-9095d54c359b',
    result: [Object: null prototype] { kind: 'success', value: 'leaf' }
  },
  wireId: 134217745
}
IPC_DIAG finish 9b3744c2af87453cb01e9c69c53e8db8fc7a0e28da49d99938fd9b67b9b0a541 c9 complete
IPC_DIAG worker-retire 205697 c9 UNAVAILABLE
IPC_DIAG receive org.alica.matrixprovidera c12 request [Object: null prototype] {
  kind: 'bind',
  optional: true,
  requirementIndex: 0,
  scopeId: 'root',
  wireId: 134217748
}
IPC_DIAG receive org.alica.matrixproviderb c10 response [Object: null prototype] {
  kind: 'invoke',
  response: [Object: null prototype] {
    requestId: 'da80f095-7fc5-4e84-a14f-55da7edcca3b',
    result: [Object: null prototype] { kind: 'success', value: '0:0:0' }
  },
  wireId: 134217747
}
IPC_DIAG finish 9b3744c2af87453cb01e9c69c53e8db8fc7a0e28da49d99938fd9b67b9b0a541 c10 complete
IPC_DIAG worker-retire 205697 c10 UNAVAILABLE
IPC_DIAG receive org.alica.matrixprovidera c12 request [Object: null prototype] {
  call: [Object: null prototype] {
    capabilityId: 'org.alica.matrixb',
    deadlineMs: 1789722707081,
    descriptorDigest: 'sha256:f2194573d7164d46924aa549625e7139c5286fba31598324645b2c0f668607ac',
    operation: 'run',
    payload: 'wait',
    requestId: 'a070efab-2071-47fa-ac00-ca3d16d96507'
  },
  handleId: 'ca531f57-7448-49ec-abbd-b5c7494faa04',
  kind: 'outbound',
  requestedMs: 4421,
  wireId: 134217743
}
IPC_DIAG receive org.alica.matrixproviderb c12 response [Object: null prototype] {
  kind: 'invoke',
  response: [Object: null prototype] {
    requestId: 'fd9c5210-7e94-4ef2-bf6e-c789be8fd4d7',
    result: [Object: null prototype] { kind: 'success', value: '1:0:0' }
  },
  wireId: 134217751
}
IPC_DIAG finish 9b3744c2af87453cb01e9c69c53e8db8fc7a0e28da49d99938fd9b67b9b0a541 c12 complete
IPC_DIAG worker-retire 205697 c12 UNAVAILABLE
IPC_DIAG finish 6ede1b5e50ccc5393ef52c669eaa180aa4acee9ea0c95b5db7f3bf9f33568785 c12 CANCELLED
IPC_DIAG finish 9b3744c2af87453cb01e9c69c53e8db8fc7a0e28da49d99938fd9b67b9b0a541 c11 CANCELLED
IPC_DIAG worker-retire 205691 c12 UNAVAILABLE
IPC_DIAG worker-retire 205697 c11 UNAVAILABLE
IPC_DIAG receive org.alica.matrixproviderb c13 response [Object: null prototype] {
  kind: 'invoke',
  response: [Object: null prototype] {
    requestId: '0fb48cea-de46-43cd-80c6-46e6cd8374ab',
    result: [Object: null prototype] { kind: 'success', value: 'slow' }
  },
  wireId: 134217753
}
IPC_DIAG finish 9b3744c2af87453cb01e9c69c53e8db8fc7a0e28da49d99938fd9b67b9b0a541 c13 complete
IPC_DIAG worker-retire 205697 c13 UNAVAILABLE
IPC_DIAG receive org.alica.matrixproviderb c14 response [Object: null prototype] {
  kind: 'invoke',
  response: [Object: null prototype] {
    requestId: '5ce8428c-4f65-4946-9419-e90df4944a1f',
    result: [Object: null prototype] { kind: 'success', value: '1:1:0' }
  },
  wireId: 134217755
}
IPC_DIAG finish 9b3744c2af87453cb01e9c69c53e8db8fc7a0e28da49d99938fd9b67b9b0a541 c14 complete
IPC_DIAG worker-retire 205697 c14 UNAVAILABLE
IPC_DIAG receive org.alica.matrixprovidera c13 request [Object: null prototype] {
  kind: 'bind',
  optional: true,
  requirementIndex: 0,
  scopeId: 'root',
  wireId: 134217750
}
IPC_DIAG receive org.alica.matrixprovidera c13 request [Object: null prototype] {
  call: [Object: null prototype] {
    capabilityId: 'org.alica.matrixb',
    deadlineMs: 1789722703042,
    descriptorDigest: 'sha256:f2194573d7164d46924aa549625e7139c5286fba31598324645b2c0f668607ac',
    operation: 'run',
    payload: 'wait',
    requestId: '2a2d67d6-3be2-4c8a-b939-2b2336e5d45d'
  },
  handleId: 'ec35eafb-c9b6-4e7b-9287-34a3fbe2b189',
  kind: 'outbound',
  requestedMs: 11,
  wireId: 134217745
}
IPC_DIAG finish 6ede1b5e50ccc5393ef52c669eaa180aa4acee9ea0c95b5db7f3bf9f33568785 c13 DEADLINE_EXCEEDED
IPC_DIAG worker-retire 205691 c13 UNAVAILABLE
IPC_DIAG receive org.alica.matrixproviderb c15 response [Object: null prototype] {
  kind: 'invoke',
  response: [Object: null prototype] {
    requestId: 'a1b4b3f5-328f-4a99-937b-139a064149ca',
    result: [Object: null prototype] { kind: 'success', value: 'slow' }
  },
  wireId: 134217757
}
IPC_DIAG finish 9b3744c2af87453cb01e9c69c53e8db8fc7a0e28da49d99938fd9b67b9b0a541 c15 complete
IPC_DIAG worker-retire 205697 c15 UNAVAILABLE
IPC_DIAG deadline passed
IPC_DIAG receive org.alica.matrixproviderb c16 response [Object: null prototype] {
  kind: 'invoke',
  response: [Object: null prototype] {
    requestId: '335e2dcb-04e2-425e-8ba5-d2f9d6d3cab3',
    result: [Object: null prototype] { kind: 'success', value: '1:1:0' }
  },
  wireId: 134217759
}
IPC_DIAG finish 9b3744c2af87453cb01e9c69c53e8db8fc7a0e28da49d99938fd9b67b9b0a541 c16 complete
IPC_DIAG worker-retire 205697 c16 UNAVAILABLE
IPC_DIAG assertion revoke line169
IPC_DIAG receive org.alica.matrixprovidera c14 request [Object: null prototype] {
  kind: 'bind',
  optional: true,
  requirementIndex: 0,
  scopeId: 'root',
  wireId: 134217752
}
IPC_DIAG receive org.alica.matrixproviderb c17 response [Object: null prototype] {
  kind: 'invoke',
  response: [Object: null prototype] {
    requestId: 'e71b2300-5309-4c9f-ae90-f5a6b095e4e9',
    result: [Object: null prototype] { kind: 'success', value: '1:1:0' }
  },
  wireId: 134217761
}
IPC_DIAG finish 9b3744c2af87453cb01e9c69c53e8db8fc7a0e28da49d99938fd9b67b9b0a541 c17 complete
IPC_DIAG worker-retire 205697 c17 UNAVAILABLE
IPC_DIAG receive org.alica.matrixprovidera c14 request [Object: null prototype] {
  call: [Object: null prototype] {
    capabilityId: 'org.alica.matrixb',
    deadlineMs: 1789722707715,
    descriptorDigest: 'sha256:f2194573d7164d46924aa549625e7139c5286fba31598324645b2c0f668607ac',
    operation: 'run',
    payload: 'wait',
    requestId: '2eab6612-4618-4e39-9c34-74d745d3986c'
  },
  handleId: '05f0b266-c91b-4333-883e-4c7303eee724',
  kind: 'outbound',
  requestedMs: 4436,
  wireId: 134217747
}
IPC_DIAG receive org.alica.matrixproviderb c19 response [Object: null prototype] {
  kind: 'invoke',
  response: [Object: null prototype] {
    requestId: '509f9fc0-fc17-4a74-918b-30131d6b53c5',
    result: [Object: null prototype] { kind: 'success', value: '2:1:0' }
  },
  wireId: 134217765
}
IPC_DIAG finish 9b3744c2af87453cb01e9c69c53e8db8fc7a0e28da49d99938fd9b67b9b0a541 c19 complete
IPC_DIAG worker-retire 205697 c19 UNAVAILABLE
IPC_DIAG finish 9b3744c2af87453cb01e9c69c53e8db8fc7a0e28da49d99938fd9b67b9b0a541 c18 CANCELLED
IPC_DIAG worker-retire 205697 c18 UNAVAILABLE
IPC_DIAG receive org.alica.matrixprovidera c14 response [Object: null prototype] {
  kind: 'invoke',
  response: [Object: null prototype] {
    requestId: '8ec59b65-5f65-4639-9ee1-b80cedd12380',
    result: [Object: null prototype] {
      error: [Object: null prototype],
      kind: 'error'
    }
  },
  wireId: 134217755
}
IPC_DIAG finish 6ede1b5e50ccc5393ef52c669eaa180aa4acee9ea0c95b5db7f3bf9f33568785 c14 complete
IPC_DIAG revoke passed
IPC_DIAG worker-retire 205691 c14 UNAVAILABLE
IPC_DIAG receive org.alica.matrixproviderb c20 response [Object: null prototype] {
  kind: 'invoke',
  response: [Object: null prototype] {
    requestId: '861bcbe0-33f3-44b7-bcea-b7402d1601e8',
    result: [Object: null prototype] { kind: 'success', value: 'slow' }
  },
  wireId: 134217767
}
IPC_DIAG finish 9b3744c2af87453cb01e9c69c53e8db8fc7a0e28da49d99938fd9b67b9b0a541 c20 complete
IPC_DIAG worker-retire 205697 c20 UNAVAILABLE
IPC_DIAG receive org.alica.matrixprovidera c15 response [Object: null prototype] {
  kind: 'invoke',
  response: [Object: null prototype] {
    requestId: '54c90a82-b4bc-4051-9b6b-4664a861a6d9',
    result: [Object: null prototype] { kind: 'success', value: '1' }
  },
  wireId: 134217757
}
IPC_DIAG finish 6ede1b5e50ccc5393ef52c669eaa180aa4acee9ea0c95b5db7f3bf9f33568785 c15 complete
IPC_DIAG worker-retire 205691 c15 UNAVAILABLE
IPC_DIAG receive org.alica.matrixprovidera c16 response [Object: null prototype] { kind: 'quiesced', wireId: 134217759 }
IPC_DIAG finish 6ede1b5e50ccc5393ef52c669eaa180aa4acee9ea0c95b5db7f3bf9f33568785 c16 complete
IPC_DIAG worker-retire 205691 c16 UNAVAILABLE
IPC_DIAG receive org.alica.matrixprovidera c17 response [Object: null prototype] {
  kind: 'disposed',
  report: [Object: null prototype] {
    completedDisposers: 0,
    failedDisposers: [],
    restartRequired: false,
    state: 'DISPOSED',
    timedOutResources: 0
  },
  wireId: 134217761
}
IPC_DIAG finish 6ede1b5e50ccc5393ef52c669eaa180aa4acee9ea0c95b5db7f3bf9f33568785 c17 complete
IPC_DIAG worker-retire 205691 c17 UNAVAILABLE
IPC_DIAG fail org.alica.matrixprovidera Error
    at PhysicalSession.fail (file:///home/alica-dev/AlicaV2/packages/kernel/dist/g6/session.js:451:70)
    at file:///home/alica-dev/AlicaV2/packages/kernel/dist/g6/session.js:517:22
    at process.processTicksAndRejections (node:internal/process/task_queues:104:5)
    at async HostIPC.shutdown (file:///home/alica-dev/AlicaV2/packages/kernel/dist/g6/host-adapter.js:232:13)
    at async file:///home/alica-dev/AlicaV2/packages/kernel/dist/index.js:1280:21
    at async consumer (file:///home/alica-dev/AlicaV2/tests/ipc/qualification-consumer.test.mjs:191:3)
    at async TestContext.<anonymous> (file:///home/alica-dev/AlicaV2/tests/ipc/qualification-consumer.test.mjs:213:7)
    at async Test.run (node:internal/test_runner/test:1409:7)
    at async Test.processPendingSubtests (node:internal/test_runner/test:974:7)
IPC_DIAG worker-fail 205691 PeerClosed [AcapError]: UNAVAILABLE
    at NativeStream.receive (file:///home/alica-dev/AlicaV2/packages/kernel/dist/g6/stream.js:119:23)
    at WorkerTransport.pump (file:///home/alica-dev/AlicaV2/packages/kernel/dist/g6/worker-transport.js:114:40)
    at Timeout._onTimeout (file:///home/alica-dev/AlicaV2/packages/kernel/dist/g6/worker-transport.js:67:22)
    at listOnTimeout (node:internal/timers:685:17)
    at process.processTimers (node:internal/timers:618:7) {
  code: 'UNAVAILABLE',
  correlationId: 'a62f72e7-090d-4a93-97ce-27122fc550bd',
  retryable: false
} Error
    at WorkerTransport.fail (file:///home/alica-dev/AlicaV2/packages/kernel/dist/g6/worker-transport.js:251:67)
    at Timeout._onTimeout (file:///home/alica-dev/AlicaV2/packages/kernel/dist/g6/worker-transport.js:70:22)
    at listOnTimeout (node:internal/timers:685:17)
    at process.processTimers (node:internal/timers:618:7)
IPC_DIAG dead org.alica.matrixprovidera 1 null
IPC_DIAG receive org.alica.matrixproviderb c21 response [Object: null prototype] {
  kind: 'invoke',
  response: [Object: null prototype] {
    requestId: '14afcf29-6438-4865-8e6f-a7dbc65af3d0',
    result: [Object: null prototype] { kind: 'success', value: 'leaf' }
  },
  wireId: 134217769
}
IPC_DIAG finish 9b3744c2af87453cb01e9c69c53e8db8fc7a0e28da49d99938fd9b67b9b0a541 c21 complete
IPC_DIAG worker-retire 205697 c21 UNAVAILABLE
IPC_DIAG receive org.alica.matrixproviderb c22 response [Object: null prototype] { kind: 'quiesced', wireId: 134217771 }
IPC_DIAG finish 9b3744c2af87453cb01e9c69c53e8db8fc7a0e28da49d99938fd9b67b9b0a541 c22 complete
IPC_DIAG worker-retire 205697 c22 UNAVAILABLE
IPC_DIAG receive org.alica.matrixproviderb c23 response [Object: null prototype] {
  kind: 'disposed',
  report: [Object: null prototype] {
    completedDisposers: 0,
    failedDisposers: [],
    restartRequired: false,
    state: 'DISPOSED',
    timedOutResources: 0
  },
  wireId: 134217773
}
IPC_DIAG finish 9b3744c2af87453cb01e9c69c53e8db8fc7a0e28da49d99938fd9b67b9b0a541 c23 complete
IPC_DIAG fail org.alica.matrixproviderb Error
    at PhysicalSession.fail (file:///home/alica-dev/AlicaV2/packages/kernel/dist/g6/session.js:451:70)
    at file:///home/alica-dev/AlicaV2/packages/kernel/dist/g6/session.js:517:22
    at process.processTicksAndRejections (node:internal/process/task_queues:104:5)
    at async HostIPC.shutdown (file:///home/alica-dev/AlicaV2/packages/kernel/dist/g6/host-adapter.js:232:13)
    at async file:///home/alica-dev/AlicaV2/packages/kernel/dist/index.js:1280:21
    at async Host.closeScope (file:///home/alica-dev/AlicaV2/packages/kernel/dist/index.js:1342:21)
    at async Host.shutdown (file:///home/alica-dev/AlicaV2/packages/kernel/dist/index.js:1426:9)
    at async TestContext.stop (file:///home/alica-dev/AlicaV2/tools/g3-fixtures.mjs:218:5)
    at async TestHook.run (node:internal/test_runner/test:1409:7)
    at async Test.runHook (node:internal/test_runner/test:1289:9)
IPC_DIAG worker-fail 205697 PeerClosed [AcapError]: UNAVAILABLE
    at NativeStream.receive (file:///home/alica-dev/AlicaV2/packages/kernel/dist/g6/stream.js:119:23)
    at WorkerTransport.pump (file:///home/alica-dev/AlicaV2/packages/kernel/dist/g6/worker-transport.js:114:40)
    at Timeout._onTimeout (file:///home/alica-dev/AlicaV2/packages/kernel/dist/g6/worker-transport.js:67:22)
    at listOnTimeout (node:internal/timers:685:17)
    at process.processTimers (node:internal/timers:618:7) {
  code: 'UNAVAILABLE',
  correlationId: 'f636fba9-0c0c-428d-8c06-96d7a147e99e',
  retryable: false
} Error
    at WorkerTransport.fail (file:///home/alica-dev/AlicaV2/packages/kernel/dist/g6/worker-transport.js:251:67)
    at Timeout._onTimeout (file:///home/alica-dev/AlicaV2/packages/kernel/dist/g6/worker-transport.js:70:22)
    at listOnTimeout (node:internal/timers:685:17)
    at process.processTimers (node:internal/timers:618:7)
IPC_DIAG worker-retire 205697 c23 UNAVAILABLE
IPC_DIAG dead org.alica.matrixproviderb 1 null
✔ same-source matrix consumer ipc: ancestry, authority and live sibling independence (3971.461548ms)
ℹ {"consumerSHA256":"08d5ac0a053a0be9c317c179dd704e90fba78b9e8585244b4c3973e79b0e8f95","providerASHA256":"9746fbf0ad5898e51a35a6209e80d09aedbe2126817a97da831192fc9244449d","providerBSHA256":"a82f9788b6336be98163ce077838f99a7e2a60bad4c58fc78054f110a62a9179"}
ℹ tests 2
ℹ suites 0
ℹ pass 2
ℹ fail 0
ℹ cancelled 0
ℹ skipped 0
ℹ todo 0
ℹ duration_ms 5407.770143
SAMPLE_EXIT 0
DIAGNOSTIC_SAMPLE 4
IPC_DIAG assertion initial-deny line120
IPC_DIAG initial-deny passed
(node:205712) ExperimentalWarning: VM Modules is an experimental feature and might change at any time
(Use `node --trace-warnings ...` to show where the warning was created)
IPC_DIAG deadline passed
IPC_DIAG assertion revoke line169
IPC_DIAG revoke passed
✔ same-source matrix consumer inproc: ancestry, authority and live sibling independence (1153.57001ms)
ℹ {"consumerSHA256":"08d5ac0a053a0be9c317c179dd704e90fba78b9e8585244b4c3973e79b0e8f95","providerASHA256":"9746fbf0ad5898e51a35a6209e80d09aedbe2126817a97da831192fc9244449d","providerBSHA256":"a82f9788b6336be98163ce077838f99a7e2a60bad4c58fc78054f110a62a9179"}
(node:205722) ExperimentalWarning: VM Modules is an experimental feature and might change at any time
(Use `node --trace-warnings ...` to show where the warning was created)
IPC_DIAG receive org.alica.matrixprovidera c1 request [Object: null prototype] {
  capabilityId: 'org.alica.matrixa',
  descriptorDigest: 'sha256:567c3c109971c611cdc932f189e75194252519c2f7766f27c8bbecb2b178f1fa',
  kind: 'register',
  scopeId: 'root',
  wireId: 134217730
}
IPC_DIAG receive org.alica.matrixprovidera c1 response [Object: null prototype] { kind: 'activated', wireId: 134217729 }
IPC_DIAG finish dedc17a30058ede0e706af1f795500d4d11fe6c19039ffed37f3fdcf6b9476f2 c1 complete
IPC_DIAG worker-retire 205722 c1 UNAVAILABLE
(node:205728) ExperimentalWarning: VM Modules is an experimental feature and might change at any time
(Use `node --trace-warnings ...` to show where the warning was created)
IPC_DIAG receive org.alica.matrixproviderb c1 request [Object: null prototype] {
  capabilityId: 'org.alica.matrixb',
  descriptorDigest: 'sha256:f2194573d7164d46924aa549625e7139c5286fba31598324645b2c0f668607ac',
  kind: 'register',
  scopeId: 'root',
  wireId: 134217730
}
IPC_DIAG receive org.alica.matrixproviderb c1 response [Object: null prototype] { kind: 'activated', wireId: 134217729 }
IPC_DIAG finish fb1ce7ec56d243c339dbc4429edcc5dfa1f36b7c0047bd943c8dea177f10a454 c1 complete
IPC_DIAG worker-retire 205728 c1 UNAVAILABLE
IPC_DIAG assertion initial-deny line120
IPC_DIAG receive org.alica.matrixprovidera c2 request [Object: null prototype] {
  kind: 'bind',
  optional: true,
  requirementIndex: 0,
  scopeId: 'root',
  wireId: 134217732
}
IPC_DIAG receive org.alica.matrixprovidera c2 response [Object: null prototype] {
  kind: 'invoke',
  response: [Object: null prototype] {
    requestId: '060953d9-bd73-4bf8-a875-33b2aaddbf98',
    result: [Object: null prototype] {
      error: [Object: null prototype],
      kind: 'error'
    }
  },
  wireId: 134217731
}
IPC_DIAG finish dedc17a30058ede0e706af1f795500d4d11fe6c19039ffed37f3fdcf6b9476f2 c2 complete
IPC_DIAG initial-deny passed
IPC_DIAG worker-retire 205722 c2 UNAVAILABLE
IPC_DIAG receive org.alica.matrixprovidera c3 request [Object: null prototype] {
  kind: 'bind',
  optional: true,
  requirementIndex: 0,
  scopeId: 'root',
  wireId: 134217734
}
IPC_DIAG receive org.alica.matrixprovidera c3 request [Object: null prototype] {
  call: [Object: null prototype] {
    capabilityId: 'org.alica.matrixb',
    deadlineMs: 1789722710933,
    descriptorDigest: 'sha256:f2194573d7164d46924aa549625e7139c5286fba31598324645b2c0f668607ac',
    operation: 'run',
    payload: 'nest:1',
    requestId: '7c6794cd-672a-4438-bc45-9e5770624720'
  },
  handleId: 'eeae5cf4-d8ef-40f0-88ca-0886d44a3ea4',
  kind: 'outbound',
  requestedMs: 4455,
  wireId: 134217729
}
IPC_DIAG receive org.alica.matrixproviderb c2 request [Object: null prototype] {
  kind: 'bind',
  optional: true,
  requirementIndex: 0,
  scopeId: 'root',
  wireId: 134217732
}
IPC_DIAG receive org.alica.matrixproviderb c2 request [Object: null prototype] {
  call: [Object: null prototype] {
    capabilityId: 'org.alica.matrixa',
    deadlineMs: 1789722710933,
    descriptorDigest: 'sha256:567c3c109971c611cdc932f189e75194252519c2f7766f27c8bbecb2b178f1fa',
    operation: 'run',
    payload: 'nest:0',
    requestId: '12b60b01-72f7-4558-86be-d4267a6ed734'
  },
  handleId: 'b836151f-bbf9-4180-bbaf-f596a8086bbc',
  kind: 'outbound',
  requestedMs: 4388,
  wireId: 134217729
}
IPC_DIAG receive org.alica.matrixprovidera c4 response [Object: null prototype] {
  kind: 'invoke',
  response: [Object: null prototype] {
    requestId: 'a89becf9-ee88-4d88-8088-241605183b16',
    result: [Object: null prototype] { kind: 'success', value: 'leaf' }
  },
  wireId: 134217735
}
IPC_DIAG finish dedc17a30058ede0e706af1f795500d4d11fe6c19039ffed37f3fdcf6b9476f2 c4 complete
IPC_DIAG worker-retire 205722 c4 UNAVAILABLE
IPC_DIAG receive org.alica.matrixproviderb c2 response [Object: null prototype] {
  kind: 'invoke',
  response: [Object: null prototype] {
    requestId: '3d4b1f8b-1ac0-4970-868d-5c18c8b948f5',
    result: [Object: null prototype] { kind: 'success', value: 'leaf' }
  },
  wireId: 134217731
}
IPC_DIAG finish fb1ce7ec56d243c339dbc4429edcc5dfa1f36b7c0047bd943c8dea177f10a454 c2 complete
IPC_DIAG worker-retire 205728 c2 UNAVAILABLE
IPC_DIAG receive org.alica.matrixprovidera c3 response [Object: null prototype] {
  kind: 'invoke',
  response: [Object: null prototype] {
    requestId: '6ea2d8a0-cab6-42f3-86e0-129ade2e5dcc',
    result: [Object: null prototype] { kind: 'success', value: 'leaf' }
  },
  wireId: 134217733
}
IPC_DIAG finish dedc17a30058ede0e706af1f795500d4d11fe6c19039ffed37f3fdcf6b9476f2 c3 complete
IPC_DIAG worker-retire 205722 c3 UNAVAILABLE
IPC_DIAG receive org.alica.matrixprovidera c5 request [Object: null prototype] {
  kind: 'bind',
  optional: true,
  requirementIndex: 0,
  scopeId: 'root',
  wireId: 134217736
}
IPC_DIAG receive org.alica.matrixprovidera c5 request [Object: null prototype] {
  call: [Object: null prototype] {
    capabilityId: 'org.alica.matrixb',
    deadlineMs: 1789722711151,
    descriptorDigest: 'sha256:f2194573d7164d46924aa549625e7139c5286fba31598324645b2c0f668607ac',
    operation: 'run',
    payload: 'nest:3',
    requestId: 'b73a573d-c100-4196-9ba8-a182dd473ce5'
  },
  handleId: '91907ee8-a3e8-491a-99fa-a41c8652c8a0',
  kind: 'outbound',
  requestedMs: 4442,
  wireId: 134217731
}
IPC_DIAG receive org.alica.matrixproviderb c3 request [Object: null prototype] {
  kind: 'bind',
  optional: true,
  requirementIndex: 0,
  scopeId: 'root',
  wireId: 134217734
}
IPC_DIAG receive org.alica.matrixproviderb c3 request [Object: null prototype] {
  call: [Object: null prototype] {
    capabilityId: 'org.alica.matrixa',
    deadlineMs: 1789722711151,
    descriptorDigest: 'sha256:567c3c109971c611cdc932f189e75194252519c2f7766f27c8bbecb2b178f1fa',
    operation: 'run',
    payload: 'nest:2',
    requestId: '091f582d-7279-4ee9-aa95-68241c58d408'
  },
  handleId: '6f28ec38-3e37-4c85-993f-b4eba0a53dc1',
  kind: 'outbound',
  requestedMs: 4381,
  wireId: 134217731
}
IPC_DIAG receive org.alica.matrixprovidera c6 request [Object: null prototype] {
  kind: 'bind',
  optional: true,
  requirementIndex: 0,
  scopeId: 'root',
  wireId: 134217738
}
IPC_DIAG receive org.alica.matrixprovidera c6 request [Object: null prototype] {
  call: [Object: null prototype] {
    capabilityId: 'org.alica.matrixb',
    deadlineMs: 1789722711151,
    descriptorDigest: 'sha256:f2194573d7164d46924aa549625e7139c5286fba31598324645b2c0f668607ac',
    operation: 'run',
    payload: 'nest:1',
    requestId: '5f6f9933-c093-47a2-a4f8-f72028820096'
  },
  handleId: '771a23a0-1fd4-4a65-8241-b4c3e2054a37',
  kind: 'outbound',
  requestedMs: 4305,
  wireId: 134217733
}
IPC_DIAG receive org.alica.matrixproviderb c4 request [Object: null prototype] {
  kind: 'bind',
  optional: true,
  requirementIndex: 0,
  scopeId: 'root',
  wireId: 134217736
}
IPC_DIAG receive org.alica.matrixproviderb c4 request [Object: null prototype] {
  call: [Object: null prototype] {
    capabilityId: 'org.alica.matrixa',
    deadlineMs: 1789722711151,
    descriptorDigest: 'sha256:567c3c109971c611cdc932f189e75194252519c2f7766f27c8bbecb2b178f1fa',
    operation: 'run',
    payload: 'nest:0',
    requestId: '8cb2e2b1-75e6-42ed-aaba-ae7c510d6040'
  },
  handleId: '7b3d5ae6-217f-4b11-a307-cd781a66322e',
  kind: 'outbound',
  requestedMs: 4212,
  wireId: 134217733
}
IPC_DIAG receive org.alica.matrixprovidera c7 response [Object: null prototype] {
  kind: 'invoke',
  response: [Object: null prototype] {
    requestId: '6d9c3c0e-6c08-453b-947d-85d89509bf1c',
    result: [Object: null prototype] { kind: 'success', value: 'leaf' }
  },
  wireId: 134217741
}
IPC_DIAG finish dedc17a30058ede0e706af1f795500d4d11fe6c19039ffed37f3fdcf6b9476f2 c7 complete
IPC_DIAG worker-retire 205722 c7 UNAVAILABLE
IPC_DIAG receive org.alica.matrixproviderb c4 response [Object: null prototype] {
  kind: 'invoke',
  response: [Object: null prototype] {
    requestId: 'e5c83e9c-3b14-4097-889d-afe2a6e301e4',
    result: [Object: null prototype] { kind: 'success', value: 'leaf' }
  },
  wireId: 134217735
}
IPC_DIAG finish fb1ce7ec56d243c339dbc4429edcc5dfa1f36b7c0047bd943c8dea177f10a454 c4 complete
IPC_DIAG worker-retire 205728 c4 UNAVAILABLE
IPC_DIAG receive org.alica.matrixprovidera c6 response [Object: null prototype] {
  kind: 'invoke',
  response: [Object: null prototype] {
    requestId: '1bbd52e8-b842-49c2-aae1-b4d6868d063d',
    result: [Object: null prototype] { kind: 'success', value: 'leaf' }
  },
  wireId: 134217739
}
IPC_DIAG finish dedc17a30058ede0e706af1f795500d4d11fe6c19039ffed37f3fdcf6b9476f2 c6 complete
IPC_DIAG worker-retire 205722 c6 UNAVAILABLE
IPC_DIAG receive org.alica.matrixproviderb c3 response [Object: null prototype] {
  kind: 'invoke',
  response: [Object: null prototype] {
    requestId: '1222c0cb-a485-4806-83be-e16dcb49b1b8',
    result: [Object: null prototype] { kind: 'success', value: 'leaf' }
  },
  wireId: 134217733
}
IPC_DIAG finish fb1ce7ec56d243c339dbc4429edcc5dfa1f36b7c0047bd943c8dea177f10a454 c3 complete
IPC_DIAG worker-retire 205728 c3 UNAVAILABLE
IPC_DIAG receive org.alica.matrixprovidera c5 response [Object: null prototype] {
  kind: 'invoke',
  response: [Object: null prototype] {
    requestId: '9d3e4288-9b2a-4987-b585-881408cb2697',
    result: [Object: null prototype] { kind: 'success', value: 'leaf' }
  },
  wireId: 134217737
}
IPC_DIAG finish dedc17a30058ede0e706af1f795500d4d11fe6c19039ffed37f3fdcf6b9476f2 c5 complete
IPC_DIAG worker-retire 205722 c5 UNAVAILABLE
IPC_DIAG receive org.alica.matrixprovidera c8 request [Object: null prototype] {
  kind: 'bind',
  optional: true,
  requirementIndex: 0,
  scopeId: 'root',
  wireId: 134217740
}
IPC_DIAG receive org.alica.matrixprovidera c8 request [Object: null prototype] {
  call: [Object: null prototype] {
    capabilityId: 'org.alica.matrixb',
    deadlineMs: 1789722711582,
    descriptorDigest: 'sha256:f2194573d7164d46924aa549625e7139c5286fba31598324645b2c0f668607ac',
    operation: 'run',
    payload: 'nest:23',
    requestId: '4afe1845-e080-4e1a-b198-8029b5f61f29'
  },
  handleId: '15170151-39aa-438b-8907-2a048f2f01f4',
  kind: 'outbound',
  requestedMs: 4453,
  wireId: 134217735
}
IPC_DIAG receive org.alica.matrixproviderb c5 request [Object: null prototype] {
  kind: 'bind',
  optional: true,
  requirementIndex: 0,
  scopeId: 'root',
  wireId: 134217738
}
IPC_DIAG receive org.alica.matrixproviderb c5 request [Object: null prototype] {
  call: [Object: null prototype] {
    capabilityId: 'org.alica.matrixa',
    deadlineMs: 1789722711582,
    descriptorDigest: 'sha256:567c3c109971c611cdc932f189e75194252519c2f7766f27c8bbecb2b178f1fa',
    operation: 'run',
    payload: 'nest:22',
    requestId: '24fae78a-b7cf-4946-8969-1acad4a8c4b6'
  },
  handleId: '9a521153-f23b-42da-ad0f-e2f2d58d55cb',
  kind: 'outbound',
  requestedMs: 4388,
  wireId: 134217735
}
IPC_DIAG receive org.alica.matrixprovidera c9 request [Object: null prototype] {
  kind: 'bind',
  optional: true,
  requirementIndex: 0,
  scopeId: 'root',
  wireId: 134217742
}
IPC_DIAG receive org.alica.matrixprovidera c9 request [Object: null prototype] {
  call: [Object: null prototype] {
    capabilityId: 'org.alica.matrixb',
    deadlineMs: 1789722711582,
    descriptorDigest: 'sha256:f2194573d7164d46924aa549625e7139c5286fba31598324645b2c0f668607ac',
    operation: 'run',
    payload: 'nest:21',
    requestId: '80d2a62e-2455-4003-9225-e4f0208066f6'
  },
  handleId: '38b7b5e5-1012-4040-8c0b-21c0cb07a6f8',
  kind: 'outbound',
  requestedMs: 4309,
  wireId: 134217737
}
IPC_DIAG receive org.alica.matrixproviderb c6 request [Object: null prototype] {
  kind: 'bind',
  optional: true,
  requirementIndex: 0,
  scopeId: 'root',
  wireId: 134217740
}
IPC_DIAG receive org.alica.matrixproviderb c6 request [Object: null prototype] {
  call: [Object: null prototype] {
    capabilityId: 'org.alica.matrixa',
    deadlineMs: 1789722711582,
    descriptorDigest: 'sha256:567c3c109971c611cdc932f189e75194252519c2f7766f27c8bbecb2b178f1fa',
    operation: 'run',
    payload: 'nest:20',
    requestId: '5488574e-e91a-4b1a-96e1-38d8d672b21b'
  },
  handleId: '4cdc1579-59e7-4964-9a43-18aa9e6b40c8',
  kind: 'outbound',
  requestedMs: 4217,
  wireId: 134217737
}
IPC_DIAG receive org.alica.matrixprovidera c10 request [Object: null prototype] {
  kind: 'bind',
  optional: true,
  requirementIndex: 0,
  scopeId: 'root',
  wireId: 134217744
}
IPC_DIAG receive org.alica.matrixprovidera c10 request [Object: null prototype] {
  call: [Object: null prototype] {
    capabilityId: 'org.alica.matrixb',
    deadlineMs: 1789722711582,
    descriptorDigest: 'sha256:f2194573d7164d46924aa549625e7139c5286fba31598324645b2c0f668607ac',
    operation: 'run',
    payload: 'nest:19',
    requestId: 'fbb5d506-adf3-4988-8a1b-387c3b208b48'
  },
  handleId: '181f9327-edf8-46fd-bf62-c948913a7c22',
  kind: 'outbound',
  requestedMs: 4101,
  wireId: 134217739
}
IPC_DIAG receive org.alica.matrixproviderb c7 request [Object: null prototype] {
  kind: 'bind',
  optional: true,
  requirementIndex: 0,
  scopeId: 'root',
  wireId: 134217742
}
IPC_DIAG receive org.alica.matrixproviderb c7 request [Object: null prototype] {
  call: [Object: null prototype] {
    capabilityId: 'org.alica.matrixa',
    deadlineMs: 1789722711582,
    descriptorDigest: 'sha256:567c3c109971c611cdc932f189e75194252519c2f7766f27c8bbecb2b178f1fa',
    operation: 'run',
    payload: 'nest:18',
    requestId: '99c684b9-cbfe-4eaf-b95e-9eab1bbd45d8'
  },
  handleId: '9c18d561-8c37-44f2-8597-efcc0f55e9db',
  kind: 'outbound',
  requestedMs: 3981,
  wireId: 134217739
}
IPC_DIAG receive org.alica.matrixprovidera c11 request [Object: null prototype] {
  kind: 'bind',
  optional: true,
  requirementIndex: 0,
  scopeId: 'root',
  wireId: 134217746
}
IPC_DIAG receive org.alica.matrixprovidera c11 request [Object: null prototype] {
  call: [Object: null prototype] {
    capabilityId: 'org.alica.matrixb',
    deadlineMs: 1789722711582,
    descriptorDigest: 'sha256:f2194573d7164d46924aa549625e7139c5286fba31598324645b2c0f668607ac',
    operation: 'run',
    payload: 'nest:17',
    requestId: 'ab7bfd13-5a8b-4885-9e2a-a778ce40d372'
  },
  handleId: '1eb5f155-8d5d-4d8a-b452-879d37bd98a7',
  kind: 'outbound',
  requestedMs: 3844,
  wireId: 134217741
}
IPC_DIAG receive org.alica.matrixproviderb c8 request [Object: null prototype] {
  kind: 'bind',
  optional: true,
  requirementIndex: 0,
  scopeId: 'root',
  wireId: 134217744
}
IPC_DIAG receive org.alica.matrixproviderb c8 request [Object: null prototype] {
  call: [Object: null prototype] {
    capabilityId: 'org.alica.matrixa',
    deadlineMs: 1789722711582,
    descriptorDigest: 'sha256:567c3c109971c611cdc932f189e75194252519c2f7766f27c8bbecb2b178f1fa',
    operation: 'run',
    payload: 'nest:16',
    requestId: '881293fe-f968-42b1-b5e0-6f3990b2d842'
  },
  handleId: 'd5b4c72b-9010-42a3-9eeb-2ffc2e2ced08',
  kind: 'outbound',
  requestedMs: 3701,
  wireId: 134217741
}
IPC_DIAG receive org.alica.matrixproviderb c8 response [Object: null prototype] {
  kind: 'invoke',
  response: [Object: null prototype] {
    requestId: '21c72f27-c2f1-4669-b79d-193586472dc8',
    result: [Object: null prototype] {
      error: [Object: null prototype],
      kind: 'error'
    }
  },
  wireId: 134217743
}
IPC_DIAG finish fb1ce7ec56d243c339dbc4429edcc5dfa1f36b7c0047bd943c8dea177f10a454 c8 complete
IPC_DIAG worker-retire 205728 c8 UNAVAILABLE
IPC_DIAG receive org.alica.matrixprovidera c11 response [Object: null prototype] {
  kind: 'invoke',
  response: [Object: null prototype] {
    requestId: '274e90f4-9a58-431e-9377-c1dc986ca08a',
    result: [Object: null prototype] {
      error: [Object: null prototype],
      kind: 'error'
    }
  },
  wireId: 134217749
}
IPC_DIAG finish dedc17a30058ede0e706af1f795500d4d11fe6c19039ffed37f3fdcf6b9476f2 c11 complete
IPC_DIAG worker-retire 205722 c11 UNAVAILABLE
IPC_DIAG receive org.alica.matrixproviderb c7 response [Object: null prototype] {
  kind: 'invoke',
  response: [Object: null prototype] {
    requestId: 'f6b01570-4440-49d5-a6bf-0033c19cd1e5',
    result: [Object: null prototype] {
      error: [Object: null prototype],
      kind: 'error'
    }
  },
  wireId: 134217741
}
IPC_DIAG finish fb1ce7ec56d243c339dbc4429edcc5dfa1f36b7c0047bd943c8dea177f10a454 c7 complete
IPC_DIAG worker-retire 205728 c7 UNAVAILABLE
IPC_DIAG receive org.alica.matrixprovidera c10 response [Object: null prototype] {
  kind: 'invoke',
  response: [Object: null prototype] {
    requestId: '69aeb1d0-7724-428d-8d25-953617c1f71f',
    result: [Object: null prototype] {
      error: [Object: null prototype],
      kind: 'error'
    }
  },
  wireId: 134217747
}
IPC_DIAG finish dedc17a30058ede0e706af1f795500d4d11fe6c19039ffed37f3fdcf6b9476f2 c10 complete
IPC_DIAG worker-retire 205722 c10 UNAVAILABLE
IPC_DIAG receive org.alica.matrixproviderb c6 response [Object: null prototype] {
  kind: 'invoke',
  response: [Object: null prototype] {
    requestId: 'aed3808b-1af5-46b4-9c44-2de309fe0593',
    result: [Object: null prototype] {
      error: [Object: null prototype],
      kind: 'error'
    }
  },
  wireId: 134217739
}
IPC_DIAG finish fb1ce7ec56d243c339dbc4429edcc5dfa1f36b7c0047bd943c8dea177f10a454 c6 complete
IPC_DIAG worker-retire 205728 c6 UNAVAILABLE
IPC_DIAG receive org.alica.matrixprovidera c9 response [Object: null prototype] {
  kind: 'invoke',
  response: [Object: null prototype] {
    requestId: '97f67bee-12d3-4614-bd68-7e3c38c9d8f1',
    result: [Object: null prototype] {
      error: [Object: null prototype],
      kind: 'error'
    }
  },
  wireId: 134217745
}
IPC_DIAG finish dedc17a30058ede0e706af1f795500d4d11fe6c19039ffed37f3fdcf6b9476f2 c9 complete
IPC_DIAG worker-retire 205722 c9 UNAVAILABLE
IPC_DIAG receive org.alica.matrixproviderb c5 response [Object: null prototype] {
  kind: 'invoke',
  response: [Object: null prototype] {
    requestId: '1f5873b3-8c45-418f-a694-a265ae5d9973',
    result: [Object: null prototype] {
      error: [Object: null prototype],
      kind: 'error'
    }
  },
  wireId: 134217737
}
IPC_DIAG finish fb1ce7ec56d243c339dbc4429edcc5dfa1f36b7c0047bd943c8dea177f10a454 c5 complete
IPC_DIAG worker-retire 205728 c5 UNAVAILABLE
IPC_DIAG receive org.alica.matrixprovidera c8 response [Object: null prototype] {
  kind: 'invoke',
  response: [Object: null prototype] {
    requestId: '8c189765-d00d-4bce-ae7a-bc183a37f930',
    result: [Object: null prototype] {
      error: [Object: null prototype],
      kind: 'error'
    }
  },
  wireId: 134217743
}
IPC_DIAG finish dedc17a30058ede0e706af1f795500d4d11fe6c19039ffed37f3fdcf6b9476f2 c8 complete
IPC_DIAG worker-retire 205722 c8 UNAVAILABLE
IPC_DIAG receive org.alica.matrixproviderb c9 response [Object: null prototype] {
  kind: 'invoke',
  response: [Object: null prototype] {
    requestId: 'd60ec7e2-5a4f-455d-9947-9ab2efb98d6b',
    result: [Object: null prototype] { kind: 'success', value: 'leaf' }
  },
  wireId: 134217745
}
IPC_DIAG finish fb1ce7ec56d243c339dbc4429edcc5dfa1f36b7c0047bd943c8dea177f10a454 c9 complete
IPC_DIAG worker-retire 205728 c9 UNAVAILABLE
IPC_DIAG receive org.alica.matrixprovidera c12 request [Object: null prototype] {
  kind: 'bind',
  optional: true,
  requirementIndex: 0,
  scopeId: 'root',
  wireId: 134217748
}
IPC_DIAG receive org.alica.matrixproviderb c10 response [Object: null prototype] {
  kind: 'invoke',
  response: [Object: null prototype] {
    requestId: 'eb2d34ed-f6cb-48ff-9123-8da3eceb6c83',
    result: [Object: null prototype] { kind: 'success', value: '0:0:0' }
  },
  wireId: 134217747
}
IPC_DIAG finish fb1ce7ec56d243c339dbc4429edcc5dfa1f36b7c0047bd943c8dea177f10a454 c10 complete
IPC_DIAG worker-retire 205728 c10 UNAVAILABLE
IPC_DIAG receive org.alica.matrixprovidera c12 request [Object: null prototype] {
  call: [Object: null prototype] {
    capabilityId: 'org.alica.matrixb',
    deadlineMs: 1789722712564,
    descriptorDigest: 'sha256:f2194573d7164d46924aa549625e7139c5286fba31598324645b2c0f668607ac',
    operation: 'run',
    payload: 'wait',
    requestId: 'f8f34599-84ea-4c35-b29c-690c81b32533'
  },
  handleId: '887deac4-7e48-4114-b594-00e27f9815e2',
  kind: 'outbound',
  requestedMs: 4433,
  wireId: 134217743
}
IPC_DIAG receive org.alica.matrixproviderb c12 response [Object: null prototype] {
  kind: 'invoke',
  response: [Object: null prototype] {
    requestId: 'c598e7b0-9a90-47d5-a9ad-a19ef4f4b1dc',
    result: [Object: null prototype] { kind: 'success', value: '1:0:0' }
  },
  wireId: 134217751
}
IPC_DIAG finish fb1ce7ec56d243c339dbc4429edcc5dfa1f36b7c0047bd943c8dea177f10a454 c12 complete
IPC_DIAG worker-retire 205728 c12 UNAVAILABLE
IPC_DIAG finish dedc17a30058ede0e706af1f795500d4d11fe6c19039ffed37f3fdcf6b9476f2 c12 CANCELLED
IPC_DIAG finish fb1ce7ec56d243c339dbc4429edcc5dfa1f36b7c0047bd943c8dea177f10a454 c11 CANCELLED
IPC_DIAG worker-retire 205722 c12 UNAVAILABLE
IPC_DIAG worker-retire 205728 c11 UNAVAILABLE
IPC_DIAG receive org.alica.matrixproviderb c13 response [Object: null prototype] {
  kind: 'invoke',
  response: [Object: null prototype] {
    requestId: 'a279811c-88cd-48c6-85e0-c8bdca3b830a',
    result: [Object: null prototype] { kind: 'success', value: 'slow' }
  },
  wireId: 134217753
}
IPC_DIAG finish fb1ce7ec56d243c339dbc4429edcc5dfa1f36b7c0047bd943c8dea177f10a454 c13 complete
IPC_DIAG worker-retire 205728 c13 UNAVAILABLE
IPC_DIAG receive org.alica.matrixproviderb c14 response [Object: null prototype] {
  kind: 'invoke',
  response: [Object: null prototype] {
    requestId: '779abb13-1fd5-46ab-ac1d-122936e16e0e',
    result: [Object: null prototype] { kind: 'success', value: '1:1:0' }
  },
  wireId: 134217755
}
IPC_DIAG finish fb1ce7ec56d243c339dbc4429edcc5dfa1f36b7c0047bd943c8dea177f10a454 c14 complete
IPC_DIAG worker-retire 205728 c14 UNAVAILABLE
IPC_DIAG receive org.alica.matrixprovidera c13 request [Object: null prototype] {
  kind: 'bind',
  optional: true,
  requirementIndex: 0,
  scopeId: 'root',
  wireId: 134217750
}
IPC_DIAG receive org.alica.matrixprovidera c13 request [Object: null prototype] {
  call: [Object: null prototype] {
    capabilityId: 'org.alica.matrixb',
    deadlineMs: 1789722708514,
    descriptorDigest: 'sha256:f2194573d7164d46924aa549625e7139c5286fba31598324645b2c0f668607ac',
    operation: 'run',
    payload: 'wait',
    requestId: '32b100e2-8423-4bae-9b2f-d4399fb541e0'
  },
  handleId: '573df965-a865-42cb-bdae-98838251834a',
  kind: 'outbound',
  requestedMs: 18,
  wireId: 134217745
}
IPC_DIAG finish dedc17a30058ede0e706af1f795500d4d11fe6c19039ffed37f3fdcf6b9476f2 c13 DEADLINE_EXCEEDED
IPC_DIAG worker-retire 205722 c13 UNAVAILABLE
IPC_DIAG receive org.alica.matrixproviderb c15 response [Object: null prototype] {
  kind: 'invoke',
  response: [Object: null prototype] {
    requestId: 'dfb52794-9b1b-4f65-bb71-85a1932c390e',
    result: [Object: null prototype] { kind: 'success', value: 'slow' }
  },
  wireId: 134217757
}
IPC_DIAG finish fb1ce7ec56d243c339dbc4429edcc5dfa1f36b7c0047bd943c8dea177f10a454 c15 complete
IPC_DIAG worker-retire 205728 c15 UNAVAILABLE
IPC_DIAG deadline passed
IPC_DIAG receive org.alica.matrixproviderb c16 response [Object: null prototype] {
  kind: 'invoke',
  response: [Object: null prototype] {
    requestId: '44438f76-6fc9-42ee-b5bb-2443cb6e8c08',
    result: [Object: null prototype] { kind: 'success', value: '1:1:0' }
  },
  wireId: 134217759
}
IPC_DIAG finish fb1ce7ec56d243c339dbc4429edcc5dfa1f36b7c0047bd943c8dea177f10a454 c16 complete
IPC_DIAG worker-retire 205728 c16 UNAVAILABLE
IPC_DIAG assertion revoke line169
IPC_DIAG receive org.alica.matrixprovidera c14 request [Object: null prototype] {
  kind: 'bind',
  optional: true,
  requirementIndex: 0,
  scopeId: 'root',
  wireId: 134217752
}
IPC_DIAG receive org.alica.matrixproviderb c17 response [Object: null prototype] {
  kind: 'invoke',
  response: [Object: null prototype] {
    requestId: 'e3bb17e8-0687-4a98-a824-d75e8e433161',
    result: [Object: null prototype] { kind: 'success', value: '1:1:0' }
  },
  wireId: 134217761
}
IPC_DIAG finish fb1ce7ec56d243c339dbc4429edcc5dfa1f36b7c0047bd943c8dea177f10a454 c17 complete
IPC_DIAG worker-retire 205728 c17 UNAVAILABLE
IPC_DIAG receive org.alica.matrixprovidera c14 request [Object: null prototype] {
  call: [Object: null prototype] {
    capabilityId: 'org.alica.matrixb',
    deadlineMs: 1789722713178,
    descriptorDigest: 'sha256:f2194573d7164d46924aa549625e7139c5286fba31598324645b2c0f668607ac',
    operation: 'run',
    payload: 'wait',
    requestId: '04bd45f5-fd6e-417e-808d-5596edb960ae'
  },
  handleId: 'f75b1e77-a329-4835-9110-015c626549ec',
  kind: 'outbound',
  requestedMs: 4440,
  wireId: 134217747
}
IPC_DIAG receive org.alica.matrixproviderb c19 response [Object: null prototype] {
  kind: 'invoke',
  response: [Object: null prototype] {
    requestId: '1a22634b-6302-43eb-8ea5-8673c9ce3971',
    result: [Object: null prototype] { kind: 'success', value: '2:1:0' }
  },
  wireId: 134217765
}
IPC_DIAG finish fb1ce7ec56d243c339dbc4429edcc5dfa1f36b7c0047bd943c8dea177f10a454 c19 complete
IPC_DIAG worker-retire 205728 c19 UNAVAILABLE
IPC_DIAG finish fb1ce7ec56d243c339dbc4429edcc5dfa1f36b7c0047bd943c8dea177f10a454 c18 CANCELLED
IPC_DIAG worker-retire 205728 c18 UNAVAILABLE
IPC_DIAG receive org.alica.matrixprovidera c14 response [Object: null prototype] {
  kind: 'invoke',
  response: [Object: null prototype] {
    requestId: '45cdb13a-4b7b-4228-a79e-0903aba4109e',
    result: [Object: null prototype] {
      error: [Object: null prototype],
      kind: 'error'
    }
  },
  wireId: 134217755
}
IPC_DIAG finish dedc17a30058ede0e706af1f795500d4d11fe6c19039ffed37f3fdcf6b9476f2 c14 complete
IPC_DIAG revoke passed
IPC_DIAG worker-retire 205722 c14 UNAVAILABLE
IPC_DIAG receive org.alica.matrixproviderb c20 response [Object: null prototype] {
  kind: 'invoke',
  response: [Object: null prototype] {
    requestId: 'a144f748-fc05-4933-9843-a3c8192f1f62',
    result: [Object: null prototype] { kind: 'success', value: 'slow' }
  },
  wireId: 134217767
}
IPC_DIAG finish fb1ce7ec56d243c339dbc4429edcc5dfa1f36b7c0047bd943c8dea177f10a454 c20 complete
IPC_DIAG worker-retire 205728 c20 UNAVAILABLE
IPC_DIAG receive org.alica.matrixprovidera c15 response [Object: null prototype] {
  kind: 'invoke',
  response: [Object: null prototype] {
    requestId: '8df50a28-5e98-44d7-a3b4-4786e927f5a2',
    result: [Object: null prototype] { kind: 'success', value: '1' }
  },
  wireId: 134217757
}
IPC_DIAG finish dedc17a30058ede0e706af1f795500d4d11fe6c19039ffed37f3fdcf6b9476f2 c15 complete
IPC_DIAG worker-retire 205722 c15 UNAVAILABLE
IPC_DIAG receive org.alica.matrixprovidera c16 response [Object: null prototype] { kind: 'quiesced', wireId: 134217759 }
IPC_DIAG finish dedc17a30058ede0e706af1f795500d4d11fe6c19039ffed37f3fdcf6b9476f2 c16 complete
IPC_DIAG worker-retire 205722 c16 UNAVAILABLE
IPC_DIAG receive org.alica.matrixprovidera c17 response [Object: null prototype] {
  kind: 'disposed',
  report: [Object: null prototype] {
    completedDisposers: 0,
    failedDisposers: [],
    restartRequired: false,
    state: 'DISPOSED',
    timedOutResources: 0
  },
  wireId: 134217761
}
IPC_DIAG finish dedc17a30058ede0e706af1f795500d4d11fe6c19039ffed37f3fdcf6b9476f2 c17 complete
IPC_DIAG fail org.alica.matrixprovidera Error
    at PhysicalSession.fail (file:///home/alica-dev/AlicaV2/packages/kernel/dist/g6/session.js:451:70)
    at file:///home/alica-dev/AlicaV2/packages/kernel/dist/g6/session.js:517:22
    at process.processTicksAndRejections (node:internal/process/task_queues:104:5)
    at async HostIPC.shutdown (file:///home/alica-dev/AlicaV2/packages/kernel/dist/g6/host-adapter.js:232:13)
    at async file:///home/alica-dev/AlicaV2/packages/kernel/dist/index.js:1280:21
    at async consumer (file:///home/alica-dev/AlicaV2/tests/ipc/qualification-consumer.test.mjs:191:3)
    at async TestContext.<anonymous> (file:///home/alica-dev/AlicaV2/tests/ipc/qualification-consumer.test.mjs:213:7)
    at async Test.run (node:internal/test_runner/test:1409:7)
    at async Test.processPendingSubtests (node:internal/test_runner/test:974:7)
IPC_DIAG worker-fail 205722 PeerClosed [AcapError]: UNAVAILABLE
    at NativeStream.receive (file:///home/alica-dev/AlicaV2/packages/kernel/dist/g6/stream.js:119:23)
    at WorkerTransport.pump (file:///home/alica-dev/AlicaV2/packages/kernel/dist/g6/worker-transport.js:114:40)
    at Timeout._onTimeout (file:///home/alica-dev/AlicaV2/packages/kernel/dist/g6/worker-transport.js:67:22)
    at listOnTimeout (node:internal/timers:685:17)
    at process.processTimers (node:internal/timers:618:7) {
  code: 'UNAVAILABLE',
  correlationId: 'd448e731-72f0-49d6-ae39-5d4328548f41',
  retryable: false
} Error
    at WorkerTransport.fail (file:///home/alica-dev/AlicaV2/packages/kernel/dist/g6/worker-transport.js:251:67)
    at Timeout._onTimeout (file:///home/alica-dev/AlicaV2/packages/kernel/dist/g6/worker-transport.js:70:22)
    at listOnTimeout (node:internal/timers:685:17)
    at process.processTimers (node:internal/timers:618:7)
IPC_DIAG worker-retire 205722 c17 UNAVAILABLE
IPC_DIAG dead org.alica.matrixprovidera 1 null
IPC_DIAG receive org.alica.matrixproviderb c21 response [Object: null prototype] {
  kind: 'invoke',
  response: [Object: null prototype] {
    requestId: '7b84f69c-6228-4213-bd24-cf3fa46b6f31',
    result: [Object: null prototype] { kind: 'success', value: 'leaf' }
  },
  wireId: 134217769
}
IPC_DIAG finish fb1ce7ec56d243c339dbc4429edcc5dfa1f36b7c0047bd943c8dea177f10a454 c21 complete
IPC_DIAG worker-retire 205728 c21 UNAVAILABLE
IPC_DIAG receive org.alica.matrixproviderb c22 response [Object: null prototype] { kind: 'quiesced', wireId: 134217771 }
IPC_DIAG finish fb1ce7ec56d243c339dbc4429edcc5dfa1f36b7c0047bd943c8dea177f10a454 c22 complete
IPC_DIAG worker-retire 205728 c22 UNAVAILABLE
IPC_DIAG receive org.alica.matrixproviderb c23 response [Object: null prototype] {
  kind: 'disposed',
  report: [Object: null prototype] {
    completedDisposers: 0,
    failedDisposers: [],
    restartRequired: false,
    state: 'DISPOSED',
    timedOutResources: 0
  },
  wireId: 134217773
}
IPC_DIAG finish fb1ce7ec56d243c339dbc4429edcc5dfa1f36b7c0047bd943c8dea177f10a454 c23 complete
IPC_DIAG worker-retire 205728 c23 UNAVAILABLE
IPC_DIAG fail org.alica.matrixproviderb Error
    at PhysicalSession.fail (file:///home/alica-dev/AlicaV2/packages/kernel/dist/g6/session.js:451:70)
    at file:///home/alica-dev/AlicaV2/packages/kernel/dist/g6/session.js:517:22
    at process.processTicksAndRejections (node:internal/process/task_queues:104:5)
    at async HostIPC.shutdown (file:///home/alica-dev/AlicaV2/packages/kernel/dist/g6/host-adapter.js:232:13)
    at async file:///home/alica-dev/AlicaV2/packages/kernel/dist/index.js:1280:21
    at async Host.closeScope (file:///home/alica-dev/AlicaV2/packages/kernel/dist/index.js:1342:21)
    at async Host.shutdown (file:///home/alica-dev/AlicaV2/packages/kernel/dist/index.js:1426:9)
    at async TestContext.stop (file:///home/alica-dev/AlicaV2/tools/g3-fixtures.mjs:218:5)
    at async TestHook.run (node:internal/test_runner/test:1409:7)
    at async Test.runHook (node:internal/test_runner/test:1289:9)
IPC_DIAG worker-fail 205728 PeerClosed [AcapError]: UNAVAILABLE
    at NativeStream.receive (file:///home/alica-dev/AlicaV2/packages/kernel/dist/g6/stream.js:119:23)
    at WorkerTransport.pump (file:///home/alica-dev/AlicaV2/packages/kernel/dist/g6/worker-transport.js:114:40)
    at Timeout._onTimeout (file:///home/alica-dev/AlicaV2/packages/kernel/dist/g6/worker-transport.js:67:22)
    at listOnTimeout (node:internal/timers:685:17)
    at process.processTimers (node:internal/timers:618:7) {
  code: 'UNAVAILABLE',
  correlationId: '85d6ab9d-7526-48b7-aab1-9bb5e29f3fa4',
  retryable: false
} Error
    at WorkerTransport.fail (file:///home/alica-dev/AlicaV2/packages/kernel/dist/g6/worker-transport.js:251:67)
    at Timeout._onTimeout (file:///home/alica-dev/AlicaV2/packages/kernel/dist/g6/worker-transport.js:70:22)
    at listOnTimeout (node:internal/timers:685:17)
    at process.processTimers (node:internal/timers:618:7)
IPC_DIAG dead org.alica.matrixproviderb 1 null
✔ same-source matrix consumer ipc: ancestry, authority and live sibling independence (3994.773636ms)
ℹ {"consumerSHA256":"08d5ac0a053a0be9c317c179dd704e90fba78b9e8585244b4c3973e79b0e8f95","providerASHA256":"9746fbf0ad5898e51a35a6209e80d09aedbe2126817a97da831192fc9244449d","providerBSHA256":"a82f9788b6336be98163ce077838f99a7e2a60bad4c58fc78054f110a62a9179"}
ℹ tests 2
ℹ suites 0
ℹ pass 2
ℹ fail 0
ℹ cancelled 0
ℹ skipped 0
ℹ todo 0
ℹ duration_ms 5422.451117
SAMPLE_EXIT 0
DIAGNOSTIC_SAMPLE 5
IPC_DIAG assertion initial-deny line120
IPC_DIAG initial-deny passed
(node:205743) ExperimentalWarning: VM Modules is an experimental feature and might change at any time
(Use `node --trace-warnings ...` to show where the warning was created)
IPC_DIAG deadline passed
IPC_DIAG assertion revoke line169
IPC_DIAG revoke passed
✔ same-source matrix consumer inproc: ancestry, authority and live sibling independence (1189.137321ms)
ℹ {"consumerSHA256":"08d5ac0a053a0be9c317c179dd704e90fba78b9e8585244b4c3973e79b0e8f95","providerASHA256":"9746fbf0ad5898e51a35a6209e80d09aedbe2126817a97da831192fc9244449d","providerBSHA256":"a82f9788b6336be98163ce077838f99a7e2a60bad4c58fc78054f110a62a9179"}
(node:205755) ExperimentalWarning: VM Modules is an experimental feature and might change at any time
(Use `node --trace-warnings ...` to show where the warning was created)
IPC_DIAG receive org.alica.matrixprovidera c1 request [Object: null prototype] {
  capabilityId: 'org.alica.matrixa',
  descriptorDigest: 'sha256:567c3c109971c611cdc932f189e75194252519c2f7766f27c8bbecb2b178f1fa',
  kind: 'register',
  scopeId: 'root',
  wireId: 134217730
}
IPC_DIAG receive org.alica.matrixprovidera c1 response [Object: null prototype] { kind: 'activated', wireId: 134217729 }
IPC_DIAG finish 7c2111d8aa81a5eb6ba946f71b42201d6bd86501c9189794754a44bbb88bf3c6 c1 complete
IPC_DIAG worker-retire 205755 c1 UNAVAILABLE
(node:205761) ExperimentalWarning: VM Modules is an experimental feature and might change at any time
(Use `node --trace-warnings ...` to show where the warning was created)
IPC_DIAG receive org.alica.matrixproviderb c1 request [Object: null prototype] {
  capabilityId: 'org.alica.matrixb',
  descriptorDigest: 'sha256:f2194573d7164d46924aa549625e7139c5286fba31598324645b2c0f668607ac',
  kind: 'register',
  scopeId: 'root',
  wireId: 134217730
}
IPC_DIAG receive org.alica.matrixproviderb c1 response [Object: null prototype] { kind: 'activated', wireId: 134217729 }
IPC_DIAG finish a823821c74382b349a718ea4b294e69fa849761db18f4974799235e416b1ae60 c1 complete
IPC_DIAG worker-retire 205761 c1 UNAVAILABLE
IPC_DIAG assertion initial-deny line120
IPC_DIAG receive org.alica.matrixprovidera c2 request [Object: null prototype] {
  kind: 'bind',
  optional: true,
  requirementIndex: 0,
  scopeId: 'root',
  wireId: 134217732
}
IPC_DIAG receive org.alica.matrixprovidera c2 response [Object: null prototype] {
  kind: 'invoke',
  response: [Object: null prototype] {
    requestId: '01031350-4b5f-4a52-8e07-ccca726ae071',
    result: [Object: null prototype] {
      error: [Object: null prototype],
      kind: 'error'
    }
  },
  wireId: 134217731
}
IPC_DIAG finish 7c2111d8aa81a5eb6ba946f71b42201d6bd86501c9189794754a44bbb88bf3c6 c2 complete
IPC_DIAG initial-deny passed
IPC_DIAG worker-retire 205755 c2 UNAVAILABLE
IPC_DIAG receive org.alica.matrixprovidera c3 request [Object: null prototype] {
  kind: 'bind',
  optional: true,
  requirementIndex: 0,
  scopeId: 'root',
  wireId: 134217734
}
IPC_DIAG receive org.alica.matrixprovidera c3 request [Object: null prototype] {
  call: [Object: null prototype] {
    capabilityId: 'org.alica.matrixb',
    deadlineMs: 1789722716401,
    descriptorDigest: 'sha256:f2194573d7164d46924aa549625e7139c5286fba31598324645b2c0f668607ac',
    operation: 'run',
    payload: 'nest:1',
    requestId: '7879f6c1-5621-4839-9e2a-c71a1a6e4300'
  },
  handleId: 'fbf71697-1265-4550-8d06-ccccc5d1cbdc',
  kind: 'outbound',
  requestedMs: 4455,
  wireId: 134217729
}
IPC_DIAG receive org.alica.matrixproviderb c2 request [Object: null prototype] {
  kind: 'bind',
  optional: true,
  requirementIndex: 0,
  scopeId: 'root',
  wireId: 134217732
}
IPC_DIAG receive org.alica.matrixproviderb c2 request [Object: null prototype] {
  call: [Object: null prototype] {
    capabilityId: 'org.alica.matrixa',
    deadlineMs: 1789722716401,
    descriptorDigest: 'sha256:567c3c109971c611cdc932f189e75194252519c2f7766f27c8bbecb2b178f1fa',
    operation: 'run',
    payload: 'nest:0',
    requestId: '398cac08-350e-4ca4-b384-2a2596bd7b77'
  },
  handleId: '399ba630-8c04-497c-a9b8-bb7170a441cb',
  kind: 'outbound',
  requestedMs: 4387,
  wireId: 134217729
}
IPC_DIAG receive org.alica.matrixprovidera c4 response [Object: null prototype] {
  kind: 'invoke',
  response: [Object: null prototype] {
    requestId: '6315f003-ddff-4bb8-ba2a-385e6f5f6260',
    result: [Object: null prototype] { kind: 'success', value: 'leaf' }
  },
  wireId: 134217735
}
IPC_DIAG finish 7c2111d8aa81a5eb6ba946f71b42201d6bd86501c9189794754a44bbb88bf3c6 c4 complete
IPC_DIAG worker-retire 205755 c4 UNAVAILABLE
IPC_DIAG receive org.alica.matrixproviderb c2 response [Object: null prototype] {
  kind: 'invoke',
  response: [Object: null prototype] {
    requestId: '54bb75ee-38f0-4e0c-b7c7-f8f9e8aa76cf',
    result: [Object: null prototype] { kind: 'success', value: 'leaf' }
  },
  wireId: 134217731
}
IPC_DIAG finish a823821c74382b349a718ea4b294e69fa849761db18f4974799235e416b1ae60 c2 complete
IPC_DIAG worker-retire 205761 c2 UNAVAILABLE
IPC_DIAG receive org.alica.matrixprovidera c3 response [Object: null prototype] {
  kind: 'invoke',
  response: [Object: null prototype] {
    requestId: '893fbe0b-7c2f-435e-90d9-2a35b166e275',
    result: [Object: null prototype] { kind: 'success', value: 'leaf' }
  },
  wireId: 134217733
}
IPC_DIAG finish 7c2111d8aa81a5eb6ba946f71b42201d6bd86501c9189794754a44bbb88bf3c6 c3 complete
IPC_DIAG worker-retire 205755 c3 UNAVAILABLE
IPC_DIAG receive org.alica.matrixprovidera c5 request [Object: null prototype] {
  kind: 'bind',
  optional: true,
  requirementIndex: 0,
  scopeId: 'root',
  wireId: 134217736
}
IPC_DIAG receive org.alica.matrixprovidera c5 request [Object: null prototype] {
  call: [Object: null prototype] {
    capabilityId: 'org.alica.matrixb',
    deadlineMs: 1789722716603,
    descriptorDigest: 'sha256:f2194573d7164d46924aa549625e7139c5286fba31598324645b2c0f668607ac',
    operation: 'run',
    payload: 'nest:3',
    requestId: 'f1c7d9bf-6e96-4f67-9c39-47dd506882cb'
  },
  handleId: 'e66dfcc0-8f2c-4374-a8fb-d5b2b6655e06',
  kind: 'outbound',
  requestedMs: 4454,
  wireId: 134217731
}
IPC_DIAG receive org.alica.matrixproviderb c3 request [Object: null prototype] {
  kind: 'bind',
  optional: true,
  requirementIndex: 0,
  scopeId: 'root',
  wireId: 134217734
}
IPC_DIAG receive org.alica.matrixproviderb c3 request [Object: null prototype] {
  call: [Object: null prototype] {
    capabilityId: 'org.alica.matrixa',
    deadlineMs: 1789722716603,
    descriptorDigest: 'sha256:567c3c109971c611cdc932f189e75194252519c2f7766f27c8bbecb2b178f1fa',
    operation: 'run',
    payload: 'nest:2',
    requestId: '765ebc2b-b227-4d80-aa3c-0b2791d53fde'
  },
  handleId: '45c5f31e-2941-4be5-8631-d3c351f1944f',
  kind: 'outbound',
  requestedMs: 4389,
  wireId: 134217731
}
IPC_DIAG receive org.alica.matrixprovidera c6 request [Object: null prototype] {
  kind: 'bind',
  optional: true,
  requirementIndex: 0,
  scopeId: 'root',
  wireId: 134217738
}
IPC_DIAG receive org.alica.matrixprovidera c6 request [Object: null prototype] {
  call: [Object: null prototype] {
    capabilityId: 'org.alica.matrixb',
    deadlineMs: 1789722716603,
    descriptorDigest: 'sha256:f2194573d7164d46924aa549625e7139c5286fba31598324645b2c0f668607ac',
    operation: 'run',
    payload: 'nest:1',
    requestId: 'e78f49b2-4b74-49be-a9e7-0194512f083b'
  },
  handleId: '03aeceb1-01f0-4a86-9314-f8007c787c89',
  kind: 'outbound',
  requestedMs: 4312,
  wireId: 134217733
}
IPC_DIAG receive org.alica.matrixproviderb c4 request [Object: null prototype] {
  kind: 'bind',
  optional: true,
  requirementIndex: 0,
  scopeId: 'root',
  wireId: 134217736
}
IPC_DIAG receive org.alica.matrixproviderb c4 request [Object: null prototype] {
  call: [Object: null prototype] {
    capabilityId: 'org.alica.matrixa',
    deadlineMs: 1789722716603,
    descriptorDigest: 'sha256:567c3c109971c611cdc932f189e75194252519c2f7766f27c8bbecb2b178f1fa',
    operation: 'run',
    payload: 'nest:0',
    requestId: 'baf808e4-ef5a-48e6-a39d-6fae8045acc5'
  },
  handleId: '6185fbc4-2d00-46bc-b258-95c32f88261e',
  kind: 'outbound',
  requestedMs: 4222,
  wireId: 134217733
}
IPC_DIAG receive org.alica.matrixprovidera c7 response [Object: null prototype] {
  kind: 'invoke',
  response: [Object: null prototype] {
    requestId: 'd1dc52e9-2c98-4952-8217-94080a629fc4',
    result: [Object: null prototype] { kind: 'success', value: 'leaf' }
  },
  wireId: 134217741
}
IPC_DIAG finish 7c2111d8aa81a5eb6ba946f71b42201d6bd86501c9189794754a44bbb88bf3c6 c7 complete
IPC_DIAG worker-retire 205755 c7 UNAVAILABLE
IPC_DIAG receive org.alica.matrixproviderb c4 response [Object: null prototype] {
  kind: 'invoke',
  response: [Object: null prototype] {
    requestId: 'f724933f-9c75-46ea-bafe-60c800aceba5',
    result: [Object: null prototype] { kind: 'success', value: 'leaf' }
  },
  wireId: 134217735
}
IPC_DIAG finish a823821c74382b349a718ea4b294e69fa849761db18f4974799235e416b1ae60 c4 complete
IPC_DIAG worker-retire 205761 c4 UNAVAILABLE
IPC_DIAG receive org.alica.matrixprovidera c6 response [Object: null prototype] {
  kind: 'invoke',
  response: [Object: null prototype] {
    requestId: '46c91c61-7ffb-41a9-b414-e9a325c5a629',
    result: [Object: null prototype] { kind: 'success', value: 'leaf' }
  },
  wireId: 134217739
}
IPC_DIAG finish 7c2111d8aa81a5eb6ba946f71b42201d6bd86501c9189794754a44bbb88bf3c6 c6 complete
IPC_DIAG worker-retire 205755 c6 UNAVAILABLE
IPC_DIAG receive org.alica.matrixproviderb c3 response [Object: null prototype] {
  kind: 'invoke',
  response: [Object: null prototype] {
    requestId: '71e5e5d3-3c60-4f48-9354-7078128f9666',
    result: [Object: null prototype] { kind: 'success', value: 'leaf' }
  },
  wireId: 134217733
}
IPC_DIAG finish a823821c74382b349a718ea4b294e69fa849761db18f4974799235e416b1ae60 c3 complete
IPC_DIAG worker-retire 205761 c3 UNAVAILABLE
IPC_DIAG receive org.alica.matrixprovidera c5 response [Object: null prototype] {
  kind: 'invoke',
  response: [Object: null prototype] {
    requestId: 'a2a364cf-9649-45e8-b65a-029da9a469a3',
    result: [Object: null prototype] { kind: 'success', value: 'leaf' }
  },
  wireId: 134217737
}
IPC_DIAG finish 7c2111d8aa81a5eb6ba946f71b42201d6bd86501c9189794754a44bbb88bf3c6 c5 complete
IPC_DIAG worker-retire 205755 c5 UNAVAILABLE
IPC_DIAG receive org.alica.matrixprovidera c8 request [Object: null prototype] {
  kind: 'bind',
  optional: true,
  requirementIndex: 0,
  scopeId: 'root',
  wireId: 134217740
}
IPC_DIAG receive org.alica.matrixprovidera c8 request [Object: null prototype] {
  call: [Object: null prototype] {
    capabilityId: 'org.alica.matrixb',
    deadlineMs: 1789722717025,
    descriptorDigest: 'sha256:f2194573d7164d46924aa549625e7139c5286fba31598324645b2c0f668607ac',
    operation: 'run',
    payload: 'nest:23',
    requestId: '4b463c5b-4975-4492-ad8e-f09e2c23259f'
  },
  handleId: '58d7fcb3-3790-4f94-96c0-75ed12394814',
  kind: 'outbound',
  requestedMs: 4457,
  wireId: 134217735
}
IPC_DIAG receive org.alica.matrixproviderb c5 request [Object: null prototype] {
  kind: 'bind',
  optional: true,
  requirementIndex: 0,
  scopeId: 'root',
  wireId: 134217738
}
IPC_DIAG receive org.alica.matrixproviderb c5 request [Object: null prototype] {
  call: [Object: null prototype] {
    capabilityId: 'org.alica.matrixa',
    deadlineMs: 1789722717025,
    descriptorDigest: 'sha256:567c3c109971c611cdc932f189e75194252519c2f7766f27c8bbecb2b178f1fa',
    operation: 'run',
    payload: 'nest:22',
    requestId: '48728ba6-67f0-4e9a-b5fb-eaf62b3af0cb'
  },
  handleId: 'd8b96c69-5f8e-4fec-a16a-892a496f629d',
  kind: 'outbound',
  requestedMs: 4390,
  wireId: 134217735
}
IPC_DIAG receive org.alica.matrixprovidera c9 request [Object: null prototype] {
  kind: 'bind',
  optional: true,
  requirementIndex: 0,
  scopeId: 'root',
  wireId: 134217742
}
IPC_DIAG receive org.alica.matrixprovidera c9 request [Object: null prototype] {
  call: [Object: null prototype] {
    capabilityId: 'org.alica.matrixb',
    deadlineMs: 1789722717025,
    descriptorDigest: 'sha256:f2194573d7164d46924aa549625e7139c5286fba31598324645b2c0f668607ac',
    operation: 'run',
    payload: 'nest:21',
    requestId: '9ef5ed26-c76d-490f-bb06-9b46ffbd2160'
  },
  handleId: '03afcea3-bab3-4c12-92c3-7337101c69b6',
  kind: 'outbound',
  requestedMs: 4308,
  wireId: 134217737
}
IPC_DIAG receive org.alica.matrixproviderb c6 request [Object: null prototype] {
  kind: 'bind',
  optional: true,
  requirementIndex: 0,
  scopeId: 'root',
  wireId: 134217740
}
IPC_DIAG receive org.alica.matrixproviderb c6 request [Object: null prototype] {
  call: [Object: null prototype] {
    capabilityId: 'org.alica.matrixa',
    deadlineMs: 1789722717025,
    descriptorDigest: 'sha256:567c3c109971c611cdc932f189e75194252519c2f7766f27c8bbecb2b178f1fa',
    operation: 'run',
    payload: 'nest:20',
    requestId: 'a621823c-b05d-48c0-a6c9-46528f8209ca'
  },
  handleId: '1cd701c1-3ddf-4a9d-862a-8204517a92aa',
  kind: 'outbound',
  requestedMs: 4216,
  wireId: 134217737
}
IPC_DIAG receive org.alica.matrixprovidera c10 request [Object: null prototype] {
  kind: 'bind',
  optional: true,
  requirementIndex: 0,
  scopeId: 'root',
  wireId: 134217744
}
IPC_DIAG receive org.alica.matrixprovidera c10 request [Object: null prototype] {
  call: [Object: null prototype] {
    capabilityId: 'org.alica.matrixb',
    deadlineMs: 1789722717025,
    descriptorDigest: 'sha256:f2194573d7164d46924aa549625e7139c5286fba31598324645b2c0f668607ac',
    operation: 'run',
    payload: 'nest:19',
    requestId: '6d96dec0-4bf0-454b-89e2-930616725f8a'
  },
  handleId: '32955369-40b6-4232-8601-2553d3cc0bf2',
  kind: 'outbound',
  requestedMs: 4096,
  wireId: 134217739
}
IPC_DIAG receive org.alica.matrixproviderb c7 request [Object: null prototype] {
  kind: 'bind',
  optional: true,
  requirementIndex: 0,
  scopeId: 'root',
  wireId: 134217742
}
IPC_DIAG receive org.alica.matrixproviderb c7 request [Object: null prototype] {
  call: [Object: null prototype] {
    capabilityId: 'org.alica.matrixa',
    deadlineMs: 1789722717025,
    descriptorDigest: 'sha256:567c3c109971c611cdc932f189e75194252519c2f7766f27c8bbecb2b178f1fa',
    operation: 'run',
    payload: 'nest:18',
    requestId: 'e1171aa7-79db-47ec-a429-741e291a7398'
  },
  handleId: '9bcc38b3-9640-4489-bca4-0ba11a414538',
  kind: 'outbound',
  requestedMs: 3973,
  wireId: 134217739
}
IPC_DIAG receive org.alica.matrixprovidera c11 request [Object: null prototype] {
  kind: 'bind',
  optional: true,
  requirementIndex: 0,
  scopeId: 'root',
  wireId: 134217746
}
IPC_DIAG receive org.alica.matrixprovidera c11 request [Object: null prototype] {
  call: [Object: null prototype] {
    capabilityId: 'org.alica.matrixb',
    deadlineMs: 1789722717025,
    descriptorDigest: 'sha256:f2194573d7164d46924aa549625e7139c5286fba31598324645b2c0f668607ac',
    operation: 'run',
    payload: 'nest:17',
    requestId: '0569ebd6-3498-41b1-bb04-064c2358a4b9'
  },
  handleId: 'db4eef5e-92f3-4968-9dd5-f7cc57e49f8d',
  kind: 'outbound',
  requestedMs: 3841,
  wireId: 134217741
}
IPC_DIAG receive org.alica.matrixproviderb c8 request [Object: null prototype] {
  kind: 'bind',
  optional: true,
  requirementIndex: 0,
  scopeId: 'root',
  wireId: 134217744
}
IPC_DIAG receive org.alica.matrixproviderb c8 request [Object: null prototype] {
  call: [Object: null prototype] {
    capabilityId: 'org.alica.matrixa',
    deadlineMs: 1789722717025,
    descriptorDigest: 'sha256:567c3c109971c611cdc932f189e75194252519c2f7766f27c8bbecb2b178f1fa',
    operation: 'run',
    payload: 'nest:16',
    requestId: '294393fd-e3b5-49ba-92e0-d5cb15ba5c3b'
  },
  handleId: 'e4ebb09e-b016-48db-bd20-799236e625b1',
  kind: 'outbound',
  requestedMs: 3691,
  wireId: 134217741
}
IPC_DIAG receive org.alica.matrixproviderb c8 response [Object: null prototype] {
  kind: 'invoke',
  response: [Object: null prototype] {
    requestId: '802b1435-864b-4c72-9120-f96b2e26cd06',
    result: [Object: null prototype] {
      error: [Object: null prototype],
      kind: 'error'
    }
  },
  wireId: 134217743
}
IPC_DIAG finish a823821c74382b349a718ea4b294e69fa849761db18f4974799235e416b1ae60 c8 complete
IPC_DIAG worker-retire 205761 c8 UNAVAILABLE
IPC_DIAG receive org.alica.matrixprovidera c11 response [Object: null prototype] {
  kind: 'invoke',
  response: [Object: null prototype] {
    requestId: 'ceca658f-4167-4778-b1b0-c8b1f6d16e7b',
    result: [Object: null prototype] {
      error: [Object: null prototype],
      kind: 'error'
    }
  },
  wireId: 134217749
}
IPC_DIAG finish 7c2111d8aa81a5eb6ba946f71b42201d6bd86501c9189794754a44bbb88bf3c6 c11 complete
IPC_DIAG worker-retire 205755 c11 UNAVAILABLE
IPC_DIAG receive org.alica.matrixproviderb c7 response [Object: null prototype] {
  kind: 'invoke',
  response: [Object: null prototype] {
    requestId: '936a32d3-bc76-4b5c-b537-fdf163b2f827',
    result: [Object: null prototype] {
      error: [Object: null prototype],
      kind: 'error'
    }
  },
  wireId: 134217741
}
IPC_DIAG finish a823821c74382b349a718ea4b294e69fa849761db18f4974799235e416b1ae60 c7 complete
IPC_DIAG worker-retire 205761 c7 UNAVAILABLE
IPC_DIAG receive org.alica.matrixprovidera c10 response [Object: null prototype] {
  kind: 'invoke',
  response: [Object: null prototype] {
    requestId: '40c8da02-b41a-459d-ba1f-476306c682d0',
    result: [Object: null prototype] {
      error: [Object: null prototype],
      kind: 'error'
    }
  },
  wireId: 134217747
}
IPC_DIAG finish 7c2111d8aa81a5eb6ba946f71b42201d6bd86501c9189794754a44bbb88bf3c6 c10 complete
IPC_DIAG worker-retire 205755 c10 UNAVAILABLE
IPC_DIAG receive org.alica.matrixproviderb c6 response [Object: null prototype] {
  kind: 'invoke',
  response: [Object: null prototype] {
    requestId: 'e13f0f9a-9f5d-47d9-8db5-88d7adf75b5e',
    result: [Object: null prototype] {
      error: [Object: null prototype],
      kind: 'error'
    }
  },
  wireId: 134217739
}
IPC_DIAG finish a823821c74382b349a718ea4b294e69fa849761db18f4974799235e416b1ae60 c6 complete
IPC_DIAG worker-retire 205761 c6 UNAVAILABLE
IPC_DIAG receive org.alica.matrixprovidera c9 response [Object: null prototype] {
  kind: 'invoke',
  response: [Object: null prototype] {
    requestId: 'eb043b7f-8acf-497d-b5d1-33c924968857',
    result: [Object: null prototype] {
      error: [Object: null prototype],
      kind: 'error'
    }
  },
  wireId: 134217745
}
IPC_DIAG finish 7c2111d8aa81a5eb6ba946f71b42201d6bd86501c9189794754a44bbb88bf3c6 c9 complete
IPC_DIAG worker-retire 205755 c9 UNAVAILABLE
IPC_DIAG receive org.alica.matrixproviderb c5 response [Object: null prototype] {
  kind: 'invoke',
  response: [Object: null prototype] {
    requestId: '2ef63aae-cf18-48a5-b1aa-226bf0efe0ba',
    result: [Object: null prototype] {
      error: [Object: null prototype],
      kind: 'error'
    }
  },
  wireId: 134217737
}
IPC_DIAG finish a823821c74382b349a718ea4b294e69fa849761db18f4974799235e416b1ae60 c5 complete
IPC_DIAG worker-retire 205761 c5 UNAVAILABLE
IPC_DIAG receive org.alica.matrixprovidera c8 response [Object: null prototype] {
  kind: 'invoke',
  response: [Object: null prototype] {
    requestId: '8f267f5b-2c9d-4611-810a-9274f4cd8e14',
    result: [Object: null prototype] {
      error: [Object: null prototype],
      kind: 'error'
    }
  },
  wireId: 134217743
}
IPC_DIAG finish 7c2111d8aa81a5eb6ba946f71b42201d6bd86501c9189794754a44bbb88bf3c6 c8 complete
IPC_DIAG worker-retire 205755 c8 UNAVAILABLE
IPC_DIAG receive org.alica.matrixproviderb c9 response [Object: null prototype] {
  kind: 'invoke',
  response: [Object: null prototype] {
    requestId: '5166cb9e-2114-4357-9b90-941a42a56e6d',
    result: [Object: null prototype] { kind: 'success', value: 'leaf' }
  },
  wireId: 134217745
}
IPC_DIAG finish a823821c74382b349a718ea4b294e69fa849761db18f4974799235e416b1ae60 c9 complete
IPC_DIAG worker-retire 205761 c9 UNAVAILABLE
IPC_DIAG receive org.alica.matrixprovidera c12 request [Object: null prototype] {
  kind: 'bind',
  optional: true,
  requirementIndex: 0,
  scopeId: 'root',
  wireId: 134217748
}
IPC_DIAG receive org.alica.matrixproviderb c10 response [Object: null prototype] {
  kind: 'invoke',
  response: [Object: null prototype] {
    requestId: 'ed2e9f99-eb42-449d-a13f-2fa275cafd5d',
    result: [Object: null prototype] { kind: 'success', value: '0:0:0' }
  },
  wireId: 134217747
}
IPC_DIAG finish a823821c74382b349a718ea4b294e69fa849761db18f4974799235e416b1ae60 c10 complete
IPC_DIAG worker-retire 205761 c10 UNAVAILABLE
IPC_DIAG receive org.alica.matrixprovidera c12 request [Object: null prototype] {
  call: [Object: null prototype] {
    capabilityId: 'org.alica.matrixb',
    deadlineMs: 1789722718029,
    descriptorDigest: 'sha256:f2194573d7164d46924aa549625e7139c5286fba31598324645b2c0f668607ac',
    operation: 'run',
    payload: 'wait',
    requestId: 'd17505ca-b1a7-465d-a80d-501d6a80863c'
  },
  handleId: '7a2fce49-bc91-4716-a143-d1630b1b9a89',
  kind: 'outbound',
  requestedMs: 4441,
  wireId: 134217743
}
IPC_DIAG receive org.alica.matrixproviderb c12 response [Object: null prototype] {
  kind: 'invoke',
  response: [Object: null prototype] {
    requestId: '38537311-d7ef-4956-9b6d-c8210fd18a65',
    result: [Object: null prototype] { kind: 'success', value: '1:0:0' }
  },
  wireId: 134217751
}
IPC_DIAG finish a823821c74382b349a718ea4b294e69fa849761db18f4974799235e416b1ae60 c12 complete
IPC_DIAG worker-retire 205761 c12 UNAVAILABLE
IPC_DIAG finish 7c2111d8aa81a5eb6ba946f71b42201d6bd86501c9189794754a44bbb88bf3c6 c12 CANCELLED
IPC_DIAG finish a823821c74382b349a718ea4b294e69fa849761db18f4974799235e416b1ae60 c11 CANCELLED
IPC_DIAG worker-retire 205755 c12 UNAVAILABLE
IPC_DIAG worker-retire 205761 c11 UNAVAILABLE
IPC_DIAG receive org.alica.matrixproviderb c13 response [Object: null prototype] {
  kind: 'invoke',
  response: [Object: null prototype] {
    requestId: 'fc4f36c6-1c3e-4d63-bb29-b98b3101a677',
    result: [Object: null prototype] { kind: 'success', value: 'slow' }
  },
  wireId: 134217753
}
IPC_DIAG finish a823821c74382b349a718ea4b294e69fa849761db18f4974799235e416b1ae60 c13 complete
IPC_DIAG worker-retire 205761 c13 UNAVAILABLE
IPC_DIAG receive org.alica.matrixproviderb c14 response [Object: null prototype] {
  kind: 'invoke',
  response: [Object: null prototype] {
    requestId: '1d07cd34-181b-466f-92ad-72a42244b17b',
    result: [Object: null prototype] { kind: 'success', value: '1:1:0' }
  },
  wireId: 134217755
}
IPC_DIAG finish a823821c74382b349a718ea4b294e69fa849761db18f4974799235e416b1ae60 c14 complete
IPC_DIAG worker-retire 205761 c14 UNAVAILABLE
IPC_DIAG receive org.alica.matrixprovidera c13 request [Object: null prototype] {
  kind: 'bind',
  optional: true,
  requirementIndex: 0,
  scopeId: 'root',
  wireId: 134217750
}
IPC_DIAG receive org.alica.matrixprovidera c13 request [Object: null prototype] {
  call: [Object: null prototype] {
    capabilityId: 'org.alica.matrixb',
    deadlineMs: 1789722713972,
    descriptorDigest: 'sha256:f2194573d7164d46924aa549625e7139c5286fba31598324645b2c0f668607ac',
    operation: 'run',
    payload: 'wait',
    requestId: '8e209c3c-f153-4252-831f-3ee56f5e3f02'
  },
  handleId: 'c6bfb390-9cec-472b-aeb4-4e897cefe667',
  kind: 'outbound',
  requestedMs: 19,
  wireId: 134217745
}
IPC_DIAG finish a823821c74382b349a718ea4b294e69fa849761db18f4974799235e416b1ae60 r16 DEADLINE_EXCEEDED
IPC_DIAG finish 7c2111d8aa81a5eb6ba946f71b42201d6bd86501c9189794754a44bbb88bf3c6 c13 DEADLINE_EXCEEDED
IPC_DIAG worker-retire 205755 c13 UNAVAILABLE
IPC_DIAG receive org.alica.matrixproviderb c15 response [Object: null prototype] {
  kind: 'invoke',
  response: [Object: null prototype] {
    requestId: '90b2d65e-4686-4d7f-abed-735b6c559233',
    result: [Object: null prototype] { kind: 'success', value: 'slow' }
  },
  wireId: 134217757
}
IPC_DIAG finish a823821c74382b349a718ea4b294e69fa849761db18f4974799235e416b1ae60 c15 complete
IPC_DIAG worker-retire 205761 c15 UNAVAILABLE
IPC_DIAG deadline passed
IPC_DIAG receive org.alica.matrixproviderb c16 response [Object: null prototype] {
  kind: 'invoke',
  response: [Object: null prototype] {
    requestId: '38f3facd-7efe-4b11-8975-c0369adbc328',
    result: [Object: null prototype] { kind: 'success', value: '1:1:0' }
  },
  wireId: 134217759
}
IPC_DIAG finish a823821c74382b349a718ea4b294e69fa849761db18f4974799235e416b1ae60 c16 complete
IPC_DIAG worker-retire 205761 c16 UNAVAILABLE
IPC_DIAG assertion revoke line169
IPC_DIAG receive org.alica.matrixprovidera c14 request [Object: null prototype] {
  kind: 'bind',
  optional: true,
  requirementIndex: 0,
  scopeId: 'root',
  wireId: 134217752
}
IPC_DIAG receive org.alica.matrixproviderb c17 response [Object: null prototype] {
  kind: 'invoke',
  response: [Object: null prototype] {
    requestId: 'd861b43e-2860-42fc-afb8-6363311a69ee',
    result: [Object: null prototype] { kind: 'success', value: '1:1:0' }
  },
  wireId: 134217761
}
IPC_DIAG finish a823821c74382b349a718ea4b294e69fa849761db18f4974799235e416b1ae60 c17 complete
IPC_DIAG worker-retire 205761 c17 UNAVAILABLE
IPC_DIAG receive org.alica.matrixprovidera c14 request [Object: null prototype] {
  call: [Object: null prototype] {
    capabilityId: 'org.alica.matrixb',
    deadlineMs: 1789722718645,
    descriptorDigest: 'sha256:f2194573d7164d46924aa549625e7139c5286fba31598324645b2c0f668607ac',
    operation: 'run',
    payload: 'wait',
    requestId: 'ca917285-0db8-455e-9302-9672c583395b'
  },
  handleId: '767e137f-3f3c-4aff-a59e-c639f6b7ad51',
  kind: 'outbound',
  requestedMs: 4440,
  wireId: 134217747
}
IPC_DIAG receive org.alica.matrixproviderb c19 response [Object: null prototype] {
  kind: 'invoke',
  response: [Object: null prototype] {
    requestId: '132e454b-9bac-435b-b4f0-a278fefa1d32',
    result: [Object: null prototype] { kind: 'success', value: '2:1:0' }
  },
  wireId: 134217765
}
IPC_DIAG finish a823821c74382b349a718ea4b294e69fa849761db18f4974799235e416b1ae60 c19 complete
IPC_DIAG worker-retire 205761 c19 UNAVAILABLE
IPC_DIAG finish a823821c74382b349a718ea4b294e69fa849761db18f4974799235e416b1ae60 c18 CANCELLED
IPC_DIAG worker-retire 205761 c18 UNAVAILABLE
IPC_DIAG receive org.alica.matrixprovidera c14 response [Object: null prototype] {
  kind: 'invoke',
  response: [Object: null prototype] {
    requestId: '41040dbe-7835-40d8-977a-afebf6f66a13',
    result: [Object: null prototype] {
      error: [Object: null prototype],
      kind: 'error'
    }
  },
  wireId: 134217755
}
IPC_DIAG finish 7c2111d8aa81a5eb6ba946f71b42201d6bd86501c9189794754a44bbb88bf3c6 c14 complete
IPC_DIAG revoke passed
IPC_DIAG worker-retire 205755 c14 UNAVAILABLE
IPC_DIAG receive org.alica.matrixproviderb c20 response [Object: null prototype] {
  kind: 'invoke',
  response: [Object: null prototype] {
    requestId: '1d192b15-ab82-4d86-8250-e3a0d306babc',
    result: [Object: null prototype] { kind: 'success', value: 'slow' }
  },
  wireId: 134217767
}
IPC_DIAG finish a823821c74382b349a718ea4b294e69fa849761db18f4974799235e416b1ae60 c20 complete
IPC_DIAG worker-retire 205761 c20 UNAVAILABLE
IPC_DIAG receive org.alica.matrixprovidera c15 response [Object: null prototype] {
  kind: 'invoke',
  response: [Object: null prototype] {
    requestId: '4e6eb185-713f-4cb2-b6a5-28ee03e76a29',
    result: [Object: null prototype] { kind: 'success', value: '1' }
  },
  wireId: 134217757
}
IPC_DIAG finish 7c2111d8aa81a5eb6ba946f71b42201d6bd86501c9189794754a44bbb88bf3c6 c15 complete
IPC_DIAG worker-retire 205755 c15 UNAVAILABLE
IPC_DIAG receive org.alica.matrixprovidera c16 response [Object: null prototype] { kind: 'quiesced', wireId: 134217759 }
IPC_DIAG finish 7c2111d8aa81a5eb6ba946f71b42201d6bd86501c9189794754a44bbb88bf3c6 c16 complete
IPC_DIAG worker-retire 205755 c16 UNAVAILABLE
IPC_DIAG receive org.alica.matrixprovidera c17 response [Object: null prototype] {
  kind: 'disposed',
  report: [Object: null prototype] {
    completedDisposers: 0,
    failedDisposers: [],
    restartRequired: false,
    state: 'DISPOSED',
    timedOutResources: 0
  },
  wireId: 134217761
}
IPC_DIAG finish 7c2111d8aa81a5eb6ba946f71b42201d6bd86501c9189794754a44bbb88bf3c6 c17 complete
IPC_DIAG fail org.alica.matrixprovidera Error
    at PhysicalSession.fail (file:///home/alica-dev/AlicaV2/packages/kernel/dist/g6/session.js:451:70)
    at file:///home/alica-dev/AlicaV2/packages/kernel/dist/g6/session.js:517:22
    at process.processTicksAndRejections (node:internal/process/task_queues:104:5)
    at async HostIPC.shutdown (file:///home/alica-dev/AlicaV2/packages/kernel/dist/g6/host-adapter.js:232:13)
    at async file:///home/alica-dev/AlicaV2/packages/kernel/dist/index.js:1280:21
    at async consumer (file:///home/alica-dev/AlicaV2/tests/ipc/qualification-consumer.test.mjs:191:3)
    at async TestContext.<anonymous> (file:///home/alica-dev/AlicaV2/tests/ipc/qualification-consumer.test.mjs:213:7)
    at async Test.run (node:internal/test_runner/test:1409:7)
    at async Test.processPendingSubtests (node:internal/test_runner/test:974:7)
IPC_DIAG worker-retire 205755 c17 UNAVAILABLE
IPC_DIAG worker-fail 205755 PeerClosed [AcapError]: UNAVAILABLE
    at NativeStream.receive (file:///home/alica-dev/AlicaV2/packages/kernel/dist/g6/stream.js:119:23)
    at WorkerTransport.pump (file:///home/alica-dev/AlicaV2/packages/kernel/dist/g6/worker-transport.js:114:40)
    at Timeout._onTimeout (file:///home/alica-dev/AlicaV2/packages/kernel/dist/g6/worker-transport.js:67:22)
    at listOnTimeout (node:internal/timers:685:17)
    at process.processTimers (node:internal/timers:618:7) {
  code: 'UNAVAILABLE',
  correlationId: 'c07ca154-3d9d-4ad8-a8c1-0026e28b0887',
  retryable: false
} Error
    at WorkerTransport.fail (file:///home/alica-dev/AlicaV2/packages/kernel/dist/g6/worker-transport.js:251:67)
    at Timeout._onTimeout (file:///home/alica-dev/AlicaV2/packages/kernel/dist/g6/worker-transport.js:70:22)
    at listOnTimeout (node:internal/timers:685:17)
    at process.processTimers (node:internal/timers:618:7)
IPC_DIAG dead org.alica.matrixprovidera 1 null
IPC_DIAG receive org.alica.matrixproviderb c21 response [Object: null prototype] {
  kind: 'invoke',
  response: [Object: null prototype] {
    requestId: 'cbb18366-0238-4113-aabd-3760f217f5ab',
    result: [Object: null prototype] { kind: 'success', value: 'leaf' }
  },
  wireId: 134217769
}
IPC_DIAG finish a823821c74382b349a718ea4b294e69fa849761db18f4974799235e416b1ae60 c21 complete
IPC_DIAG worker-retire 205761 c21 UNAVAILABLE
IPC_DIAG receive org.alica.matrixproviderb c22 response [Object: null prototype] { kind: 'quiesced', wireId: 134217771 }
IPC_DIAG finish a823821c74382b349a718ea4b294e69fa849761db18f4974799235e416b1ae60 c22 complete
IPC_DIAG worker-retire 205761 c22 UNAVAILABLE
IPC_DIAG receive org.alica.matrixproviderb c23 response [Object: null prototype] {
  kind: 'disposed',
  report: [Object: null prototype] {
    completedDisposers: 0,
    failedDisposers: [],
    restartRequired: false,
    state: 'DISPOSED',
    timedOutResources: 0
  },
  wireId: 134217773
}
IPC_DIAG finish a823821c74382b349a718ea4b294e69fa849761db18f4974799235e416b1ae60 c23 complete
IPC_DIAG fail org.alica.matrixproviderb Error
    at PhysicalSession.fail (file:///home/alica-dev/AlicaV2/packages/kernel/dist/g6/session.js:451:70)
    at file:///home/alica-dev/AlicaV2/packages/kernel/dist/g6/session.js:517:22
    at process.processTicksAndRejections (node:internal/process/task_queues:104:5)
    at async HostIPC.shutdown (file:///home/alica-dev/AlicaV2/packages/kernel/dist/g6/host-adapter.js:232:13)
    at async file:///home/alica-dev/AlicaV2/packages/kernel/dist/index.js:1280:21
    at async Host.closeScope (file:///home/alica-dev/AlicaV2/packages/kernel/dist/index.js:1342:21)
    at async Host.shutdown (file:///home/alica-dev/AlicaV2/packages/kernel/dist/index.js:1426:9)
    at async TestContext.stop (file:///home/alica-dev/AlicaV2/tools/g3-fixtures.mjs:218:5)
    at async TestHook.run (node:internal/test_runner/test:1409:7)
    at async Test.runHook (node:internal/test_runner/test:1289:9)
IPC_DIAG worker-fail 205761 PeerClosed [AcapError]: UNAVAILABLE
    at NativeStream.receive (file:///home/alica-dev/AlicaV2/packages/kernel/dist/g6/stream.js:119:23)
    at WorkerTransport.pump (file:///home/alica-dev/AlicaV2/packages/kernel/dist/g6/worker-transport.js:114:40)
    at Timeout._onTimeout (file:///home/alica-dev/AlicaV2/packages/kernel/dist/g6/worker-transport.js:67:22)
    at listOnTimeout (node:internal/timers:685:17)
    at process.processTimers (node:internal/timers:618:7) {
  code: 'UNAVAILABLE',
  correlationId: 'ba8bafd9-3d97-4fbc-9d09-5b642000efcd',
  retryable: false
} Error
    at WorkerTransport.fail (file:///home/alica-dev/AlicaV2/packages/kernel/dist/g6/worker-transport.js:251:67)
    at Timeout._onTimeout (file:///home/alica-dev/AlicaV2/packages/kernel/dist/g6/worker-transport.js:70:22)
    at listOnTimeout (node:internal/timers:685:17)
    at process.processTimers (node:internal/timers:618:7)
IPC_DIAG worker-retire 205761 c23 UNAVAILABLE
IPC_DIAG dead org.alica.matrixproviderb 1 null
✔ same-source matrix consumer ipc: ancestry, authority and live sibling independence (3950.325034ms)
ℹ {"consumerSHA256":"08d5ac0a053a0be9c317c179dd704e90fba78b9e8585244b4c3973e79b0e8f95","providerASHA256":"9746fbf0ad5898e51a35a6209e80d09aedbe2126817a97da831192fc9244449d","providerBSHA256":"a82f9788b6336be98163ce077838f99a7e2a60bad4c58fc78054f110a62a9179"}
ℹ tests 2
ℹ suites 0
ℹ pass 2
ℹ fail 0
ℹ cancelled 0
ℹ skipped 0
ℹ todo 0
ℹ duration_ms 5418.369334
SAMPLE_EXIT 0
DIAGNOSTIC_SAMPLE 6
IPC_DIAG assertion initial-deny line120
IPC_DIAG initial-deny passed
(node:205776) ExperimentalWarning: VM Modules is an experimental feature and might change at any time
(Use `node --trace-warnings ...` to show where the warning was created)
IPC_DIAG deadline passed
IPC_DIAG assertion revoke line169
IPC_DIAG revoke passed
✔ same-source matrix consumer inproc: ancestry, authority and live sibling independence (1145.170392ms)
ℹ {"consumerSHA256":"08d5ac0a053a0be9c317c179dd704e90fba78b9e8585244b4c3973e79b0e8f95","providerASHA256":"9746fbf0ad5898e51a35a6209e80d09aedbe2126817a97da831192fc9244449d","providerBSHA256":"a82f9788b6336be98163ce077838f99a7e2a60bad4c58fc78054f110a62a9179"}
(node:205788) ExperimentalWarning: VM Modules is an experimental feature and might change at any time
(Use `node --trace-warnings ...` to show where the warning was created)
IPC_DIAG receive org.alica.matrixprovidera c1 request [Object: null prototype] {
  capabilityId: 'org.alica.matrixa',
  descriptorDigest: 'sha256:567c3c109971c611cdc932f189e75194252519c2f7766f27c8bbecb2b178f1fa',
  kind: 'register',
  scopeId: 'root',
  wireId: 134217730
}
IPC_DIAG receive org.alica.matrixprovidera c1 response [Object: null prototype] { kind: 'activated', wireId: 134217729 }
IPC_DIAG finish eacfe7ac50c54ce6c09f2de42fe606a2b69bddd0d0bbb7d65919d85e2038ae04 c1 complete
IPC_DIAG worker-retire 205788 c1 UNAVAILABLE
(node:205794) ExperimentalWarning: VM Modules is an experimental feature and might change at any time
(Use `node --trace-warnings ...` to show where the warning was created)
IPC_DIAG receive org.alica.matrixproviderb c1 request [Object: null prototype] {
  capabilityId: 'org.alica.matrixb',
  descriptorDigest: 'sha256:f2194573d7164d46924aa549625e7139c5286fba31598324645b2c0f668607ac',
  kind: 'register',
  scopeId: 'root',
  wireId: 134217730
}
IPC_DIAG receive org.alica.matrixproviderb c1 response [Object: null prototype] { kind: 'activated', wireId: 134217729 }
IPC_DIAG finish 9ac6c24729845c178df13fa32b109c7d616085a1ed802ec1ab34733e91ff197d c1 complete
IPC_DIAG worker-retire 205794 c1 UNAVAILABLE
IPC_DIAG assertion initial-deny line120
IPC_DIAG receive org.alica.matrixprovidera c2 request [Object: null prototype] {
  kind: 'bind',
  optional: true,
  requirementIndex: 0,
  scopeId: 'root',
  wireId: 134217732
}
IPC_DIAG receive org.alica.matrixprovidera c2 response [Object: null prototype] {
  kind: 'invoke',
  response: [Object: null prototype] {
    requestId: 'c04e7877-61a7-46a2-b16b-ff61aaf94063',
    result: [Object: null prototype] {
      error: [Object: null prototype],
      kind: 'error'
    }
  },
  wireId: 134217731
}
IPC_DIAG finish eacfe7ac50c54ce6c09f2de42fe606a2b69bddd0d0bbb7d65919d85e2038ae04 c2 complete
IPC_DIAG initial-deny passed
IPC_DIAG worker-retire 205788 c2 UNAVAILABLE
IPC_DIAG receive org.alica.matrixprovidera c3 request [Object: null prototype] {
  kind: 'bind',
  optional: true,
  requirementIndex: 0,
  scopeId: 'root',
  wireId: 134217734
}
IPC_DIAG receive org.alica.matrixprovidera c3 request [Object: null prototype] {
  call: [Object: null prototype] {
    capabilityId: 'org.alica.matrixb',
    deadlineMs: 1789722721815,
    descriptorDigest: 'sha256:f2194573d7164d46924aa549625e7139c5286fba31598324645b2c0f668607ac',
    operation: 'run',
    payload: 'nest:1',
    requestId: '263f083b-8a1d-45a4-958b-33af2b78dd1f'
  },
  handleId: '65cfb62c-b73a-485c-89ec-9f792e621522',
  kind: 'outbound',
  requestedMs: 4453,
  wireId: 134217729
}
IPC_DIAG receive org.alica.matrixproviderb c2 request [Object: null prototype] {
  kind: 'bind',
  optional: true,
  requirementIndex: 0,
  scopeId: 'root',
  wireId: 134217732
}
IPC_DIAG receive org.alica.matrixproviderb c2 request [Object: null prototype] {
  call: [Object: null prototype] {
    capabilityId: 'org.alica.matrixa',
    deadlineMs: 1789722721815,
    descriptorDigest: 'sha256:567c3c109971c611cdc932f189e75194252519c2f7766f27c8bbecb2b178f1fa',
    operation: 'run',
    payload: 'nest:0',
    requestId: '22fb50b9-a1d8-4ff3-b3c2-71dc423f0ac3'
  },
  handleId: '7f1893dc-01d5-4383-83a8-83ac84ba683c',
  kind: 'outbound',
  requestedMs: 4383,
  wireId: 134217729
}
IPC_DIAG receive org.alica.matrixprovidera c4 response [Object: null prototype] {
  kind: 'invoke',
  response: [Object: null prototype] {
    requestId: '829e11c8-07c2-45e0-94f8-b0f36d63afab',
    result: [Object: null prototype] { kind: 'success', value: 'leaf' }
  },
  wireId: 134217735
}
IPC_DIAG finish eacfe7ac50c54ce6c09f2de42fe606a2b69bddd0d0bbb7d65919d85e2038ae04 c4 complete
IPC_DIAG worker-retire 205788 c4 UNAVAILABLE
IPC_DIAG receive org.alica.matrixproviderb c2 response [Object: null prototype] {
  kind: 'invoke',
  response: [Object: null prototype] {
    requestId: 'e7f71920-6606-4d1c-9a6a-ef40ea7cad6d',
    result: [Object: null prototype] { kind: 'success', value: 'leaf' }
  },
  wireId: 134217731
}
IPC_DIAG finish 9ac6c24729845c178df13fa32b109c7d616085a1ed802ec1ab34733e91ff197d c2 complete
IPC_DIAG worker-retire 205794 c2 UNAVAILABLE
IPC_DIAG receive org.alica.matrixprovidera c3 response [Object: null prototype] {
  kind: 'invoke',
  response: [Object: null prototype] {
    requestId: '9eba2376-4260-410c-9cd7-9ad1761f6684',
    result: [Object: null prototype] { kind: 'success', value: 'leaf' }
  },
  wireId: 134217733
}
IPC_DIAG finish eacfe7ac50c54ce6c09f2de42fe606a2b69bddd0d0bbb7d65919d85e2038ae04 c3 complete
IPC_DIAG worker-retire 205788 c3 UNAVAILABLE
IPC_DIAG receive org.alica.matrixprovidera c5 request [Object: null prototype] {
  kind: 'bind',
  optional: true,
  requirementIndex: 0,
  scopeId: 'root',
  wireId: 134217736
}
IPC_DIAG receive org.alica.matrixprovidera c5 request [Object: null prototype] {
  call: [Object: null prototype] {
    capabilityId: 'org.alica.matrixb',
    deadlineMs: 1789722722032,
    descriptorDigest: 'sha256:f2194573d7164d46924aa549625e7139c5286fba31598324645b2c0f668607ac',
    operation: 'run',
    payload: 'nest:3',
    requestId: '93866e55-f677-40c9-b846-8e2a242dc9f4'
  },
  handleId: 'f730c069-8d7d-4bc6-a39c-ee18eab2896b',
  kind: 'outbound',
  requestedMs: 4453,
  wireId: 134217731
}
IPC_DIAG receive org.alica.matrixproviderb c3 request [Object: null prototype] {
  kind: 'bind',
  optional: true,
  requirementIndex: 0,
  scopeId: 'root',
  wireId: 134217734
}
IPC_DIAG receive org.alica.matrixproviderb c3 request [Object: null prototype] {
  call: [Object: null prototype] {
    capabilityId: 'org.alica.matrixa',
    deadlineMs: 1789722722032,
    descriptorDigest: 'sha256:567c3c109971c611cdc932f189e75194252519c2f7766f27c8bbecb2b178f1fa',
    operation: 'run',
    payload: 'nest:2',
    requestId: '0b528718-8cb9-4bd7-a857-6ac9ac3a71de'
  },
  handleId: 'c6530ad8-9c04-4f2e-9608-d777414e0829',
  kind: 'outbound',
  requestedMs: 4382,
  wireId: 134217731
}
IPC_DIAG receive org.alica.matrixprovidera c6 request [Object: null prototype] {
  kind: 'bind',
  optional: true,
  requirementIndex: 0,
  scopeId: 'root',
  wireId: 134217738
}
IPC_DIAG receive org.alica.matrixprovidera c6 request [Object: null prototype] {
  call: [Object: null prototype] {
    capabilityId: 'org.alica.matrixb',
    deadlineMs: 1789722722032,
    descriptorDigest: 'sha256:f2194573d7164d46924aa549625e7139c5286fba31598324645b2c0f668607ac',
    operation: 'run',
    payload: 'nest:1',
    requestId: 'f78d7234-a0ef-4c56-aa9c-1759fe0f8deb'
  },
  handleId: 'e6c983b9-8cae-4efa-83cb-c6d59efb3911',
  kind: 'outbound',
  requestedMs: 4295,
  wireId: 134217733
}
IPC_DIAG receive org.alica.matrixproviderb c4 request [Object: null prototype] {
  kind: 'bind',
  optional: true,
  requirementIndex: 0,
  scopeId: 'root',
  wireId: 134217736
}
IPC_DIAG receive org.alica.matrixproviderb c4 request [Object: null prototype] {
  call: [Object: null prototype] {
    capabilityId: 'org.alica.matrixa',
    deadlineMs: 1789722722032,
    descriptorDigest: 'sha256:567c3c109971c611cdc932f189e75194252519c2f7766f27c8bbecb2b178f1fa',
    operation: 'run',
    payload: 'nest:0',
    requestId: 'e1f90a6e-c1a0-4ef6-a981-3a3fb0a22c4f'
  },
  handleId: '538d6c4d-a232-49a9-8b89-34e6225c54e9',
  kind: 'outbound',
  requestedMs: 4204,
  wireId: 134217733
}
IPC_DIAG receive org.alica.matrixprovidera c7 response [Object: null prototype] {
  kind: 'invoke',
  response: [Object: null prototype] {
    requestId: '8d89e093-bf7d-4d02-994d-fc011f94d01b',
    result: [Object: null prototype] { kind: 'success', value: 'leaf' }
  },
  wireId: 134217741
}
IPC_DIAG finish eacfe7ac50c54ce6c09f2de42fe606a2b69bddd0d0bbb7d65919d85e2038ae04 c7 complete
IPC_DIAG worker-retire 205788 c7 UNAVAILABLE
IPC_DIAG receive org.alica.matrixproviderb c4 response [Object: null prototype] {
  kind: 'invoke',
  response: [Object: null prototype] {
    requestId: '0c70def3-35eb-460d-9d8b-54f65198d549',
    result: [Object: null prototype] { kind: 'success', value: 'leaf' }
  },
  wireId: 134217735
}
IPC_DIAG finish 9ac6c24729845c178df13fa32b109c7d616085a1ed802ec1ab34733e91ff197d c4 complete
IPC_DIAG worker-retire 205794 c4 UNAVAILABLE
IPC_DIAG receive org.alica.matrixprovidera c6 response [Object: null prototype] {
  kind: 'invoke',
  response: [Object: null prototype] {
    requestId: 'ba80bd37-a495-416a-9b55-192562552c42',
    result: [Object: null prototype] { kind: 'success', value: 'leaf' }
  },
  wireId: 134217739
}
IPC_DIAG finish eacfe7ac50c54ce6c09f2de42fe606a2b69bddd0d0bbb7d65919d85e2038ae04 c6 complete
IPC_DIAG worker-retire 205788 c6 UNAVAILABLE
IPC_DIAG receive org.alica.matrixproviderb c3 response [Object: null prototype] {
  kind: 'invoke',
  response: [Object: null prototype] {
    requestId: 'd249fe8d-ecb7-4573-b398-6f3a0d602844',
    result: [Object: null prototype] { kind: 'success', value: 'leaf' }
  },
  wireId: 134217733
}
IPC_DIAG finish 9ac6c24729845c178df13fa32b109c7d616085a1ed802ec1ab34733e91ff197d c3 complete
IPC_DIAG worker-retire 205794 c3 UNAVAILABLE
IPC_DIAG receive org.alica.matrixprovidera c5 response [Object: null prototype] {
  kind: 'invoke',
  response: [Object: null prototype] {
    requestId: 'd708a2a0-3b40-4f56-b3af-cd212336c3f6',
    result: [Object: null prototype] { kind: 'success', value: 'leaf' }
  },
  wireId: 134217737
}
IPC_DIAG finish eacfe7ac50c54ce6c09f2de42fe606a2b69bddd0d0bbb7d65919d85e2038ae04 c5 complete
IPC_DIAG worker-retire 205788 c5 UNAVAILABLE
IPC_DIAG receive org.alica.matrixprovidera c8 request [Object: null prototype] {
  kind: 'bind',
  optional: true,
  requirementIndex: 0,
  scopeId: 'root',
  wireId: 134217740
}
IPC_DIAG receive org.alica.matrixprovidera c8 request [Object: null prototype] {
  call: [Object: null prototype] {
    capabilityId: 'org.alica.matrixb',
    deadlineMs: 1789722722476,
    descriptorDigest: 'sha256:f2194573d7164d46924aa549625e7139c5286fba31598324645b2c0f668607ac',
    operation: 'run',
    payload: 'nest:23',
    requestId: '21e23632-8d3a-4bb8-a5e0-c724f7789de0'
  },
  handleId: 'aaa51f20-200c-4cb0-b728-b9a6201be7a9',
  kind: 'outbound',
  requestedMs: 4459,
  wireId: 134217735
}
IPC_DIAG receive org.alica.matrixproviderb c5 request [Object: null prototype] {
  kind: 'bind',
  optional: true,
  requirementIndex: 0,
  scopeId: 'root',
  wireId: 134217738
}
IPC_DIAG receive org.alica.matrixproviderb c5 request [Object: null prototype] {
  call: [Object: null prototype] {
    capabilityId: 'org.alica.matrixa',
    deadlineMs: 1789722722476,
    descriptorDigest: 'sha256:567c3c109971c611cdc932f189e75194252519c2f7766f27c8bbecb2b178f1fa',
    operation: 'run',
    payload: 'nest:22',
    requestId: 'b3a3da89-bc9f-4fa3-b82e-97faf2359666'
  },
  handleId: 'd2ade499-a329-46d4-b7c6-a4b210021cc3',
  kind: 'outbound',
  requestedMs: 4395,
  wireId: 134217735
}
IPC_DIAG receive org.alica.matrixprovidera c9 request [Object: null prototype] {
  kind: 'bind',
  optional: true,
  requirementIndex: 0,
  scopeId: 'root',
  wireId: 134217742
}
IPC_DIAG receive org.alica.matrixprovidera c9 request [Object: null prototype] {
  call: [Object: null prototype] {
    capabilityId: 'org.alica.matrixb',
    deadlineMs: 1789722722476,
    descriptorDigest: 'sha256:f2194573d7164d46924aa549625e7139c5286fba31598324645b2c0f668607ac',
    operation: 'run',
    payload: 'nest:21',
    requestId: '8a77da84-666c-441f-b206-1f4f8e866d65'
  },
  handleId: '4b456553-4538-41e1-af59-97c697bd8eb8',
  kind: 'outbound',
  requestedMs: 4314,
  wireId: 134217737
}
IPC_DIAG receive org.alica.matrixproviderb c6 request [Object: null prototype] {
  kind: 'bind',
  optional: true,
  requirementIndex: 0,
  scopeId: 'root',
  wireId: 134217740
}
IPC_DIAG receive org.alica.matrixproviderb c6 request [Object: null prototype] {
  call: [Object: null prototype] {
    capabilityId: 'org.alica.matrixa',
    deadlineMs: 1789722722476,
    descriptorDigest: 'sha256:567c3c109971c611cdc932f189e75194252519c2f7766f27c8bbecb2b178f1fa',
    operation: 'run',
    payload: 'nest:20',
    requestId: 'f0812a81-8882-4208-9d96-99f7b14b0753'
  },
  handleId: 'b28f25ad-7360-41d4-9ac0-71b646795816',
  kind: 'outbound',
  requestedMs: 4218,
  wireId: 134217737
}
IPC_DIAG receive org.alica.matrixprovidera c10 request [Object: null prototype] {
  kind: 'bind',
  optional: true,
  requirementIndex: 0,
  scopeId: 'root',
  wireId: 134217744
}
IPC_DIAG receive org.alica.matrixprovidera c10 request [Object: null prototype] {
  call: [Object: null prototype] {
    capabilityId: 'org.alica.matrixb',
    deadlineMs: 1789722722476,
    descriptorDigest: 'sha256:f2194573d7164d46924aa549625e7139c5286fba31598324645b2c0f668607ac',
    operation: 'run',
    payload: 'nest:19',
    requestId: 'f056c6bf-7c76-45b1-84d1-5605ee94c7ec'
  },
  handleId: '26e3007b-1e3b-462e-b3e6-3ea2b0dc8358',
  kind: 'outbound',
  requestedMs: 4087,
  wireId: 134217739
}
IPC_DIAG receive org.alica.matrixproviderb c7 request [Object: null prototype] {
  kind: 'bind',
  optional: true,
  requirementIndex: 0,
  scopeId: 'root',
  wireId: 134217742
}
IPC_DIAG receive org.alica.matrixproviderb c7 request [Object: null prototype] {
  call: [Object: null prototype] {
    capabilityId: 'org.alica.matrixa',
    deadlineMs: 1789722722476,
    descriptorDigest: 'sha256:567c3c109971c611cdc932f189e75194252519c2f7766f27c8bbecb2b178f1fa',
    operation: 'run',
    payload: 'nest:18',
    requestId: '4a31be91-a69e-41a6-894e-f8038e120dd1'
  },
  handleId: '3c5c0c43-165c-416e-9358-ea156d614252',
  kind: 'outbound',
  requestedMs: 3954,
  wireId: 134217739
}
IPC_DIAG receive org.alica.matrixprovidera c11 request [Object: null prototype] {
  kind: 'bind',
  optional: true,
  requirementIndex: 0,
  scopeId: 'root',
  wireId: 134217746
}
IPC_DIAG receive org.alica.matrixprovidera c11 request [Object: null prototype] {
  call: [Object: null prototype] {
    capabilityId: 'org.alica.matrixb',
    deadlineMs: 1789722722476,
    descriptorDigest: 'sha256:f2194573d7164d46924aa549625e7139c5286fba31598324645b2c0f668607ac',
    operation: 'run',
    payload: 'nest:17',
    requestId: 'dfc28cab-d82c-4b40-8e83-590e2e007591'
  },
  handleId: 'd4a43229-9837-4503-a6ff-d559b9d97c81',
  kind: 'outbound',
  requestedMs: 3816,
  wireId: 134217741
}
IPC_DIAG receive org.alica.matrixproviderb c8 request [Object: null prototype] {
  kind: 'bind',
  optional: true,
  requirementIndex: 0,
  scopeId: 'root',
  wireId: 134217744
}
IPC_DIAG receive org.alica.matrixproviderb c8 request [Object: null prototype] {
  call: [Object: null prototype] {
    capabilityId: 'org.alica.matrixa',
    deadlineMs: 1789722722476,
    descriptorDigest: 'sha256:567c3c109971c611cdc932f189e75194252519c2f7766f27c8bbecb2b178f1fa',
    operation: 'run',
    payload: 'nest:16',
    requestId: '79cc6f28-9b55-45f4-9d05-8353ccde046a'
  },
  handleId: '23555e28-856a-442d-9e24-97765e3c9f57',
  kind: 'outbound',
  requestedMs: 3670,
  wireId: 134217741
}
IPC_DIAG receive org.alica.matrixproviderb c8 response [Object: null prototype] {
  kind: 'invoke',
  response: [Object: null prototype] {
    requestId: '7a3a694a-d5b6-4455-a01e-648d981881c4',
    result: [Object: null prototype] {
      error: [Object: null prototype],
      kind: 'error'
    }
  },
  wireId: 134217743
}
IPC_DIAG finish 9ac6c24729845c178df13fa32b109c7d616085a1ed802ec1ab34733e91ff197d c8 complete
IPC_DIAG worker-retire 205794 c8 UNAVAILABLE
IPC_DIAG receive org.alica.matrixprovidera c11 response [Object: null prototype] {
  kind: 'invoke',
  response: [Object: null prototype] {
    requestId: '43dd7eee-18d6-4abb-9e9e-59526e9eccce',
    result: [Object: null prototype] {
      error: [Object: null prototype],
      kind: 'error'
    }
  },
  wireId: 134217749
}
IPC_DIAG finish eacfe7ac50c54ce6c09f2de42fe606a2b69bddd0d0bbb7d65919d85e2038ae04 c11 complete
IPC_DIAG worker-retire 205788 c11 UNAVAILABLE
IPC_DIAG receive org.alica.matrixproviderb c7 response [Object: null prototype] {
  kind: 'invoke',
  response: [Object: null prototype] {
    requestId: 'c185a44d-4621-4c7b-b50d-621fc5b72566',
    result: [Object: null prototype] {
      error: [Object: null prototype],
      kind: 'error'
    }
  },
  wireId: 134217741
}
IPC_DIAG finish 9ac6c24729845c178df13fa32b109c7d616085a1ed802ec1ab34733e91ff197d c7 complete
IPC_DIAG worker-retire 205794 c7 UNAVAILABLE
IPC_DIAG receive org.alica.matrixprovidera c10 response [Object: null prototype] {
  kind: 'invoke',
  response: [Object: null prototype] {
    requestId: '2bd7fa77-26da-4281-96e0-8b8b32893460',
    result: [Object: null prototype] {
      error: [Object: null prototype],
      kind: 'error'
    }
  },
  wireId: 134217747
}
IPC_DIAG finish eacfe7ac50c54ce6c09f2de42fe606a2b69bddd0d0bbb7d65919d85e2038ae04 c10 complete
IPC_DIAG worker-retire 205788 c10 UNAVAILABLE
IPC_DIAG receive org.alica.matrixproviderb c6 response [Object: null prototype] {
  kind: 'invoke',
  response: [Object: null prototype] {
    requestId: '5a5f2a5d-fbd2-4eae-8b31-217b27099afb',
    result: [Object: null prototype] {
      error: [Object: null prototype],
      kind: 'error'
    }
  },
  wireId: 134217739
}
IPC_DIAG finish 9ac6c24729845c178df13fa32b109c7d616085a1ed802ec1ab34733e91ff197d c6 complete
IPC_DIAG worker-retire 205794 c6 UNAVAILABLE
IPC_DIAG receive org.alica.matrixprovidera c9 response [Object: null prototype] {
  kind: 'invoke',
  response: [Object: null prototype] {
    requestId: 'f87e4136-e669-4a0e-8ba2-368f68c5db27',
    result: [Object: null prototype] {
      error: [Object: null prototype],
      kind: 'error'
    }
  },
  wireId: 134217745
}
IPC_DIAG finish eacfe7ac50c54ce6c09f2de42fe606a2b69bddd0d0bbb7d65919d85e2038ae04 c9 complete
IPC_DIAG worker-retire 205788 c9 UNAVAILABLE
IPC_DIAG receive org.alica.matrixproviderb c5 response [Object: null prototype] {
  kind: 'invoke',
  response: [Object: null prototype] {
    requestId: '0269bdf2-da9b-4461-a69b-6567a3acbdc4',
    result: [Object: null prototype] {
      error: [Object: null prototype],
      kind: 'error'
    }
  },
  wireId: 134217737
}
IPC_DIAG finish 9ac6c24729845c178df13fa32b109c7d616085a1ed802ec1ab34733e91ff197d c5 complete
IPC_DIAG worker-retire 205794 c5 UNAVAILABLE
IPC_DIAG receive org.alica.matrixprovidera c8 response [Object: null prototype] {
  kind: 'invoke',
  response: [Object: null prototype] {
    requestId: '3da1e750-575c-428a-b3f1-7bc396a9b549',
    result: [Object: null prototype] {
      error: [Object: null prototype],
      kind: 'error'
    }
  },
  wireId: 134217743
}
IPC_DIAG finish eacfe7ac50c54ce6c09f2de42fe606a2b69bddd0d0bbb7d65919d85e2038ae04 c8 complete
IPC_DIAG worker-retire 205788 c8 UNAVAILABLE
IPC_DIAG receive org.alica.matrixproviderb c9 response [Object: null prototype] {
  kind: 'invoke',
  response: [Object: null prototype] {
    requestId: '50df0145-8d00-425b-90a6-ae2a89142c2e',
    result: [Object: null prototype] { kind: 'success', value: 'leaf' }
  },
  wireId: 134217745
}
IPC_DIAG finish 9ac6c24729845c178df13fa32b109c7d616085a1ed802ec1ab34733e91ff197d c9 complete
IPC_DIAG worker-retire 205794 c9 UNAVAILABLE
IPC_DIAG receive org.alica.matrixprovidera c12 request [Object: null prototype] {
  kind: 'bind',
  optional: true,
  requirementIndex: 0,
  scopeId: 'root',
  wireId: 134217748
}
IPC_DIAG receive org.alica.matrixprovidera c12 request [Object: null prototype] {
  call: [Object: null prototype] {
    capabilityId: 'org.alica.matrixb',
    deadlineMs: 1789722723480,
    descriptorDigest: 'sha256:f2194573d7164d46924aa549625e7139c5286fba31598324645b2c0f668607ac',
    operation: 'run',
    payload: 'wait',
    requestId: '95831a3c-7637-4d25-b182-203c84ac8e3c'
  },
  handleId: 'df984f20-a1a3-4a7c-8e47-f18d9d4f1347',
  kind: 'outbound',
  requestedMs: 4444,
  wireId: 134217743
}
IPC_DIAG receive org.alica.matrixproviderb c10 response [Object: null prototype] {
  kind: 'invoke',
  response: [Object: null prototype] {
    requestId: 'f2ada7d7-4c30-4ad2-b3af-b3d4c6d4ff8c',
    result: [Object: null prototype] { kind: 'success', value: '0:0:0' }
  },
  wireId: 134217747
}
IPC_DIAG finish 9ac6c24729845c178df13fa32b109c7d616085a1ed802ec1ab34733e91ff197d c10 complete
IPC_DIAG worker-retire 205794 c10 UNAVAILABLE
IPC_DIAG receive org.alica.matrixproviderb c12 response [Object: null prototype] {
  kind: 'invoke',
  response: [Object: null prototype] {
    requestId: 'b392c783-9298-49f2-b5e0-7b889c0eef07',
    result: [Object: null prototype] { kind: 'success', value: '1:0:0' }
  },
  wireId: 134217751
}
IPC_DIAG finish 9ac6c24729845c178df13fa32b109c7d616085a1ed802ec1ab34733e91ff197d c12 complete
IPC_DIAG worker-retire 205794 c12 UNAVAILABLE
IPC_DIAG finish eacfe7ac50c54ce6c09f2de42fe606a2b69bddd0d0bbb7d65919d85e2038ae04 c12 CANCELLED
IPC_DIAG worker-retire 205788 c12 UNAVAILABLE
IPC_DIAG finish 9ac6c24729845c178df13fa32b109c7d616085a1ed802ec1ab34733e91ff197d c11 CANCELLED
IPC_DIAG worker-retire 205794 c11 UNAVAILABLE
IPC_DIAG receive org.alica.matrixproviderb c13 response [Object: null prototype] {
  kind: 'invoke',
  response: [Object: null prototype] {
    requestId: 'd6f72107-0cd5-4b0b-bac5-ac5bb64472c1',
    result: [Object: null prototype] { kind: 'success', value: 'slow' }
  },
  wireId: 134217753
}
IPC_DIAG finish 9ac6c24729845c178df13fa32b109c7d616085a1ed802ec1ab34733e91ff197d c13 complete
IPC_DIAG worker-retire 205794 c13 UNAVAILABLE
IPC_DIAG receive org.alica.matrixproviderb c14 response [Object: null prototype] {
  kind: 'invoke',
  response: [Object: null prototype] {
    requestId: '6e91c388-b371-4fc2-bd86-e3a6b27763c2',
    result: [Object: null prototype] { kind: 'success', value: '1:1:0' }
  },
  wireId: 134217755
}
IPC_DIAG finish 9ac6c24729845c178df13fa32b109c7d616085a1ed802ec1ab34733e91ff197d c14 complete
IPC_DIAG worker-retire 205794 c14 UNAVAILABLE
IPC_DIAG receive org.alica.matrixprovidera c13 request [Object: null prototype] {
  kind: 'bind',
  optional: true,
  requirementIndex: 0,
  scopeId: 'root',
  wireId: 134217750
}
IPC_DIAG receive org.alica.matrixprovidera c13 request [Object: null prototype] {
  call: [Object: null prototype] {
    capabilityId: 'org.alica.matrixb',
    deadlineMs: 1789722719421,
    descriptorDigest: 'sha256:f2194573d7164d46924aa549625e7139c5286fba31598324645b2c0f668607ac',
    operation: 'run',
    payload: 'wait',
    requestId: 'e437cfad-08a0-4085-bec2-06b2d3881967'
  },
  handleId: '1bdaeb22-6b5b-4786-9a97-34a5638ad31b',
  kind: 'outbound',
  requestedMs: 10,
  wireId: 134217745
}
IPC_DIAG receive org.alica.matrixprovidera c13 response [Object: null prototype] {
  kind: 'invoke',
  response: [Object: null prototype] {
    requestId: '58af084d-9b04-486c-888b-7a9f0e0d35e9',
    result: [Object: null prototype] {
      error: [Object: null prototype],
      kind: 'error'
    }
  },
  wireId: 134217753
}
IPC_DIAG finish eacfe7ac50c54ce6c09f2de42fe606a2b69bddd0d0bbb7d65919d85e2038ae04 c13 complete
IPC_DIAG worker-retire 205788 c13 UNAVAILABLE
IPC_DIAG receive org.alica.matrixproviderb c15 response [Object: null prototype] {
  kind: 'invoke',
  response: [Object: null prototype] {
    requestId: '83e08c93-bf9f-4b45-9517-69c556ce597d',
    result: [Object: null prototype] { kind: 'success', value: 'slow' }
  },
  wireId: 134217757
}
IPC_DIAG finish 9ac6c24729845c178df13fa32b109c7d616085a1ed802ec1ab34733e91ff197d c15 complete
IPC_DIAG worker-retire 205794 c15 UNAVAILABLE
IPC_DIAG deadline passed
IPC_DIAG receive org.alica.matrixproviderb c16 response [Object: null prototype] {
  kind: 'invoke',
  response: [Object: null prototype] {
    requestId: '2ba08423-db55-48d5-88b3-da9d274b0058',
    result: [Object: null prototype] { kind: 'success', value: '1:1:0' }
  },
  wireId: 134217759
}
IPC_DIAG finish 9ac6c24729845c178df13fa32b109c7d616085a1ed802ec1ab34733e91ff197d c16 complete
IPC_DIAG worker-retire 205794 c16 UNAVAILABLE
IPC_DIAG assertion revoke line169
IPC_DIAG receive org.alica.matrixprovidera c14 request [Object: null prototype] {
  kind: 'bind',
  optional: true,
  requirementIndex: 0,
  scopeId: 'root',
  wireId: 134217752
}
IPC_DIAG receive org.alica.matrixproviderb c17 response [Object: null prototype] {
  kind: 'invoke',
  response: [Object: null prototype] {
    requestId: '825fefea-ae28-466e-bf47-7521e932eba5',
    result: [Object: null prototype] { kind: 'success', value: '1:1:0' }
  },
  wireId: 134217761
}
IPC_DIAG finish 9ac6c24729845c178df13fa32b109c7d616085a1ed802ec1ab34733e91ff197d c17 complete
IPC_DIAG worker-retire 205794 c17 UNAVAILABLE
IPC_DIAG receive org.alica.matrixprovidera c14 request [Object: null prototype] {
  call: [Object: null prototype] {
    capabilityId: 'org.alica.matrixb',
    deadlineMs: 1789722724092,
    descriptorDigest: 'sha256:f2194573d7164d46924aa549625e7139c5286fba31598324645b2c0f668607ac',
    operation: 'run',
    payload: 'wait',
    requestId: '6e04aa99-572a-4fcd-973a-f587a7a3c97e'
  },
  handleId: 'ee8ef5ef-332d-4aff-941e-5e7771a83a0a',
  kind: 'outbound',
  requestedMs: 4444,
  wireId: 134217747
}
IPC_DIAG receive org.alica.matrixproviderb c19 response [Object: null prototype] {
  kind: 'invoke',
  response: [Object: null prototype] {
    requestId: 'c7abddae-0e54-4b1c-a894-434bf163e2a5',
    result: [Object: null prototype] { kind: 'success', value: '2:1:0' }
  },
  wireId: 134217765
}
IPC_DIAG finish 9ac6c24729845c178df13fa32b109c7d616085a1ed802ec1ab34733e91ff197d c19 complete
IPC_DIAG worker-retire 205794 c19 UNAVAILABLE
IPC_DIAG finish 9ac6c24729845c178df13fa32b109c7d616085a1ed802ec1ab34733e91ff197d c18 CANCELLED
IPC_DIAG worker-retire 205794 c18 UNAVAILABLE
IPC_DIAG receive org.alica.matrixprovidera c14 response [Object: null prototype] {
  kind: 'invoke',
  response: [Object: null prototype] {
    requestId: '8a11d852-ca27-47e7-bb92-7b35bada87fe',
    result: [Object: null prototype] {
      error: [Object: null prototype],
      kind: 'error'
    }
  },
  wireId: 134217755
}
IPC_DIAG finish eacfe7ac50c54ce6c09f2de42fe606a2b69bddd0d0bbb7d65919d85e2038ae04 c14 complete
IPC_DIAG revoke passed
IPC_DIAG worker-retire 205788 c14 UNAVAILABLE
IPC_DIAG receive org.alica.matrixproviderb c20 response [Object: null prototype] {
  kind: 'invoke',
  response: [Object: null prototype] {
    requestId: 'aa89e650-3d6d-4840-96b6-604425fe6a2b',
    result: [Object: null prototype] { kind: 'success', value: 'slow' }
  },
  wireId: 134217767
}
IPC_DIAG finish 9ac6c24729845c178df13fa32b109c7d616085a1ed802ec1ab34733e91ff197d c20 complete
IPC_DIAG worker-retire 205794 c20 UNAVAILABLE
IPC_DIAG receive org.alica.matrixprovidera c15 response [Object: null prototype] {
  kind: 'invoke',
  response: [Object: null prototype] {
    requestId: '6ebffd08-990a-4517-8260-43401af22827',
    result: [Object: null prototype] { kind: 'success', value: '1' }
  },
  wireId: 134217757
}
IPC_DIAG finish eacfe7ac50c54ce6c09f2de42fe606a2b69bddd0d0bbb7d65919d85e2038ae04 c15 complete
IPC_DIAG worker-retire 205788 c15 UNAVAILABLE
IPC_DIAG receive org.alica.matrixprovidera c16 response [Object: null prototype] { kind: 'quiesced', wireId: 134217759 }
IPC_DIAG finish eacfe7ac50c54ce6c09f2de42fe606a2b69bddd0d0bbb7d65919d85e2038ae04 c16 complete
IPC_DIAG worker-retire 205788 c16 UNAVAILABLE
IPC_DIAG receive org.alica.matrixprovidera c17 response [Object: null prototype] {
  kind: 'disposed',
  report: [Object: null prototype] {
    completedDisposers: 0,
    failedDisposers: [],
    restartRequired: false,
    state: 'DISPOSED',
    timedOutResources: 0
  },
  wireId: 134217761
}
IPC_DIAG finish eacfe7ac50c54ce6c09f2de42fe606a2b69bddd0d0bbb7d65919d85e2038ae04 c17 complete
IPC_DIAG fail org.alica.matrixprovidera Error
    at PhysicalSession.fail (file:///home/alica-dev/AlicaV2/packages/kernel/dist/g6/session.js:451:70)
    at file:///home/alica-dev/AlicaV2/packages/kernel/dist/g6/session.js:517:22
    at process.processTicksAndRejections (node:internal/process/task_queues:104:5)
    at async HostIPC.shutdown (file:///home/alica-dev/AlicaV2/packages/kernel/dist/g6/host-adapter.js:232:13)
    at async file:///home/alica-dev/AlicaV2/packages/kernel/dist/index.js:1280:21
    at async consumer (file:///home/alica-dev/AlicaV2/tests/ipc/qualification-consumer.test.mjs:191:3)
    at async TestContext.<anonymous> (file:///home/alica-dev/AlicaV2/tests/ipc/qualification-consumer.test.mjs:213:7)
    at async Test.run (node:internal/test_runner/test:1409:7)
    at async Test.processPendingSubtests (node:internal/test_runner/test:974:7)
IPC_DIAG worker-retire 205788 c17 UNAVAILABLE
IPC_DIAG worker-fail 205788 PeerClosed [AcapError]: UNAVAILABLE
    at NativeStream.receive (file:///home/alica-dev/AlicaV2/packages/kernel/dist/g6/stream.js:119:23)
    at WorkerTransport.pump (file:///home/alica-dev/AlicaV2/packages/kernel/dist/g6/worker-transport.js:114:40)
    at Timeout._onTimeout (file:///home/alica-dev/AlicaV2/packages/kernel/dist/g6/worker-transport.js:67:22)
    at listOnTimeout (node:internal/timers:685:17)
    at process.processTimers (node:internal/timers:618:7) {
  code: 'UNAVAILABLE',
  correlationId: '1d6a8b6d-4579-4211-a8fb-b2de91ed54c6',
  retryable: false
} Error
    at WorkerTransport.fail (file:///home/alica-dev/AlicaV2/packages/kernel/dist/g6/worker-transport.js:251:67)
    at Timeout._onTimeout (file:///home/alica-dev/AlicaV2/packages/kernel/dist/g6/worker-transport.js:70:22)
    at listOnTimeout (node:internal/timers:685:17)
    at process.processTimers (node:internal/timers:618:7)
IPC_DIAG dead org.alica.matrixprovidera 1 null
IPC_DIAG receive org.alica.matrixproviderb c21 response [Object: null prototype] {
  kind: 'invoke',
  response: [Object: null prototype] {
    requestId: 'a455adbc-bafa-4ca7-b544-11d2dd9096b2',
    result: [Object: null prototype] { kind: 'success', value: 'leaf' }
  },
  wireId: 134217769
}
IPC_DIAG finish 9ac6c24729845c178df13fa32b109c7d616085a1ed802ec1ab34733e91ff197d c21 complete
IPC_DIAG worker-retire 205794 c21 UNAVAILABLE
IPC_DIAG receive org.alica.matrixproviderb c22 response [Object: null prototype] { kind: 'quiesced', wireId: 134217771 }
IPC_DIAG finish 9ac6c24729845c178df13fa32b109c7d616085a1ed802ec1ab34733e91ff197d c22 complete
IPC_DIAG worker-retire 205794 c22 UNAVAILABLE
IPC_DIAG receive org.alica.matrixproviderb c23 response [Object: null prototype] {
  kind: 'disposed',
  report: [Object: null prototype] {
    completedDisposers: 0,
    failedDisposers: [],
    restartRequired: false,
    state: 'DISPOSED',
    timedOutResources: 0
  },
  wireId: 134217773
}
IPC_DIAG finish 9ac6c24729845c178df13fa32b109c7d616085a1ed802ec1ab34733e91ff197d c23 complete
IPC_DIAG fail org.alica.matrixproviderb Error
    at PhysicalSession.fail (file:///home/alica-dev/AlicaV2/packages/kernel/dist/g6/session.js:451:70)
    at file:///home/alica-dev/AlicaV2/packages/kernel/dist/g6/session.js:517:22
    at process.processTicksAndRejections (node:internal/process/task_queues:104:5)
    at async HostIPC.shutdown (file:///home/alica-dev/AlicaV2/packages/kernel/dist/g6/host-adapter.js:232:13)
    at async file:///home/alica-dev/AlicaV2/packages/kernel/dist/index.js:1280:21
    at async Host.closeScope (file:///home/alica-dev/AlicaV2/packages/kernel/dist/index.js:1342:21)
    at async Host.shutdown (file:///home/alica-dev/AlicaV2/packages/kernel/dist/index.js:1426:9)
    at async TestContext.stop (file:///home/alica-dev/AlicaV2/tools/g3-fixtures.mjs:218:5)
    at async TestHook.run (node:internal/test_runner/test:1409:7)
    at async Test.runHook (node:internal/test_runner/test:1289:9)
IPC_DIAG worker-fail 205794 PeerClosed [AcapError]: UNAVAILABLE
    at NativeStream.receive (file:///home/alica-dev/AlicaV2/packages/kernel/dist/g6/stream.js:119:23)
    at WorkerTransport.pump (file:///home/alica-dev/AlicaV2/packages/kernel/dist/g6/worker-transport.js:114:40)
    at Timeout._onTimeout (file:///home/alica-dev/AlicaV2/packages/kernel/dist/g6/worker-transport.js:67:22)
    at listOnTimeout (node:internal/timers:685:17)
    at process.processTimers (node:internal/timers:618:7) {
  code: 'UNAVAILABLE',
  correlationId: '88f43450-0bdb-4489-94be-1d85b5cda81a',
  retryable: false
} Error
    at WorkerTransport.fail (file:///home/alica-dev/AlicaV2/packages/kernel/dist/g6/worker-transport.js:251:67)
    at Timeout._onTimeout (file:///home/alica-dev/AlicaV2/packages/kernel/dist/g6/worker-transport.js:70:22)
    at listOnTimeout (node:internal/timers:685:17)
    at process.processTimers (node:internal/timers:618:7)
IPC_DIAG worker-retire 205794 c23 UNAVAILABLE
IPC_DIAG dead org.alica.matrixproviderb 1 null
✔ same-source matrix consumer ipc: ancestry, authority and live sibling independence (3966.140439ms)
ℹ {"consumerSHA256":"08d5ac0a053a0be9c317c179dd704e90fba78b9e8585244b4c3973e79b0e8f95","providerASHA256":"9746fbf0ad5898e51a35a6209e80d09aedbe2126817a97da831192fc9244449d","providerBSHA256":"a82f9788b6336be98163ce077838f99a7e2a60bad4c58fc78054f110a62a9179"}
ℹ tests 2
ℹ suites 0
ℹ pass 2
ℹ fail 0
ℹ cancelled 0
ℹ skipped 0
ℹ todo 0
ℹ duration_ms 5379.813494
SAMPLE_EXIT 0
DIAGNOSTIC_SAMPLE 7
IPC_DIAG assertion initial-deny line120
IPC_DIAG initial-deny passed
(node:205809) ExperimentalWarning: VM Modules is an experimental feature and might change at any time
(Use `node --trace-warnings ...` to show where the warning was created)
IPC_DIAG deadline passed
IPC_DIAG assertion revoke line169
IPC_DIAG revoke passed
✔ same-source matrix consumer inproc: ancestry, authority and live sibling independence (1152.732205ms)
ℹ {"consumerSHA256":"08d5ac0a053a0be9c317c179dd704e90fba78b9e8585244b4c3973e79b0e8f95","providerASHA256":"9746fbf0ad5898e51a35a6209e80d09aedbe2126817a97da831192fc9244449d","providerBSHA256":"a82f9788b6336be98163ce077838f99a7e2a60bad4c58fc78054f110a62a9179"}
(node:205819) ExperimentalWarning: VM Modules is an experimental feature and might change at any time
(Use `node --trace-warnings ...` to show where the warning was created)
IPC_DIAG receive org.alica.matrixprovidera c1 request [Object: null prototype] {
  capabilityId: 'org.alica.matrixa',
  descriptorDigest: 'sha256:567c3c109971c611cdc932f189e75194252519c2f7766f27c8bbecb2b178f1fa',
  kind: 'register',
  scopeId: 'root',
  wireId: 134217730
}
IPC_DIAG receive org.alica.matrixprovidera c1 response [Object: null prototype] { kind: 'activated', wireId: 134217729 }
IPC_DIAG finish 2e72b7a422d83f5ff79db84d6ded6d271ac3b84761c98c4752486c5b411192c2 c1 complete
IPC_DIAG worker-retire 205819 c1 UNAVAILABLE
(node:205827) ExperimentalWarning: VM Modules is an experimental feature and might change at any time
(Use `node --trace-warnings ...` to show where the warning was created)
IPC_DIAG receive org.alica.matrixproviderb c1 request [Object: null prototype] {
  capabilityId: 'org.alica.matrixb',
  descriptorDigest: 'sha256:f2194573d7164d46924aa549625e7139c5286fba31598324645b2c0f668607ac',
  kind: 'register',
  scopeId: 'root',
  wireId: 134217730
}
IPC_DIAG receive org.alica.matrixproviderb c1 response [Object: null prototype] { kind: 'activated', wireId: 134217729 }
IPC_DIAG finish d50fed2e333bdc979f28f50d1c15fedef2d44ee9ca6957d9e27f6c5976898c5b c1 complete
IPC_DIAG worker-retire 205827 c1 UNAVAILABLE
IPC_DIAG assertion initial-deny line120
IPC_DIAG receive org.alica.matrixprovidera c2 request [Object: null prototype] {
  kind: 'bind',
  optional: true,
  requirementIndex: 0,
  scopeId: 'root',
  wireId: 134217732
}
IPC_DIAG receive org.alica.matrixprovidera c2 response [Object: null prototype] {
  kind: 'invoke',
  response: [Object: null prototype] {
    requestId: '801c2f91-52b8-4e80-a2cd-0669ac4b5c82',
    result: [Object: null prototype] {
      error: [Object: null prototype],
      kind: 'error'
    }
  },
  wireId: 134217731
}
IPC_DIAG finish 2e72b7a422d83f5ff79db84d6ded6d271ac3b84761c98c4752486c5b411192c2 c2 complete
IPC_DIAG initial-deny passed
IPC_DIAG worker-retire 205819 c2 UNAVAILABLE
IPC_DIAG receive org.alica.matrixprovidera c3 request [Object: null prototype] {
  kind: 'bind',
  optional: true,
  requirementIndex: 0,
  scopeId: 'root',
  wireId: 134217734
}
IPC_DIAG receive org.alica.matrixprovidera c3 request [Object: null prototype] {
  call: [Object: null prototype] {
    capabilityId: 'org.alica.matrixb',
    deadlineMs: 1789722727329,
    descriptorDigest: 'sha256:f2194573d7164d46924aa549625e7139c5286fba31598324645b2c0f668607ac',
    operation: 'run',
    payload: 'nest:1',
    requestId: '34cfda39-8339-4aba-8514-4392668db128'
  },
  handleId: '31651693-39c3-4d19-a245-abc1f04d3e3c',
  kind: 'outbound',
  requestedMs: 4457,
  wireId: 134217729
}
IPC_DIAG receive org.alica.matrixproviderb c2 request [Object: null prototype] {
  kind: 'bind',
  optional: true,
  requirementIndex: 0,
  scopeId: 'root',
  wireId: 134217732
}
IPC_DIAG receive org.alica.matrixproviderb c2 request [Object: null prototype] {
  call: [Object: null prototype] {
    capabilityId: 'org.alica.matrixa',
    deadlineMs: 1789722727329,
    descriptorDigest: 'sha256:567c3c109971c611cdc932f189e75194252519c2f7766f27c8bbecb2b178f1fa',
    operation: 'run',
    payload: 'nest:0',
    requestId: '748f7dcb-ce28-48ea-bd7d-bfd60fd277a3'
  },
  handleId: '316d1624-1c6c-4352-bdde-bb53fbc9b478',
  kind: 'outbound',
  requestedMs: 4393,
  wireId: 134217729
}
IPC_DIAG receive org.alica.matrixprovidera c4 response [Object: null prototype] {
  kind: 'invoke',
  response: [Object: null prototype] {
    requestId: '7888b969-02ae-4191-8e1c-ce4149ddb773',
    result: [Object: null prototype] { kind: 'success', value: 'leaf' }
  },
  wireId: 134217735
}
IPC_DIAG finish 2e72b7a422d83f5ff79db84d6ded6d271ac3b84761c98c4752486c5b411192c2 c4 complete
IPC_DIAG worker-retire 205819 c4 UNAVAILABLE
IPC_DIAG receive org.alica.matrixproviderb c2 response [Object: null prototype] {
  kind: 'invoke',
  response: [Object: null prototype] {
    requestId: '3ca2d4ec-bed7-47be-9dd9-fae724aa0cb3',
    result: [Object: null prototype] { kind: 'success', value: 'leaf' }
  },
  wireId: 134217731
}
IPC_DIAG finish d50fed2e333bdc979f28f50d1c15fedef2d44ee9ca6957d9e27f6c5976898c5b c2 complete
IPC_DIAG worker-retire 205827 c2 UNAVAILABLE
IPC_DIAG receive org.alica.matrixprovidera c3 response [Object: null prototype] {
  kind: 'invoke',
  response: [Object: null prototype] {
    requestId: '5aad0c1c-d44f-427f-9e96-deddd968561e',
    result: [Object: null prototype] { kind: 'success', value: 'leaf' }
  },
  wireId: 134217733
}
IPC_DIAG finish 2e72b7a422d83f5ff79db84d6ded6d271ac3b84761c98c4752486c5b411192c2 c3 complete
IPC_DIAG worker-retire 205819 c3 UNAVAILABLE
IPC_DIAG receive org.alica.matrixprovidera c5 request [Object: null prototype] {
  kind: 'bind',
  optional: true,
  requirementIndex: 0,
  scopeId: 'root',
  wireId: 134217736
}
IPC_DIAG receive org.alica.matrixprovidera c5 request [Object: null prototype] {
  call: [Object: null prototype] {
    capabilityId: 'org.alica.matrixb',
    deadlineMs: 1789722727531,
    descriptorDigest: 'sha256:f2194573d7164d46924aa549625e7139c5286fba31598324645b2c0f668607ac',
    operation: 'run',
    payload: 'nest:3',
    requestId: '6298672c-396d-4f48-b647-50f6815b6e1a'
  },
  handleId: 'aaa3d12c-bbf2-449b-971b-babf740ac4d2',
  kind: 'outbound',
  requestedMs: 4450,
  wireId: 134217731
}
IPC_DIAG receive org.alica.matrixproviderb c3 request [Object: null prototype] {
  kind: 'bind',
  optional: true,
  requirementIndex: 0,
  scopeId: 'root',
  wireId: 134217734
}
IPC_DIAG receive org.alica.matrixproviderb c3 request [Object: null prototype] {
  call: [Object: null prototype] {
    capabilityId: 'org.alica.matrixa',
    deadlineMs: 1789722727531,
    descriptorDigest: 'sha256:567c3c109971c611cdc932f189e75194252519c2f7766f27c8bbecb2b178f1fa',
    operation: 'run',
    payload: 'nest:2',
    requestId: '0ab7b859-7add-443d-95ff-fa5d5d6664cf'
  },
  handleId: '0ec3b58a-a5c4-4af6-a64d-cf5c2e33f704',
  kind: 'outbound',
  requestedMs: 4385,
  wireId: 134217731
}
IPC_DIAG receive org.alica.matrixprovidera c6 request [Object: null prototype] {
  kind: 'bind',
  optional: true,
  requirementIndex: 0,
  scopeId: 'root',
  wireId: 134217738
}
IPC_DIAG receive org.alica.matrixprovidera c6 request [Object: null prototype] {
  call: [Object: null prototype] {
    capabilityId: 'org.alica.matrixb',
    deadlineMs: 1789722727531,
    descriptorDigest: 'sha256:f2194573d7164d46924aa549625e7139c5286fba31598324645b2c0f668607ac',
    operation: 'run',
    payload: 'nest:1',
    requestId: 'f95fcfe9-7c05-4462-9f0d-b60d8186ab0e'
  },
  handleId: '0d32f2ef-e088-4d7b-bffc-33279149810f',
  kind: 'outbound',
  requestedMs: 4311,
  wireId: 134217733
}
IPC_DIAG receive org.alica.matrixproviderb c4 request [Object: null prototype] {
  kind: 'bind',
  optional: true,
  requirementIndex: 0,
  scopeId: 'root',
  wireId: 134217736
}
IPC_DIAG receive org.alica.matrixproviderb c4 request [Object: null prototype] {
  call: [Object: null prototype] {
    capabilityId: 'org.alica.matrixa',
    deadlineMs: 1789722727531,
    descriptorDigest: 'sha256:567c3c109971c611cdc932f189e75194252519c2f7766f27c8bbecb2b178f1fa',
    operation: 'run',
    payload: 'nest:0',
    requestId: 'a47e0b46-ca2b-420f-86ac-3a58611b0dc5'
  },
  handleId: 'c801c470-25bd-4306-9087-7c0e2d3f3a2f',
  kind: 'outbound',
  requestedMs: 4220,
  wireId: 134217733
}
IPC_DIAG receive org.alica.matrixprovidera c7 response [Object: null prototype] {
  kind: 'invoke',
  response: [Object: null prototype] {
    requestId: 'ec4d0ae9-b5f1-4d43-94ff-e983f390dc35',
    result: [Object: null prototype] { kind: 'success', value: 'leaf' }
  },
  wireId: 134217741
}
IPC_DIAG finish 2e72b7a422d83f5ff79db84d6ded6d271ac3b84761c98c4752486c5b411192c2 c7 complete
IPC_DIAG worker-retire 205819 c7 UNAVAILABLE
IPC_DIAG receive org.alica.matrixproviderb c4 response [Object: null prototype] {
  kind: 'invoke',
  response: [Object: null prototype] {
    requestId: '8d995fea-5f61-480c-82d6-6e58607865da',
    result: [Object: null prototype] { kind: 'success', value: 'leaf' }
  },
  wireId: 134217735
}
IPC_DIAG finish d50fed2e333bdc979f28f50d1c15fedef2d44ee9ca6957d9e27f6c5976898c5b c4 complete
IPC_DIAG worker-retire 205827 c4 UNAVAILABLE
IPC_DIAG receive org.alica.matrixprovidera c6 response [Object: null prototype] {
  kind: 'invoke',
  response: [Object: null prototype] {
    requestId: '174ea624-d51d-4a72-9634-b8b3f4a8134b',
    result: [Object: null prototype] { kind: 'success', value: 'leaf' }
  },
  wireId: 134217739
}
IPC_DIAG finish 2e72b7a422d83f5ff79db84d6ded6d271ac3b84761c98c4752486c5b411192c2 c6 complete
IPC_DIAG worker-retire 205819 c6 UNAVAILABLE
IPC_DIAG receive org.alica.matrixproviderb c3 response [Object: null prototype] {
  kind: 'invoke',
  response: [Object: null prototype] {
    requestId: 'd1669cab-9754-4f23-8e06-6312bb97e7c1',
    result: [Object: null prototype] { kind: 'success', value: 'leaf' }
  },
  wireId: 134217733
}
IPC_DIAG finish d50fed2e333bdc979f28f50d1c15fedef2d44ee9ca6957d9e27f6c5976898c5b c3 complete
IPC_DIAG worker-retire 205827 c3 UNAVAILABLE
IPC_DIAG receive org.alica.matrixprovidera c5 response [Object: null prototype] {
  kind: 'invoke',
  response: [Object: null prototype] {
    requestId: 'ef314534-3784-4c48-b909-b07b7e87ba46',
    result: [Object: null prototype] { kind: 'success', value: 'leaf' }
  },
  wireId: 134217737
}
IPC_DIAG finish 2e72b7a422d83f5ff79db84d6ded6d271ac3b84761c98c4752486c5b411192c2 c5 complete
IPC_DIAG worker-retire 205819 c5 UNAVAILABLE
IPC_DIAG receive org.alica.matrixprovidera c8 request [Object: null prototype] {
  kind: 'bind',
  optional: true,
  requirementIndex: 0,
  scopeId: 'root',
  wireId: 134217740
}
IPC_DIAG receive org.alica.matrixprovidera c8 request [Object: null prototype] {
  call: [Object: null prototype] {
    capabilityId: 'org.alica.matrixb',
    deadlineMs: 1789722727958,
    descriptorDigest: 'sha256:f2194573d7164d46924aa549625e7139c5286fba31598324645b2c0f668607ac',
    operation: 'run',
    payload: 'nest:23',
    requestId: '1c7ac373-9328-4fe5-96bf-2326da068bbd'
  },
  handleId: '53e0927f-f727-4aed-9493-68a546f424a3',
  kind: 'outbound',
  requestedMs: 4455,
  wireId: 134217735
}
IPC_DIAG receive org.alica.matrixproviderb c5 request [Object: null prototype] {
  kind: 'bind',
  optional: true,
  requirementIndex: 0,
  scopeId: 'root',
  wireId: 134217738
}
IPC_DIAG receive org.alica.matrixproviderb c5 request [Object: null prototype] {
  call: [Object: null prototype] {
    capabilityId: 'org.alica.matrixa',
    deadlineMs: 1789722727958,
    descriptorDigest: 'sha256:567c3c109971c611cdc932f189e75194252519c2f7766f27c8bbecb2b178f1fa',
    operation: 'run',
    payload: 'nest:22',
    requestId: '20b52b2c-c809-4c33-b34b-a2eff89889a8'
  },
  handleId: 'e1eb2a13-c70f-4953-b90c-0a3db27bb9c7',
  kind: 'outbound',
  requestedMs: 4388,
  wireId: 134217735
}
IPC_DIAG receive org.alica.matrixprovidera c9 request [Object: null prototype] {
  kind: 'bind',
  optional: true,
  requirementIndex: 0,
  scopeId: 'root',
  wireId: 134217742
}
IPC_DIAG receive org.alica.matrixprovidera c9 request [Object: null prototype] {
  call: [Object: null prototype] {
    capabilityId: 'org.alica.matrixb',
    deadlineMs: 1789722727958,
    descriptorDigest: 'sha256:f2194573d7164d46924aa549625e7139c5286fba31598324645b2c0f668607ac',
    operation: 'run',
    payload: 'nest:21',
    requestId: 'dd808a74-d5b5-4452-be11-491bb4d19073'
  },
  handleId: '6e837179-9a63-4b91-bb42-4d5df287d5b4',
  kind: 'outbound',
  requestedMs: 4308,
  wireId: 134217737
}
IPC_DIAG receive org.alica.matrixproviderb c6 request [Object: null prototype] {
  kind: 'bind',
  optional: true,
  requirementIndex: 0,
  scopeId: 'root',
  wireId: 134217740
}
IPC_DIAG receive org.alica.matrixproviderb c6 request [Object: null prototype] {
  call: [Object: null prototype] {
    capabilityId: 'org.alica.matrixa',
    deadlineMs: 1789722727958,
    descriptorDigest: 'sha256:567c3c109971c611cdc932f189e75194252519c2f7766f27c8bbecb2b178f1fa',
    operation: 'run',
    payload: 'nest:20',
    requestId: '183919b6-b0fa-480c-808c-24bfde6edfe9'
  },
  handleId: '98deaa24-976d-48a6-9152-fb820f1c20d9',
  kind: 'outbound',
  requestedMs: 4217,
  wireId: 134217737
}
IPC_DIAG receive org.alica.matrixprovidera c10 request [Object: null prototype] {
  kind: 'bind',
  optional: true,
  requirementIndex: 0,
  scopeId: 'root',
  wireId: 134217744
}
IPC_DIAG receive org.alica.matrixprovidera c10 request [Object: null prototype] {
  call: [Object: null prototype] {
    capabilityId: 'org.alica.matrixb',
    deadlineMs: 1789722727958,
    descriptorDigest: 'sha256:f2194573d7164d46924aa549625e7139c5286fba31598324645b2c0f668607ac',
    operation: 'run',
    payload: 'nest:19',
    requestId: '4a6848d8-a50f-4ac2-886d-c8bd0a3c5419'
  },
  handleId: 'fd0ee734-279d-456d-ae94-4152cb3a5007',
  kind: 'outbound',
  requestedMs: 4117,
  wireId: 134217739
}
IPC_DIAG receive org.alica.matrixproviderb c7 request [Object: null prototype] {
  kind: 'bind',
  optional: true,
  requirementIndex: 0,
  scopeId: 'root',
  wireId: 134217742
}
IPC_DIAG receive org.alica.matrixproviderb c7 request [Object: null prototype] {
  call: [Object: null prototype] {
    capabilityId: 'org.alica.matrixa',
    deadlineMs: 1789722727958,
    descriptorDigest: 'sha256:567c3c109971c611cdc932f189e75194252519c2f7766f27c8bbecb2b178f1fa',
    operation: 'run',
    payload: 'nest:18',
    requestId: '336cb42b-fd2a-4ac8-b1f2-d532a4f710a5'
  },
  handleId: '29a19286-339d-47e2-8e90-3782637f55e4',
  kind: 'outbound',
  requestedMs: 4008,
  wireId: 134217739
}
IPC_DIAG receive org.alica.matrixprovidera c11 request [Object: null prototype] {
  kind: 'bind',
  optional: true,
  requirementIndex: 0,
  scopeId: 'root',
  wireId: 134217746
}
IPC_DIAG receive org.alica.matrixprovidera c11 request [Object: null prototype] {
  call: [Object: null prototype] {
    capabilityId: 'org.alica.matrixb',
    deadlineMs: 1789722727958,
    descriptorDigest: 'sha256:f2194573d7164d46924aa549625e7139c5286fba31598324645b2c0f668607ac',
    operation: 'run',
    payload: 'nest:17',
    requestId: '177a595e-0f27-4cb6-9228-b46ffafcbe8f'
  },
  handleId: '5f1a3194-fef0-4759-98d1-45ca6cb2e328',
  kind: 'outbound',
  requestedMs: 3878,
  wireId: 134217741
}
IPC_DIAG receive org.alica.matrixproviderb c8 request [Object: null prototype] {
  kind: 'bind',
  optional: true,
  requirementIndex: 0,
  scopeId: 'root',
  wireId: 134217744
}
IPC_DIAG receive org.alica.matrixproviderb c8 request [Object: null prototype] {
  call: [Object: null prototype] {
    capabilityId: 'org.alica.matrixa',
    deadlineMs: 1789722727958,
    descriptorDigest: 'sha256:567c3c109971c611cdc932f189e75194252519c2f7766f27c8bbecb2b178f1fa',
    operation: 'run',
    payload: 'nest:16',
    requestId: 'b5712d2c-be64-4d9d-9ffa-e2d0ff3db27c'
  },
  handleId: '75c03719-0ffb-4460-b16d-d5566ce6bf74',
  kind: 'outbound',
  requestedMs: 3732,
  wireId: 134217741
}
IPC_DIAG receive org.alica.matrixproviderb c8 response [Object: null prototype] {
  kind: 'invoke',
  response: [Object: null prototype] {
    requestId: '9e6ee8e8-ab60-4286-940d-543ded1996b2',
    result: [Object: null prototype] {
      error: [Object: null prototype],
      kind: 'error'
    }
  },
  wireId: 134217743
}
IPC_DIAG finish d50fed2e333bdc979f28f50d1c15fedef2d44ee9ca6957d9e27f6c5976898c5b c8 complete
IPC_DIAG worker-retire 205827 c8 UNAVAILABLE
IPC_DIAG receive org.alica.matrixprovidera c11 response [Object: null prototype] {
  kind: 'invoke',
  response: [Object: null prototype] {
    requestId: '673fd07c-7950-4cfe-a062-4a42053b1d2b',
    result: [Object: null prototype] {
      error: [Object: null prototype],
      kind: 'error'
    }
  },
  wireId: 134217749
}
IPC_DIAG finish 2e72b7a422d83f5ff79db84d6ded6d271ac3b84761c98c4752486c5b411192c2 c11 complete
IPC_DIAG worker-retire 205819 c11 UNAVAILABLE
IPC_DIAG receive org.alica.matrixproviderb c7 response [Object: null prototype] {
  kind: 'invoke',
  response: [Object: null prototype] {
    requestId: 'cd866065-266b-4590-92fa-bc7164d4a568',
    result: [Object: null prototype] {
      error: [Object: null prototype],
      kind: 'error'
    }
  },
  wireId: 134217741
}
IPC_DIAG finish d50fed2e333bdc979f28f50d1c15fedef2d44ee9ca6957d9e27f6c5976898c5b c7 complete
IPC_DIAG worker-retire 205827 c7 UNAVAILABLE
IPC_DIAG receive org.alica.matrixprovidera c10 response [Object: null prototype] {
  kind: 'invoke',
  response: [Object: null prototype] {
    requestId: '5cf65964-25ef-4893-8f20-f50396ee80ae',
    result: [Object: null prototype] {
      error: [Object: null prototype],
      kind: 'error'
    }
  },
  wireId: 134217747
}
IPC_DIAG finish 2e72b7a422d83f5ff79db84d6ded6d271ac3b84761c98c4752486c5b411192c2 c10 complete
IPC_DIAG worker-retire 205819 c10 UNAVAILABLE
IPC_DIAG receive org.alica.matrixproviderb c6 response [Object: null prototype] {
  kind: 'invoke',
  response: [Object: null prototype] {
    requestId: '55a632ab-575a-4bb5-989a-91aee4bc60c3',
    result: [Object: null prototype] {
      error: [Object: null prototype],
      kind: 'error'
    }
  },
  wireId: 134217739
}
IPC_DIAG finish d50fed2e333bdc979f28f50d1c15fedef2d44ee9ca6957d9e27f6c5976898c5b c6 complete
IPC_DIAG worker-retire 205827 c6 UNAVAILABLE
IPC_DIAG receive org.alica.matrixprovidera c9 response [Object: null prototype] {
  kind: 'invoke',
  response: [Object: null prototype] {
    requestId: '25a614d6-6690-4235-a0a6-9466e28c89fd',
    result: [Object: null prototype] {
      error: [Object: null prototype],
      kind: 'error'
    }
  },
  wireId: 134217745
}
IPC_DIAG finish 2e72b7a422d83f5ff79db84d6ded6d271ac3b84761c98c4752486c5b411192c2 c9 complete
IPC_DIAG worker-retire 205819 c9 UNAVAILABLE
IPC_DIAG receive org.alica.matrixproviderb c5 response [Object: null prototype] {
  kind: 'invoke',
  response: [Object: null prototype] {
    requestId: '2784ae67-4e3f-487b-bda8-904489287a85',
    result: [Object: null prototype] {
      error: [Object: null prototype],
      kind: 'error'
    }
  },
  wireId: 134217737
}
IPC_DIAG finish d50fed2e333bdc979f28f50d1c15fedef2d44ee9ca6957d9e27f6c5976898c5b c5 complete
IPC_DIAG worker-retire 205827 c5 UNAVAILABLE
IPC_DIAG receive org.alica.matrixprovidera c8 response [Object: null prototype] {
  kind: 'invoke',
  response: [Object: null prototype] {
    requestId: '72f5dbd7-66c9-4097-98f1-479d2791803b',
    result: [Object: null prototype] {
      error: [Object: null prototype],
      kind: 'error'
    }
  },
  wireId: 134217743
}
IPC_DIAG finish 2e72b7a422d83f5ff79db84d6ded6d271ac3b84761c98c4752486c5b411192c2 c8 complete
IPC_DIAG worker-retire 205819 c8 UNAVAILABLE
IPC_DIAG receive org.alica.matrixproviderb c9 response [Object: null prototype] {
  kind: 'invoke',
  response: [Object: null prototype] {
    requestId: '1aaa342b-b9ad-4ed0-b859-e7bd7e1fb728',
    result: [Object: null prototype] { kind: 'success', value: 'leaf' }
  },
  wireId: 134217745
}
IPC_DIAG finish d50fed2e333bdc979f28f50d1c15fedef2d44ee9ca6957d9e27f6c5976898c5b c9 complete
IPC_DIAG worker-retire 205827 c9 UNAVAILABLE
IPC_DIAG receive org.alica.matrixprovidera c12 request [Object: null prototype] {
  kind: 'bind',
  optional: true,
  requirementIndex: 0,
  scopeId: 'root',
  wireId: 134217748
}
IPC_DIAG receive org.alica.matrixproviderb c10 response [Object: null prototype] {
  kind: 'invoke',
  response: [Object: null prototype] {
    requestId: 'd7ccc5b8-872a-4fe3-a560-55cd85693f0e',
    result: [Object: null prototype] { kind: 'success', value: '0:0:0' }
  },
  wireId: 134217747
}
IPC_DIAG finish d50fed2e333bdc979f28f50d1c15fedef2d44ee9ca6957d9e27f6c5976898c5b c10 complete
IPC_DIAG worker-retire 205827 c10 UNAVAILABLE
IPC_DIAG receive org.alica.matrixprovidera c12 request [Object: null prototype] {
  call: [Object: null prototype] {
    capabilityId: 'org.alica.matrixb',
    deadlineMs: 1789722728901,
    descriptorDigest: 'sha256:f2194573d7164d46924aa549625e7139c5286fba31598324645b2c0f668607ac',
    operation: 'run',
    payload: 'wait',
    requestId: '99a1b5fd-c905-45a4-addf-1eec00ff38d5'
  },
  handleId: '515de510-1f4f-479c-a941-1c93906f89dc',
  kind: 'outbound',
  requestedMs: 4438,
  wireId: 134217743
}
IPC_DIAG receive org.alica.matrixproviderb c12 response [Object: null prototype] {
  kind: 'invoke',
  response: [Object: null prototype] {
    requestId: '0ba14d6e-52d4-49db-a517-bb29f7524f08',
    result: [Object: null prototype] { kind: 'success', value: '1:0:0' }
  },
  wireId: 134217751
}
IPC_DIAG finish d50fed2e333bdc979f28f50d1c15fedef2d44ee9ca6957d9e27f6c5976898c5b c12 complete
IPC_DIAG worker-retire 205827 c12 UNAVAILABLE
IPC_DIAG finish 2e72b7a422d83f5ff79db84d6ded6d271ac3b84761c98c4752486c5b411192c2 c12 CANCELLED
IPC_DIAG finish d50fed2e333bdc979f28f50d1c15fedef2d44ee9ca6957d9e27f6c5976898c5b c11 CANCELLED
IPC_DIAG worker-retire 205827 c11 UNAVAILABLE
IPC_DIAG worker-retire 205819 c12 UNAVAILABLE
IPC_DIAG receive org.alica.matrixproviderb c13 response [Object: null prototype] {
  kind: 'invoke',
  response: [Object: null prototype] {
    requestId: 'ca2c6f87-d5d2-4a92-b9f3-0f5184ed2611',
    result: [Object: null prototype] { kind: 'success', value: 'slow' }
  },
  wireId: 134217753
}
IPC_DIAG finish d50fed2e333bdc979f28f50d1c15fedef2d44ee9ca6957d9e27f6c5976898c5b c13 complete
IPC_DIAG worker-retire 205827 c13 UNAVAILABLE
IPC_DIAG receive org.alica.matrixproviderb c14 response [Object: null prototype] {
  kind: 'invoke',
  response: [Object: null prototype] {
    requestId: 'ee97d096-9034-4614-b2be-2b4ca1de3c14',
    result: [Object: null prototype] { kind: 'success', value: '1:1:0' }
  },
  wireId: 134217755
}
IPC_DIAG finish d50fed2e333bdc979f28f50d1c15fedef2d44ee9ca6957d9e27f6c5976898c5b c14 complete
IPC_DIAG worker-retire 205827 c14 UNAVAILABLE
IPC_DIAG receive org.alica.matrixprovidera c13 request [Object: null prototype] {
  kind: 'bind',
  optional: true,
  requirementIndex: 0,
  scopeId: 'root',
  wireId: 134217750
}
IPC_DIAG receive org.alica.matrixprovidera c13 request [Object: null prototype] {
  call: [Object: null prototype] {
    capabilityId: 'org.alica.matrixb',
    deadlineMs: 1789722724853,
    descriptorDigest: 'sha256:f2194573d7164d46924aa549625e7139c5286fba31598324645b2c0f668607ac',
    operation: 'run',
    payload: 'wait',
    requestId: '3ee83329-15d9-467a-910b-768c11040742'
  },
  handleId: '0e708312-9d7a-4caf-b087-3d2e4848b193',
  kind: 'outbound',
  requestedMs: 16,
  wireId: 134217745
}
IPC_DIAG finish 2e72b7a422d83f5ff79db84d6ded6d271ac3b84761c98c4752486c5b411192c2 c13 DEADLINE_EXCEEDED
IPC_DIAG worker-retire 205819 c13 UNAVAILABLE
IPC_DIAG receive org.alica.matrixproviderb c15 response [Object: null prototype] {
  kind: 'invoke',
  response: [Object: null prototype] {
    requestId: '0ec301dd-829e-4bcb-94a3-2ae93da6359a',
    result: [Object: null prototype] { kind: 'success', value: 'slow' }
  },
  wireId: 134217757
}
IPC_DIAG finish d50fed2e333bdc979f28f50d1c15fedef2d44ee9ca6957d9e27f6c5976898c5b c15 complete
IPC_DIAG worker-retire 205827 c15 UNAVAILABLE
IPC_DIAG deadline passed
IPC_DIAG receive org.alica.matrixproviderb c16 response [Object: null prototype] {
  kind: 'invoke',
  response: [Object: null prototype] {
    requestId: '47db7d16-1487-4a56-89ae-ffb7255e5570',
    result: [Object: null prototype] { kind: 'success', value: '1:1:0' }
  },
  wireId: 134217759
}
IPC_DIAG finish d50fed2e333bdc979f28f50d1c15fedef2d44ee9ca6957d9e27f6c5976898c5b c16 complete
IPC_DIAG worker-retire 205827 c16 UNAVAILABLE
IPC_DIAG assertion revoke line169
IPC_DIAG receive org.alica.matrixprovidera c14 request [Object: null prototype] {
  kind: 'bind',
  optional: true,
  requirementIndex: 0,
  scopeId: 'root',
  wireId: 134217752
}
IPC_DIAG receive org.alica.matrixproviderb c17 response [Object: null prototype] {
  kind: 'invoke',
  response: [Object: null prototype] {
    requestId: 'a90cf445-5741-4797-aab3-62e08892b239',
    result: [Object: null prototype] { kind: 'success', value: '1:1:0' }
  },
  wireId: 134217761
}
IPC_DIAG finish d50fed2e333bdc979f28f50d1c15fedef2d44ee9ca6957d9e27f6c5976898c5b c17 complete
IPC_DIAG worker-retire 205827 c17 UNAVAILABLE
IPC_DIAG receive org.alica.matrixprovidera c14 request [Object: null prototype] {
  call: [Object: null prototype] {
    capabilityId: 'org.alica.matrixb',
    deadlineMs: 1789722729525,
    descriptorDigest: 'sha256:f2194573d7164d46924aa549625e7139c5286fba31598324645b2c0f668607ac',
    operation: 'run',
    payload: 'wait',
    requestId: 'e5746d49-de79-4f69-8f69-819b867d8e10'
  },
  handleId: '662cb1dd-b687-4a4f-87c6-e2c4a77cc00e',
  kind: 'outbound',
  requestedMs: 4440,
  wireId: 134217747
}
IPC_DIAG receive org.alica.matrixproviderb c19 response [Object: null prototype] {
  kind: 'invoke',
  response: [Object: null prototype] {
    requestId: '54226e37-8b95-4a88-8cd7-631323b1b419',
    result: [Object: null prototype] { kind: 'success', value: '2:1:0' }
  },
  wireId: 134217765
}
IPC_DIAG finish d50fed2e333bdc979f28f50d1c15fedef2d44ee9ca6957d9e27f6c5976898c5b c19 complete
IPC_DIAG worker-retire 205827 c19 UNAVAILABLE
IPC_DIAG finish d50fed2e333bdc979f28f50d1c15fedef2d44ee9ca6957d9e27f6c5976898c5b c18 CANCELLED
IPC_DIAG worker-retire 205827 c18 UNAVAILABLE
IPC_DIAG receive org.alica.matrixprovidera c14 response [Object: null prototype] {
  kind: 'invoke',
  response: [Object: null prototype] {
    requestId: 'ffdbca8a-a650-4fa5-a576-62257319941a',
    result: [Object: null prototype] {
      error: [Object: null prototype],
      kind: 'error'
    }
  },
  wireId: 134217755
}
IPC_DIAG finish 2e72b7a422d83f5ff79db84d6ded6d271ac3b84761c98c4752486c5b411192c2 c14 complete
IPC_DIAG revoke passed
IPC_DIAG worker-retire 205819 c14 UNAVAILABLE
IPC_DIAG receive org.alica.matrixproviderb c20 response [Object: null prototype] {
  kind: 'invoke',
  response: [Object: null prototype] {
    requestId: '823aed8b-3aa3-4e9e-84e5-e71a1ffac21f',
    result: [Object: null prototype] { kind: 'success', value: 'slow' }
  },
  wireId: 134217767
}
IPC_DIAG finish d50fed2e333bdc979f28f50d1c15fedef2d44ee9ca6957d9e27f6c5976898c5b c20 complete
IPC_DIAG worker-retire 205827 c20 UNAVAILABLE
IPC_DIAG receive org.alica.matrixprovidera c15 response [Object: null prototype] {
  kind: 'invoke',
  response: [Object: null prototype] {
    requestId: '5f9b929b-26f0-4fb9-a78c-451a543c84df',
    result: [Object: null prototype] { kind: 'success', value: '1' }
  },
  wireId: 134217757
}
IPC_DIAG finish 2e72b7a422d83f5ff79db84d6ded6d271ac3b84761c98c4752486c5b411192c2 c15 complete
IPC_DIAG worker-retire 205819 c15 UNAVAILABLE
IPC_DIAG receive org.alica.matrixprovidera c16 response [Object: null prototype] { kind: 'quiesced', wireId: 134217759 }
IPC_DIAG finish 2e72b7a422d83f5ff79db84d6ded6d271ac3b84761c98c4752486c5b411192c2 c16 complete
IPC_DIAG worker-retire 205819 c16 UNAVAILABLE
IPC_DIAG receive org.alica.matrixprovidera c17 response [Object: null prototype] {
  kind: 'disposed',
  report: [Object: null prototype] {
    completedDisposers: 0,
    failedDisposers: [],
    restartRequired: false,
    state: 'DISPOSED',
    timedOutResources: 0
  },
  wireId: 134217761
}
IPC_DIAG finish 2e72b7a422d83f5ff79db84d6ded6d271ac3b84761c98c4752486c5b411192c2 c17 complete
IPC_DIAG worker-retire 205819 c17 UNAVAILABLE
IPC_DIAG fail org.alica.matrixprovidera Error
    at PhysicalSession.fail (file:///home/alica-dev/AlicaV2/packages/kernel/dist/g6/session.js:451:70)
    at file:///home/alica-dev/AlicaV2/packages/kernel/dist/g6/session.js:517:22
    at process.processTicksAndRejections (node:internal/process/task_queues:104:5)
    at async HostIPC.shutdown (file:///home/alica-dev/AlicaV2/packages/kernel/dist/g6/host-adapter.js:232:13)
    at async file:///home/alica-dev/AlicaV2/packages/kernel/dist/index.js:1280:21
    at async consumer (file:///home/alica-dev/AlicaV2/tests/ipc/qualification-consumer.test.mjs:191:3)
    at async TestContext.<anonymous> (file:///home/alica-dev/AlicaV2/tests/ipc/qualification-consumer.test.mjs:213:7)
    at async Test.run (node:internal/test_runner/test:1409:7)
    at async Test.processPendingSubtests (node:internal/test_runner/test:974:7)
IPC_DIAG worker-fail 205819 PeerClosed [AcapError]: UNAVAILABLE
    at NativeStream.receive (file:///home/alica-dev/AlicaV2/packages/kernel/dist/g6/stream.js:119:23)
    at WorkerTransport.pump (file:///home/alica-dev/AlicaV2/packages/kernel/dist/g6/worker-transport.js:114:40)
    at Timeout._onTimeout (file:///home/alica-dev/AlicaV2/packages/kernel/dist/g6/worker-transport.js:67:22)
    at listOnTimeout (node:internal/timers:685:17)
    at process.processTimers (node:internal/timers:618:7) {
  code: 'UNAVAILABLE',
  correlationId: 'ba9a2bc3-a9f2-4259-accb-1f98ce929d24',
  retryable: false
} Error
    at WorkerTransport.fail (file:///home/alica-dev/AlicaV2/packages/kernel/dist/g6/worker-transport.js:251:67)
    at Timeout._onTimeout (file:///home/alica-dev/AlicaV2/packages/kernel/dist/g6/worker-transport.js:70:22)
    at listOnTimeout (node:internal/timers:685:17)
    at process.processTimers (node:internal/timers:618:7)
IPC_DIAG dead org.alica.matrixprovidera 1 null
IPC_DIAG receive org.alica.matrixproviderb c21 response [Object: null prototype] {
  kind: 'invoke',
  response: [Object: null prototype] {
    requestId: 'da35af8d-2ce3-4884-8898-d7b07096e61d',
    result: [Object: null prototype] { kind: 'success', value: 'leaf' }
  },
  wireId: 134217769
}
IPC_DIAG finish d50fed2e333bdc979f28f50d1c15fedef2d44ee9ca6957d9e27f6c5976898c5b c21 complete
IPC_DIAG worker-retire 205827 c21 UNAVAILABLE
IPC_DIAG receive org.alica.matrixproviderb c22 response [Object: null prototype] { kind: 'quiesced', wireId: 134217771 }
IPC_DIAG finish d50fed2e333bdc979f28f50d1c15fedef2d44ee9ca6957d9e27f6c5976898c5b c22 complete
IPC_DIAG worker-retire 205827 c22 UNAVAILABLE
IPC_DIAG receive org.alica.matrixproviderb c23 response [Object: null prototype] {
  kind: 'disposed',
  report: [Object: null prototype] {
    completedDisposers: 0,
    failedDisposers: [],
    restartRequired: false,
    state: 'DISPOSED',
    timedOutResources: 0
  },
  wireId: 134217773
}
IPC_DIAG finish d50fed2e333bdc979f28f50d1c15fedef2d44ee9ca6957d9e27f6c5976898c5b c23 complete
IPC_DIAG fail org.alica.matrixproviderb Error
    at PhysicalSession.fail (file:///home/alica-dev/AlicaV2/packages/kernel/dist/g6/session.js:451:70)
    at file:///home/alica-dev/AlicaV2/packages/kernel/dist/g6/session.js:517:22
    at process.processTicksAndRejections (node:internal/process/task_queues:104:5)
    at async HostIPC.shutdown (file:///home/alica-dev/AlicaV2/packages/kernel/dist/g6/host-adapter.js:232:13)
    at async file:///home/alica-dev/AlicaV2/packages/kernel/dist/index.js:1280:21
    at async Host.closeScope (file:///home/alica-dev/AlicaV2/packages/kernel/dist/index.js:1342:21)
    at async Host.shutdown (file:///home/alica-dev/AlicaV2/packages/kernel/dist/index.js:1426:9)
    at async TestContext.stop (file:///home/alica-dev/AlicaV2/tools/g3-fixtures.mjs:218:5)
    at async TestHook.run (node:internal/test_runner/test:1409:7)
    at async Test.runHook (node:internal/test_runner/test:1289:9)
IPC_DIAG worker-retire 205827 c23 UNAVAILABLE
IPC_DIAG worker-fail 205827 PeerClosed [AcapError]: UNAVAILABLE
    at NativeStream.receive (file:///home/alica-dev/AlicaV2/packages/kernel/dist/g6/stream.js:119:23)
    at WorkerTransport.pump (file:///home/alica-dev/AlicaV2/packages/kernel/dist/g6/worker-transport.js:114:40)
    at Timeout._onTimeout (file:///home/alica-dev/AlicaV2/packages/kernel/dist/g6/worker-transport.js:67:22)
    at listOnTimeout (node:internal/timers:685:17)
    at process.processTimers (node:internal/timers:618:7) {
  code: 'UNAVAILABLE',
  correlationId: '26afbe06-7e5f-4e79-bdd6-b5f861bde7e1',
  retryable: false
} Error
    at WorkerTransport.fail (file:///home/alica-dev/AlicaV2/packages/kernel/dist/g6/worker-transport.js:251:67)
    at Timeout._onTimeout (file:///home/alica-dev/AlicaV2/packages/kernel/dist/g6/worker-transport.js:70:22)
    at listOnTimeout (node:internal/timers:685:17)
    at process.processTimers (node:internal/timers:618:7)
IPC_DIAG dead org.alica.matrixproviderb 1 null
✔ same-source matrix consumer ipc: ancestry, authority and live sibling independence (3957.54717ms)
ℹ {"consumerSHA256":"08d5ac0a053a0be9c317c179dd704e90fba78b9e8585244b4c3973e79b0e8f95","providerASHA256":"9746fbf0ad5898e51a35a6209e80d09aedbe2126817a97da831192fc9244449d","providerBSHA256":"a82f9788b6336be98163ce077838f99a7e2a60bad4c58fc78054f110a62a9179"}
ℹ tests 2
ℹ suites 0
ℹ pass 2
ℹ fail 0
ℹ cancelled 0
ℹ skipped 0
ℹ todo 0
ℹ duration_ms 5400.37282
SAMPLE_EXIT 0
DIAGNOSTIC_SAMPLE 8
IPC_DIAG assertion initial-deny line120
IPC_DIAG initial-deny passed
(node:205840) ExperimentalWarning: VM Modules is an experimental feature and might change at any time
(Use `node --trace-warnings ...` to show where the warning was created)
IPC_DIAG deadline passed
IPC_DIAG assertion revoke line169
IPC_DIAG revoke passed
✔ same-source matrix consumer inproc: ancestry, authority and live sibling independence (1138.505939ms)
ℹ {"consumerSHA256":"08d5ac0a053a0be9c317c179dd704e90fba78b9e8585244b4c3973e79b0e8f95","providerASHA256":"9746fbf0ad5898e51a35a6209e80d09aedbe2126817a97da831192fc9244449d","providerBSHA256":"a82f9788b6336be98163ce077838f99a7e2a60bad4c58fc78054f110a62a9179"}
(node:205850) ExperimentalWarning: VM Modules is an experimental feature and might change at any time
(Use `node --trace-warnings ...` to show where the warning was created)
IPC_DIAG receive org.alica.matrixprovidera c1 request [Object: null prototype] {
  capabilityId: 'org.alica.matrixa',
  descriptorDigest: 'sha256:567c3c109971c611cdc932f189e75194252519c2f7766f27c8bbecb2b178f1fa',
  kind: 'register',
  scopeId: 'root',
  wireId: 134217730
}
IPC_DIAG receive org.alica.matrixprovidera c1 response [Object: null prototype] { kind: 'activated', wireId: 134217729 }
IPC_DIAG finish e279d85b020c46a224246210a868d80f89eb817d87de5c50c376fe9665538c06 c1 complete
IPC_DIAG worker-retire 205850 c1 UNAVAILABLE
(node:205856) ExperimentalWarning: VM Modules is an experimental feature and might change at any time
(Use `node --trace-warnings ...` to show where the warning was created)
IPC_DIAG receive org.alica.matrixproviderb c1 request [Object: null prototype] {
  capabilityId: 'org.alica.matrixb',
  descriptorDigest: 'sha256:f2194573d7164d46924aa549625e7139c5286fba31598324645b2c0f668607ac',
  kind: 'register',
  scopeId: 'root',
  wireId: 134217730
}
IPC_DIAG receive org.alica.matrixproviderb c1 response [Object: null prototype] { kind: 'activated', wireId: 134217729 }
IPC_DIAG finish f0e99f89c4a6df0021468f91d38239a55e90d5fe0cf4e687188e1256eb063063 c1 complete
IPC_DIAG worker-retire 205856 c1 UNAVAILABLE
IPC_DIAG assertion initial-deny line120
IPC_DIAG receive org.alica.matrixprovidera c2 request [Object: null prototype] {
  kind: 'bind',
  optional: true,
  requirementIndex: 0,
  scopeId: 'root',
  wireId: 134217732
}
IPC_DIAG receive org.alica.matrixprovidera c2 response [Object: null prototype] {
  kind: 'invoke',
  response: [Object: null prototype] {
    requestId: '51e596af-ee93-4c10-967d-7053164e30f5',
    result: [Object: null prototype] {
      error: [Object: null prototype],
      kind: 'error'
    }
  },
  wireId: 134217731
}
IPC_DIAG finish e279d85b020c46a224246210a868d80f89eb817d87de5c50c376fe9665538c06 c2 complete
IPC_DIAG initial-deny passed
IPC_DIAG worker-retire 205850 c2 UNAVAILABLE
IPC_DIAG receive org.alica.matrixprovidera c3 request [Object: null prototype] {
  kind: 'bind',
  optional: true,
  requirementIndex: 0,
  scopeId: 'root',
  wireId: 134217734
}
IPC_DIAG receive org.alica.matrixprovidera c3 request [Object: null prototype] {
  call: [Object: null prototype] {
    capabilityId: 'org.alica.matrixb',
    deadlineMs: 1789722732671,
    descriptorDigest: 'sha256:f2194573d7164d46924aa549625e7139c5286fba31598324645b2c0f668607ac',
    operation: 'run',
    payload: 'nest:1',
    requestId: '265f673e-2608-4a05-900e-d37272900ca4'
  },
  handleId: '087a49dc-1441-48f8-a61b-aeae63c25160',
  kind: 'outbound',
  requestedMs: 4455,
  wireId: 134217729
}
IPC_DIAG receive org.alica.matrixproviderb c2 request [Object: null prototype] {
  kind: 'bind',
  optional: true,
  requirementIndex: 0,
  scopeId: 'root',
  wireId: 134217732
}
IPC_DIAG receive org.alica.matrixproviderb c2 request [Object: null prototype] {
  call: [Object: null prototype] {
    capabilityId: 'org.alica.matrixa',
    deadlineMs: 1789722732671,
    descriptorDigest: 'sha256:567c3c109971c611cdc932f189e75194252519c2f7766f27c8bbecb2b178f1fa',
    operation: 'run',
    payload: 'nest:0',
    requestId: 'c3c48430-0727-4449-af74-6eb6937bd6b2'
  },
  handleId: '97018b34-b954-4fa0-8ef1-e7596172167c',
  kind: 'outbound',
  requestedMs: 4396,
  wireId: 134217729
}
IPC_DIAG receive org.alica.matrixprovidera c4 response [Object: null prototype] {
  kind: 'invoke',
  response: [Object: null prototype] {
    requestId: '0df61d8b-5bcf-477b-8a62-0594ed1cca89',
    result: [Object: null prototype] { kind: 'success', value: 'leaf' }
  },
  wireId: 134217735
}
IPC_DIAG finish e279d85b020c46a224246210a868d80f89eb817d87de5c50c376fe9665538c06 c4 complete
IPC_DIAG worker-retire 205850 c4 UNAVAILABLE
IPC_DIAG receive org.alica.matrixproviderb c2 response [Object: null prototype] {
  kind: 'invoke',
  response: [Object: null prototype] {
    requestId: '9ce88c23-cc2d-43f7-8652-abeed593abc1',
    result: [Object: null prototype] { kind: 'success', value: 'leaf' }
  },
  wireId: 134217731
}
IPC_DIAG finish f0e99f89c4a6df0021468f91d38239a55e90d5fe0cf4e687188e1256eb063063 c2 complete
IPC_DIAG worker-retire 205856 c2 UNAVAILABLE
IPC_DIAG receive org.alica.matrixprovidera c3 response [Object: null prototype] {
  kind: 'invoke',
  response: [Object: null prototype] {
    requestId: '35e70b3f-cf50-4fb2-a54f-9b2fe39923d5',
    result: [Object: null prototype] { kind: 'success', value: 'leaf' }
  },
  wireId: 134217733
}
IPC_DIAG finish e279d85b020c46a224246210a868d80f89eb817d87de5c50c376fe9665538c06 c3 complete
IPC_DIAG worker-retire 205850 c3 UNAVAILABLE
IPC_DIAG receive org.alica.matrixprovidera c5 request [Object: null prototype] {
  kind: 'bind',
  optional: true,
  requirementIndex: 0,
  scopeId: 'root',
  wireId: 134217736
}
IPC_DIAG receive org.alica.matrixprovidera c5 request [Object: null prototype] {
  call: [Object: null prototype] {
    capabilityId: 'org.alica.matrixb',
    deadlineMs: 1789722732862,
    descriptorDigest: 'sha256:f2194573d7164d46924aa549625e7139c5286fba31598324645b2c0f668607ac',
    operation: 'run',
    payload: 'nest:3',
    requestId: '787f5195-f6f0-47ae-88df-50c3a143c4ca'
  },
  handleId: 'cd0d2176-365f-4c81-ad4e-21f748d7f999',
  kind: 'outbound',
  requestedMs: 4449,
  wireId: 134217731
}
IPC_DIAG receive org.alica.matrixproviderb c3 request [Object: null prototype] {
  kind: 'bind',
  optional: true,
  requirementIndex: 0,
  scopeId: 'root',
  wireId: 134217734
}
IPC_DIAG receive org.alica.matrixproviderb c3 request [Object: null prototype] {
  call: [Object: null prototype] {
    capabilityId: 'org.alica.matrixa',
    deadlineMs: 1789722732862,
    descriptorDigest: 'sha256:567c3c109971c611cdc932f189e75194252519c2f7766f27c8bbecb2b178f1fa',
    operation: 'run',
    payload: 'nest:2',
    requestId: '6f937b8f-e6aa-4d9e-8339-ec31db69b2f5'
  },
  handleId: '450bc8f7-9eac-4a01-951f-f495f6496c2d',
  kind: 'outbound',
  requestedMs: 4389,
  wireId: 134217731
}
IPC_DIAG receive org.alica.matrixprovidera c6 request [Object: null prototype] {
  kind: 'bind',
  optional: true,
  requirementIndex: 0,
  scopeId: 'root',
  wireId: 134217738
}
IPC_DIAG receive org.alica.matrixprovidera c6 request [Object: null prototype] {
  call: [Object: null prototype] {
    capabilityId: 'org.alica.matrixb',
    deadlineMs: 1789722732862,
    descriptorDigest: 'sha256:f2194573d7164d46924aa549625e7139c5286fba31598324645b2c0f668607ac',
    operation: 'run',
    payload: 'nest:1',
    requestId: '6725f153-4bd6-4ba7-a000-1c7b4f89f23b'
  },
  handleId: '70d7a4ae-4d39-4d07-9857-04dae88b3fc3',
  kind: 'outbound',
  requestedMs: 4313,
  wireId: 134217733
}
IPC_DIAG receive org.alica.matrixproviderb c4 request [Object: null prototype] {
  kind: 'bind',
  optional: true,
  requirementIndex: 0,
  scopeId: 'root',
  wireId: 134217736
}
IPC_DIAG receive org.alica.matrixproviderb c4 request [Object: null prototype] {
  call: [Object: null prototype] {
    capabilityId: 'org.alica.matrixa',
    deadlineMs: 1789722732862,
    descriptorDigest: 'sha256:567c3c109971c611cdc932f189e75194252519c2f7766f27c8bbecb2b178f1fa',
    operation: 'run',
    payload: 'nest:0',
    requestId: '88eeebc6-935f-4282-87a6-7c3dd2a7132b'
  },
  handleId: 'a856180b-6b4e-46a1-9112-aba550a2c275',
  kind: 'outbound',
  requestedMs: 4229,
  wireId: 134217733
}
IPC_DIAG receive org.alica.matrixprovidera c7 response [Object: null prototype] {
  kind: 'invoke',
  response: [Object: null prototype] {
    requestId: '076faf6d-954f-4e63-b4ea-3bba129cbbb8',
    result: [Object: null prototype] { kind: 'success', value: 'leaf' }
  },
  wireId: 134217741
}
IPC_DIAG finish e279d85b020c46a224246210a868d80f89eb817d87de5c50c376fe9665538c06 c7 complete
IPC_DIAG worker-retire 205850 c7 UNAVAILABLE
IPC_DIAG receive org.alica.matrixproviderb c4 response [Object: null prototype] {
  kind: 'invoke',
  response: [Object: null prototype] {
    requestId: '018a4c16-7104-4683-ac1c-9b97592a80fc',
    result: [Object: null prototype] { kind: 'success', value: 'leaf' }
  },
  wireId: 134217735
}
IPC_DIAG finish f0e99f89c4a6df0021468f91d38239a55e90d5fe0cf4e687188e1256eb063063 c4 complete
IPC_DIAG worker-retire 205856 c4 UNAVAILABLE
IPC_DIAG receive org.alica.matrixprovidera c6 response [Object: null prototype] {
  kind: 'invoke',
  response: [Object: null prototype] {
    requestId: '3348135e-e947-4438-ace7-bd728816ffa1',
    result: [Object: null prototype] { kind: 'success', value: 'leaf' }
  },
  wireId: 134217739
}
IPC_DIAG finish e279d85b020c46a224246210a868d80f89eb817d87de5c50c376fe9665538c06 c6 complete
IPC_DIAG worker-retire 205850 c6 UNAVAILABLE
IPC_DIAG receive org.alica.matrixproviderb c3 response [Object: null prototype] {
  kind: 'invoke',
  response: [Object: null prototype] {
    requestId: '60044212-7146-4ec4-9292-f7978757c05b',
    result: [Object: null prototype] { kind: 'success', value: 'leaf' }
  },
  wireId: 134217733
}
IPC_DIAG finish f0e99f89c4a6df0021468f91d38239a55e90d5fe0cf4e687188e1256eb063063 c3 complete
IPC_DIAG worker-retire 205856 c3 UNAVAILABLE
IPC_DIAG receive org.alica.matrixprovidera c5 response [Object: null prototype] {
  kind: 'invoke',
  response: [Object: null prototype] {
    requestId: '78f22511-9e62-4167-adf0-0d024bd340d1',
    result: [Object: null prototype] { kind: 'success', value: 'leaf' }
  },
  wireId: 134217737
}
IPC_DIAG finish e279d85b020c46a224246210a868d80f89eb817d87de5c50c376fe9665538c06 c5 complete
IPC_DIAG worker-retire 205850 c5 UNAVAILABLE
IPC_DIAG receive org.alica.matrixprovidera c8 request [Object: null prototype] {
  kind: 'bind',
  optional: true,
  requirementIndex: 0,
  scopeId: 'root',
  wireId: 134217740
}
IPC_DIAG receive org.alica.matrixprovidera c8 request [Object: null prototype] {
  call: [Object: null prototype] {
    capabilityId: 'org.alica.matrixb',
    deadlineMs: 1789722733277,
    descriptorDigest: 'sha256:f2194573d7164d46924aa549625e7139c5286fba31598324645b2c0f668607ac',
    operation: 'run',
    payload: 'nest:23',
    requestId: 'aae45fe6-43f2-4398-85bb-35bd42b1613f'
  },
  handleId: '4f2aa50f-55a5-43e7-ab56-822b4d7c4d75',
  kind: 'outbound',
  requestedMs: 4457,
  wireId: 134217735
}
IPC_DIAG receive org.alica.matrixproviderb c5 request [Object: null prototype] {
  kind: 'bind',
  optional: true,
  requirementIndex: 0,
  scopeId: 'root',
  wireId: 134217738
}
IPC_DIAG receive org.alica.matrixproviderb c5 request [Object: null prototype] {
  call: [Object: null prototype] {
    capabilityId: 'org.alica.matrixa',
    deadlineMs: 1789722733277,
    descriptorDigest: 'sha256:567c3c109971c611cdc932f189e75194252519c2f7766f27c8bbecb2b178f1fa',
    operation: 'run',
    payload: 'nest:22',
    requestId: '0508a583-a4c7-4cd9-8fee-2032c29c5a80'
  },
  handleId: 'b8881209-c68d-43ea-830f-8ab6826312cb',
  kind: 'outbound',
  requestedMs: 4395,
  wireId: 134217735
}
IPC_DIAG receive org.alica.matrixprovidera c9 request [Object: null prototype] {
  kind: 'bind',
  optional: true,
  requirementIndex: 0,
  scopeId: 'root',
  wireId: 134217742
}
IPC_DIAG receive org.alica.matrixprovidera c9 request [Object: null prototype] {
  call: [Object: null prototype] {
    capabilityId: 'org.alica.matrixb',
    deadlineMs: 1789722733277,
    descriptorDigest: 'sha256:f2194573d7164d46924aa549625e7139c5286fba31598324645b2c0f668607ac',
    operation: 'run',
    payload: 'nest:21',
    requestId: '4c24fef8-2a86-462a-999d-8554b697eaca'
  },
  handleId: '325b23b3-9d1a-4ffa-b42d-e11680bb9e8a',
  kind: 'outbound',
  requestedMs: 4321,
  wireId: 134217737
}
IPC_DIAG receive org.alica.matrixproviderb c6 request [Object: null prototype] {
  kind: 'bind',
  optional: true,
  requirementIndex: 0,
  scopeId: 'root',
  wireId: 134217740
}
IPC_DIAG receive org.alica.matrixproviderb c6 request [Object: null prototype] {
  call: [Object: null prototype] {
    capabilityId: 'org.alica.matrixa',
    deadlineMs: 1789722733277,
    descriptorDigest: 'sha256:567c3c109971c611cdc932f189e75194252519c2f7766f27c8bbecb2b178f1fa',
    operation: 'run',
    payload: 'nest:20',
    requestId: 'c75698f4-01a4-4cfc-b07d-1b4274204d3b'
  },
  handleId: '224fed20-02a6-4313-85dc-11858f30b792',
  kind: 'outbound',
  requestedMs: 4231,
  wireId: 134217737
}
IPC_DIAG receive org.alica.matrixprovidera c10 request [Object: null prototype] {
  kind: 'bind',
  optional: true,
  requirementIndex: 0,
  scopeId: 'root',
  wireId: 134217744
}
IPC_DIAG receive org.alica.matrixprovidera c10 request [Object: null prototype] {
  call: [Object: null prototype] {
    capabilityId: 'org.alica.matrixb',
    deadlineMs: 1789722733277,
    descriptorDigest: 'sha256:f2194573d7164d46924aa549625e7139c5286fba31598324645b2c0f668607ac',
    operation: 'run',
    payload: 'nest:19',
    requestId: '50ccf8de-1524-4b1c-8df7-9edb0c393717'
  },
  handleId: 'de5af06a-873d-445f-a512-b54daffe2039',
  kind: 'outbound',
  requestedMs: 4124,
  wireId: 134217739
}
IPC_DIAG receive org.alica.matrixproviderb c7 request [Object: null prototype] {
  kind: 'bind',
  optional: true,
  requirementIndex: 0,
  scopeId: 'root',
  wireId: 134217742
}
IPC_DIAG receive org.alica.matrixproviderb c7 request [Object: null prototype] {
  call: [Object: null prototype] {
    capabilityId: 'org.alica.matrixa',
    deadlineMs: 1789722733277,
    descriptorDigest: 'sha256:567c3c109971c611cdc932f189e75194252519c2f7766f27c8bbecb2b178f1fa',
    operation: 'run',
    payload: 'nest:18',
    requestId: 'c561ef66-6a2b-49d7-bdac-abe9f626454a'
  },
  handleId: 'eb115b47-8846-40e2-ad56-1925ff178b1f',
  kind: 'outbound',
  requestedMs: 3999,
  wireId: 134217739
}
IPC_DIAG receive org.alica.matrixprovidera c11 request [Object: null prototype] {
  kind: 'bind',
  optional: true,
  requirementIndex: 0,
  scopeId: 'root',
  wireId: 134217746
}
IPC_DIAG receive org.alica.matrixprovidera c11 request [Object: null prototype] {
  call: [Object: null prototype] {
    capabilityId: 'org.alica.matrixb',
    deadlineMs: 1789722733277,
    descriptorDigest: 'sha256:f2194573d7164d46924aa549625e7139c5286fba31598324645b2c0f668607ac',
    operation: 'run',
    payload: 'nest:17',
    requestId: 'bd66604d-c585-4253-b6b8-0d2fba946452'
  },
  handleId: 'bc87511d-63fa-4d49-b2fa-4aaa2a693d0a',
  kind: 'outbound',
  requestedMs: 3875,
  wireId: 134217741
}
IPC_DIAG receive org.alica.matrixproviderb c8 request [Object: null prototype] {
  kind: 'bind',
  optional: true,
  requirementIndex: 0,
  scopeId: 'root',
  wireId: 134217744
}
IPC_DIAG receive org.alica.matrixproviderb c8 request [Object: null prototype] {
  call: [Object: null prototype] {
    capabilityId: 'org.alica.matrixa',
    deadlineMs: 1789722733277,
    descriptorDigest: 'sha256:567c3c109971c611cdc932f189e75194252519c2f7766f27c8bbecb2b178f1fa',
    operation: 'run',
    payload: 'nest:16',
    requestId: 'a4de6e55-f9d3-42b6-901c-f214991ffcfc'
  },
  handleId: '722a6023-5cbc-4195-83d1-e24e109c38ed',
  kind: 'outbound',
  requestedMs: 3734,
  wireId: 134217741
}
IPC_DIAG receive org.alica.matrixproviderb c8 response [Object: null prototype] {
  kind: 'invoke',
  response: [Object: null prototype] {
    requestId: '488bb8b0-05c0-4ef6-84fd-8556801302e6',
    result: [Object: null prototype] {
      error: [Object: null prototype],
      kind: 'error'
    }
  },
  wireId: 134217743
}
IPC_DIAG finish f0e99f89c4a6df0021468f91d38239a55e90d5fe0cf4e687188e1256eb063063 c8 complete
IPC_DIAG worker-retire 205856 c8 UNAVAILABLE
IPC_DIAG receive org.alica.matrixprovidera c11 response [Object: null prototype] {
  kind: 'invoke',
  response: [Object: null prototype] {
    requestId: 'ebe21d98-5c32-45c3-b6c2-f89b7ff2219e',
    result: [Object: null prototype] {
      error: [Object: null prototype],
      kind: 'error'
    }
  },
  wireId: 134217749
}
IPC_DIAG finish e279d85b020c46a224246210a868d80f89eb817d87de5c50c376fe9665538c06 c11 complete
IPC_DIAG worker-retire 205850 c11 UNAVAILABLE
IPC_DIAG receive org.alica.matrixproviderb c7 response [Object: null prototype] {
  kind: 'invoke',
  response: [Object: null prototype] {
    requestId: '8a368491-d5bc-4a12-a06d-30098d71e88d',
    result: [Object: null prototype] {
      error: [Object: null prototype],
      kind: 'error'
    }
  },
  wireId: 134217741
}
IPC_DIAG finish f0e99f89c4a6df0021468f91d38239a55e90d5fe0cf4e687188e1256eb063063 c7 complete
IPC_DIAG worker-retire 205856 c7 UNAVAILABLE
IPC_DIAG receive org.alica.matrixprovidera c10 response [Object: null prototype] {
  kind: 'invoke',
  response: [Object: null prototype] {
    requestId: 'e7d310b5-8bd9-4257-9009-82e32549d422',
    result: [Object: null prototype] {
      error: [Object: null prototype],
      kind: 'error'
    }
  },
  wireId: 134217747
}
IPC_DIAG finish e279d85b020c46a224246210a868d80f89eb817d87de5c50c376fe9665538c06 c10 complete
IPC_DIAG worker-retire 205850 c10 UNAVAILABLE
IPC_DIAG receive org.alica.matrixproviderb c6 response [Object: null prototype] {
  kind: 'invoke',
  response: [Object: null prototype] {
    requestId: '1c47a27b-9fe8-4cb1-84f1-f18f12942bb5',
    result: [Object: null prototype] {
      error: [Object: null prototype],
      kind: 'error'
    }
  },
  wireId: 134217739
}
IPC_DIAG finish f0e99f89c4a6df0021468f91d38239a55e90d5fe0cf4e687188e1256eb063063 c6 complete
IPC_DIAG worker-retire 205856 c6 UNAVAILABLE
IPC_DIAG receive org.alica.matrixprovidera c9 response [Object: null prototype] {
  kind: 'invoke',
  response: [Object: null prototype] {
    requestId: '0b1549a7-faf0-4f57-ae91-f35cade77c4d',
    result: [Object: null prototype] {
      error: [Object: null prototype],
      kind: 'error'
    }
  },
  wireId: 134217745
}
IPC_DIAG finish e279d85b020c46a224246210a868d80f89eb817d87de5c50c376fe9665538c06 c9 complete
IPC_DIAG worker-retire 205850 c9 UNAVAILABLE
IPC_DIAG receive org.alica.matrixproviderb c5 response [Object: null prototype] {
  kind: 'invoke',
  response: [Object: null prototype] {
    requestId: '935f02c2-1f7d-49a7-9294-a6055e1976bf',
    result: [Object: null prototype] {
      error: [Object: null prototype],
      kind: 'error'
    }
  },
  wireId: 134217737
}
IPC_DIAG finish f0e99f89c4a6df0021468f91d38239a55e90d5fe0cf4e687188e1256eb063063 c5 complete
IPC_DIAG worker-retire 205856 c5 UNAVAILABLE
IPC_DIAG receive org.alica.matrixprovidera c8 response [Object: null prototype] {
  kind: 'invoke',
  response: [Object: null prototype] {
    requestId: '176abbc4-a2e8-40f8-b614-67defedd39f6',
    result: [Object: null prototype] {
      error: [Object: null prototype],
      kind: 'error'
    }
  },
  wireId: 134217743
}
IPC_DIAG finish e279d85b020c46a224246210a868d80f89eb817d87de5c50c376fe9665538c06 c8 complete
IPC_DIAG worker-retire 205850 c8 UNAVAILABLE
IPC_DIAG receive org.alica.matrixproviderb c9 response [Object: null prototype] {
  kind: 'invoke',
  response: [Object: null prototype] {
    requestId: '98dfd830-f450-492f-a2a7-fa4465d7293d',
    result: [Object: null prototype] { kind: 'success', value: 'leaf' }
  },
  wireId: 134217745
}
IPC_DIAG finish f0e99f89c4a6df0021468f91d38239a55e90d5fe0cf4e687188e1256eb063063 c9 complete
IPC_DIAG worker-retire 205856 c9 UNAVAILABLE
IPC_DIAG receive org.alica.matrixprovidera c12 request [Object: null prototype] {
  kind: 'bind',
  optional: true,
  requirementIndex: 0,
  scopeId: 'root',
  wireId: 134217748
}
IPC_DIAG receive org.alica.matrixproviderb c10 response [Object: null prototype] {
  kind: 'invoke',
  response: [Object: null prototype] {
    requestId: '0f96f3b2-c435-4b73-90a1-6ebca44b6ace',
    result: [Object: null prototype] { kind: 'success', value: '0:0:0' }
  },
  wireId: 134217747
}
IPC_DIAG finish f0e99f89c4a6df0021468f91d38239a55e90d5fe0cf4e687188e1256eb063063 c10 complete
IPC_DIAG worker-retire 205856 c10 UNAVAILABLE
IPC_DIAG receive org.alica.matrixprovidera c12 request [Object: null prototype] {
  call: [Object: null prototype] {
    capabilityId: 'org.alica.matrixb',
    deadlineMs: 1789722734222,
    descriptorDigest: 'sha256:f2194573d7164d46924aa549625e7139c5286fba31598324645b2c0f668607ac',
    operation: 'run',
    payload: 'wait',
    requestId: '8aac3ebf-373a-4626-b9af-241b531ebe5f'
  },
  handleId: 'eea27502-30e2-40f1-a505-96ce9361b770',
  kind: 'outbound',
  requestedMs: 4440,
  wireId: 134217743
}
IPC_DIAG receive org.alica.matrixproviderb c12 response [Object: null prototype] {
  kind: 'invoke',
  response: [Object: null prototype] {
    requestId: '618fce44-c4dc-4124-a728-76577da78fc7',
    result: [Object: null prototype] { kind: 'success', value: '1:0:0' }
  },
  wireId: 134217751
}
IPC_DIAG finish f0e99f89c4a6df0021468f91d38239a55e90d5fe0cf4e687188e1256eb063063 c12 complete
IPC_DIAG worker-retire 205856 c12 UNAVAILABLE
IPC_DIAG finish e279d85b020c46a224246210a868d80f89eb817d87de5c50c376fe9665538c06 c12 CANCELLED
IPC_DIAG finish f0e99f89c4a6df0021468f91d38239a55e90d5fe0cf4e687188e1256eb063063 c11 CANCELLED
IPC_DIAG worker-retire 205850 c12 UNAVAILABLE
IPC_DIAG worker-retire 205856 c11 UNAVAILABLE
IPC_DIAG receive org.alica.matrixproviderb c13 response [Object: null prototype] {
  kind: 'invoke',
  response: [Object: null prototype] {
    requestId: 'f4a996b0-07ed-401b-b03a-b63b90935b05',
    result: [Object: null prototype] { kind: 'success', value: 'slow' }
  },
  wireId: 134217753
}
IPC_DIAG finish f0e99f89c4a6df0021468f91d38239a55e90d5fe0cf4e687188e1256eb063063 c13 complete
IPC_DIAG worker-retire 205856 c13 UNAVAILABLE
IPC_DIAG receive org.alica.matrixproviderb c14 response [Object: null prototype] {
  kind: 'invoke',
  response: [Object: null prototype] {
    requestId: '492613d6-68b9-4f84-9dda-3a22f748fb9d',
    result: [Object: null prototype] { kind: 'success', value: '1:1:0' }
  },
  wireId: 134217755
}
IPC_DIAG finish f0e99f89c4a6df0021468f91d38239a55e90d5fe0cf4e687188e1256eb063063 c14 complete
IPC_DIAG worker-retire 205856 c14 UNAVAILABLE
IPC_DIAG receive org.alica.matrixprovidera c13 request [Object: null prototype] {
  kind: 'bind',
  optional: true,
  requirementIndex: 0,
  scopeId: 'root',
  wireId: 134217750
}
IPC_DIAG receive org.alica.matrixprovidera c13 request [Object: null prototype] {
  call: [Object: null prototype] {
    capabilityId: 'org.alica.matrixb',
    deadlineMs: 1789722730172,
    descriptorDigest: 'sha256:f2194573d7164d46924aa549625e7139c5286fba31598324645b2c0f668607ac',
    operation: 'run',
    payload: 'wait',
    requestId: '09aa277a-c4fd-495e-81f8-b355d15ad856'
  },
  handleId: '7575da00-4d17-4fc1-8636-3a5230591ad6',
  kind: 'outbound',
  requestedMs: 20,
  wireId: 134217745
}
IPC_DIAG finish f0e99f89c4a6df0021468f91d38239a55e90d5fe0cf4e687188e1256eb063063 r16 DEADLINE_EXCEEDED
IPC_DIAG finish e279d85b020c46a224246210a868d80f89eb817d87de5c50c376fe9665538c06 c13 DEADLINE_EXCEEDED
IPC_DIAG worker-retire 205850 c13 UNAVAILABLE
IPC_DIAG receive org.alica.matrixproviderb c15 response [Object: null prototype] {
  kind: 'invoke',
  response: [Object: null prototype] {
    requestId: '4da397a6-7d29-42b7-9768-ab6723d346eb',
    result: [Object: null prototype] { kind: 'success', value: 'slow' }
  },
  wireId: 134217757
}
IPC_DIAG finish f0e99f89c4a6df0021468f91d38239a55e90d5fe0cf4e687188e1256eb063063 c15 complete
IPC_DIAG worker-retire 205856 c15 UNAVAILABLE
IPC_DIAG deadline passed
IPC_DIAG receive org.alica.matrixproviderb c16 response [Object: null prototype] {
  kind: 'invoke',
  response: [Object: null prototype] {
    requestId: '7b65f24f-4813-48fb-bf51-0fcc19af1ce6',
    result: [Object: null prototype] { kind: 'success', value: '1:1:0' }
  },
  wireId: 134217759
}
IPC_DIAG finish f0e99f89c4a6df0021468f91d38239a55e90d5fe0cf4e687188e1256eb063063 c16 complete
IPC_DIAG worker-retire 205856 c16 UNAVAILABLE
IPC_DIAG assertion revoke line169
IPC_DIAG receive org.alica.matrixprovidera c14 request [Object: null prototype] {
  kind: 'bind',
  optional: true,
  requirementIndex: 0,
  scopeId: 'root',
  wireId: 134217752
}
IPC_DIAG receive org.alica.matrixproviderb c17 response [Object: null prototype] {
  kind: 'invoke',
  response: [Object: null prototype] {
    requestId: '6327f125-e5f0-4e24-8cc8-b96f2619c25e',
    result: [Object: null prototype] { kind: 'success', value: '1:1:0' }
  },
  wireId: 134217761
}
IPC_DIAG finish f0e99f89c4a6df0021468f91d38239a55e90d5fe0cf4e687188e1256eb063063 c17 complete
IPC_DIAG worker-retire 205856 c17 UNAVAILABLE
IPC_DIAG receive org.alica.matrixprovidera c14 request [Object: null prototype] {
  call: [Object: null prototype] {
    capabilityId: 'org.alica.matrixb',
    deadlineMs: 1789722734836,
    descriptorDigest: 'sha256:f2194573d7164d46924aa549625e7139c5286fba31598324645b2c0f668607ac',
    operation: 'run',
    payload: 'wait',
    requestId: '2ec7f7d2-8c09-4e27-8315-04dcec444682'
  },
  handleId: '93b43f65-e69d-4977-bb59-9404f16ec1d3',
  kind: 'outbound',
  requestedMs: 4437,
  wireId: 134217747
}
IPC_DIAG receive org.alica.matrixproviderb c19 response [Object: null prototype] {
  kind: 'invoke',
  response: [Object: null prototype] {
    requestId: '8d391e47-12bf-4b4b-aebb-525cc28b8ccb',
    result: [Object: null prototype] { kind: 'success', value: '2:1:0' }
  },
  wireId: 134217765
}
IPC_DIAG finish f0e99f89c4a6df0021468f91d38239a55e90d5fe0cf4e687188e1256eb063063 c19 complete
IPC_DIAG worker-retire 205856 c19 UNAVAILABLE
IPC_DIAG finish f0e99f89c4a6df0021468f91d38239a55e90d5fe0cf4e687188e1256eb063063 c18 CANCELLED
IPC_DIAG worker-retire 205856 c18 UNAVAILABLE
IPC_DIAG receive org.alica.matrixprovidera c14 response [Object: null prototype] {
  kind: 'invoke',
  response: [Object: null prototype] {
    requestId: '43dc0e88-5340-419a-a71f-ffe57245d9da',
    result: [Object: null prototype] {
      error: [Object: null prototype],
      kind: 'error'
    }
  },
  wireId: 134217755
}
IPC_DIAG finish e279d85b020c46a224246210a868d80f89eb817d87de5c50c376fe9665538c06 c14 complete
IPC_DIAG revoke passed
IPC_DIAG worker-retire 205850 c14 UNAVAILABLE
IPC_DIAG receive org.alica.matrixproviderb c20 response [Object: null prototype] {
  kind: 'invoke',
  response: [Object: null prototype] {
    requestId: '2bc04f7e-dde1-4000-8a15-0ee599f5d3fe',
    result: [Object: null prototype] { kind: 'success', value: 'slow' }
  },
  wireId: 134217767
}
IPC_DIAG finish f0e99f89c4a6df0021468f91d38239a55e90d5fe0cf4e687188e1256eb063063 c20 complete
IPC_DIAG worker-retire 205856 c20 UNAVAILABLE
IPC_DIAG receive org.alica.matrixprovidera c15 response [Object: null prototype] {
  kind: 'invoke',
  response: [Object: null prototype] {
    requestId: 'db9bff13-68c5-48a8-8307-45d72a74ea8b',
    result: [Object: null prototype] { kind: 'success', value: '1' }
  },
  wireId: 134217757
}
IPC_DIAG finish e279d85b020c46a224246210a868d80f89eb817d87de5c50c376fe9665538c06 c15 complete
IPC_DIAG worker-retire 205850 c15 UNAVAILABLE
IPC_DIAG receive org.alica.matrixprovidera c16 response [Object: null prototype] { kind: 'quiesced', wireId: 134217759 }
IPC_DIAG finish e279d85b020c46a224246210a868d80f89eb817d87de5c50c376fe9665538c06 c16 complete
IPC_DIAG worker-retire 205850 c16 UNAVAILABLE
IPC_DIAG receive org.alica.matrixprovidera c17 response [Object: null prototype] {
  kind: 'disposed',
  report: [Object: null prototype] {
    completedDisposers: 0,
    failedDisposers: [],
    restartRequired: false,
    state: 'DISPOSED',
    timedOutResources: 0
  },
  wireId: 134217761
}
IPC_DIAG finish e279d85b020c46a224246210a868d80f89eb817d87de5c50c376fe9665538c06 c17 complete
IPC_DIAG fail org.alica.matrixprovidera Error
    at PhysicalSession.fail (file:///home/alica-dev/AlicaV2/packages/kernel/dist/g6/session.js:451:70)
    at file:///home/alica-dev/AlicaV2/packages/kernel/dist/g6/session.js:517:22
    at process.processTicksAndRejections (node:internal/process/task_queues:104:5)
    at async HostIPC.shutdown (file:///home/alica-dev/AlicaV2/packages/kernel/dist/g6/host-adapter.js:232:13)
    at async file:///home/alica-dev/AlicaV2/packages/kernel/dist/index.js:1280:21
    at async consumer (file:///home/alica-dev/AlicaV2/tests/ipc/qualification-consumer.test.mjs:191:3)
    at async TestContext.<anonymous> (file:///home/alica-dev/AlicaV2/tests/ipc/qualification-consumer.test.mjs:213:7)
    at async Test.run (node:internal/test_runner/test:1409:7)
    at async Test.processPendingSubtests (node:internal/test_runner/test:974:7)
IPC_DIAG worker-fail 205850 PeerClosed [AcapError]: UNAVAILABLE
    at NativeStream.receive (file:///home/alica-dev/AlicaV2/packages/kernel/dist/g6/stream.js:119:23)
    at WorkerTransport.pump (file:///home/alica-dev/AlicaV2/packages/kernel/dist/g6/worker-transport.js:114:40)
    at Timeout._onTimeout (file:///home/alica-dev/AlicaV2/packages/kernel/dist/g6/worker-transport.js:67:22)
    at listOnTimeout (node:internal/timers:685:17)
    at process.processTimers (node:internal/timers:618:7) {
  code: 'UNAVAILABLE',
  correlationId: 'ea47b5a6-b9c1-43c9-bbe2-e859b4aebe63',
  retryable: false
} Error
    at WorkerTransport.fail (file:///home/alica-dev/AlicaV2/packages/kernel/dist/g6/worker-transport.js:251:67)
    at Timeout._onTimeout (file:///home/alica-dev/AlicaV2/packages/kernel/dist/g6/worker-transport.js:70:22)
    at listOnTimeout (node:internal/timers:685:17)
    at process.processTimers (node:internal/timers:618:7)
IPC_DIAG worker-retire 205850 c17 UNAVAILABLE
IPC_DIAG dead org.alica.matrixprovidera 1 null
IPC_DIAG receive org.alica.matrixproviderb c21 response [Object: null prototype] {
  kind: 'invoke',
  response: [Object: null prototype] {
    requestId: '2c56fe87-7917-4c57-a0af-99b52c23d175',
    result: [Object: null prototype] { kind: 'success', value: 'leaf' }
  },
  wireId: 134217769
}
IPC_DIAG finish f0e99f89c4a6df0021468f91d38239a55e90d5fe0cf4e687188e1256eb063063 c21 complete
IPC_DIAG worker-retire 205856 c21 UNAVAILABLE
IPC_DIAG receive org.alica.matrixproviderb c22 response [Object: null prototype] { kind: 'quiesced', wireId: 134217771 }
IPC_DIAG finish f0e99f89c4a6df0021468f91d38239a55e90d5fe0cf4e687188e1256eb063063 c22 complete
IPC_DIAG worker-retire 205856 c22 UNAVAILABLE
IPC_DIAG receive org.alica.matrixproviderb c23 response [Object: null prototype] {
  kind: 'disposed',
  report: [Object: null prototype] {
    completedDisposers: 0,
    failedDisposers: [],
    restartRequired: false,
    state: 'DISPOSED',
    timedOutResources: 0
  },
  wireId: 134217773
}
IPC_DIAG finish f0e99f89c4a6df0021468f91d38239a55e90d5fe0cf4e687188e1256eb063063 c23 complete
IPC_DIAG fail org.alica.matrixproviderb Error
    at PhysicalSession.fail (file:///home/alica-dev/AlicaV2/packages/kernel/dist/g6/session.js:451:70)
    at file:///home/alica-dev/AlicaV2/packages/kernel/dist/g6/session.js:517:22
    at process.processTicksAndRejections (node:internal/process/task_queues:104:5)
    at async HostIPC.shutdown (file:///home/alica-dev/AlicaV2/packages/kernel/dist/g6/host-adapter.js:232:13)
    at async file:///home/alica-dev/AlicaV2/packages/kernel/dist/index.js:1280:21
    at async Host.closeScope (file:///home/alica-dev/AlicaV2/packages/kernel/dist/index.js:1342:21)
    at async Host.shutdown (file:///home/alica-dev/AlicaV2/packages/kernel/dist/index.js:1426:9)
    at async TestContext.stop (file:///home/alica-dev/AlicaV2/tools/g3-fixtures.mjs:218:5)
    at async TestHook.run (node:internal/test_runner/test:1409:7)
    at async Test.runHook (node:internal/test_runner/test:1289:9)
IPC_DIAG worker-fail 205856 PeerClosed [AcapError]: UNAVAILABLE
    at NativeStream.receive (file:///home/alica-dev/AlicaV2/packages/kernel/dist/g6/stream.js:119:23)
    at WorkerTransport.pump (file:///home/alica-dev/AlicaV2/packages/kernel/dist/g6/worker-transport.js:114:40)
    at Timeout._onTimeout (file:///home/alica-dev/AlicaV2/packages/kernel/dist/g6/worker-transport.js:67:22)
    at listOnTimeout (node:internal/timers:685:17)
    at process.processTimers (node:internal/timers:618:7) {
  code: 'UNAVAILABLE',
  correlationId: '990ee704-9c59-42b1-9061-f5a0eab99cc3',
  retryable: false
} Error
    at WorkerTransport.fail (file:///home/alica-dev/AlicaV2/packages/kernel/dist/g6/worker-transport.js:251:67)
    at Timeout._onTimeout (file:///home/alica-dev/AlicaV2/packages/kernel/dist/g6/worker-transport.js:70:22)
    at listOnTimeout (node:internal/timers:685:17)
    at process.processTimers (node:internal/timers:618:7)
IPC_DIAG worker-retire 205856 c23 UNAVAILABLE
IPC_DIAG dead org.alica.matrixproviderb 1 null
✔ same-source matrix consumer ipc: ancestry, authority and live sibling independence (3857.06539ms)
ℹ {"consumerSHA256":"08d5ac0a053a0be9c317c179dd704e90fba78b9e8585244b4c3973e79b0e8f95","providerASHA256":"9746fbf0ad5898e51a35a6209e80d09aedbe2126817a97da831192fc9244449d","providerBSHA256":"a82f9788b6336be98163ce077838f99a7e2a60bad4c58fc78054f110a62a9179"}
ℹ tests 2
ℹ suites 0
ℹ pass 2
ℹ fail 0
ℹ cancelled 0
ℹ skipped 0
ℹ todo 0
ℹ duration_ms 5270.183874
SAMPLE_EXIT 0
