
> alica-v2@0.0.0 check
> node tools/check-toolchain.mjs && npm run format:check && npm run build && npm run typecheck && npm run test && node tools/check-schema-sync.mjs && npm run schema && npm run boundaries && npm run secrets && npm run dependencies && npm run test:isolated && node tools/check-sdk-api.mjs && npm run test:external && npm run test:g6-design && npm run build:g6-native && npm run test:g6-native && npm run test:g7-bootstrap && npm run test:g7-contracts

Pinned Node/npm verified

> alica-v2@0.0.0 format:check
> prettier --check package.json package-lock.json tsconfig*.json packages tools/*.mjs tests/foundation tests/kernel tests/contracts .github/workflows tests/sdk tests/ipc tests/g7

Checking formatting...
All matched files use Prettier code style!

> alica-v2@0.0.0 build
> node tools/build.mjs


> alica-v2@0.0.0 typecheck
> tsc -p tsconfig.json --noEmit


> alica-v2@0.0.0 test
> node --experimental-vm-modules --test tests/foundation/*.test.mjs tests/kernel/*.test.mjs tests/contracts/*.test.mjs tests/sdk/*.test.mjs

✔ CLI init/validate/generators run and preserve existing operator files (1928.420021ms)
✔ CLI rejects invalid syntax/unknown flags, duplicate JSON, and redacts diagnostics (820.61897ms)
✔ CLI plugin/bundle/profile validation checks linked artifacts and raw inventory (1068.893623ms)
✔ CLI plugin validation denies symlink escape even for a syntactically valid path (248.168753ms)
✔ CLI conformance has human and machine reports and nonzero exit for wrong behavior (729.913903ms)
✔ CLI validates expected descriptor digest before running conformance (231.093932ms)
✔ stream-only provider passes conformance without unary assumptions (243.222881ms)
✔ generated descriptor preserves prototype-named keys as JSON data (279.42783ms)
✔ public descriptor schema and canonical digest reject semantic and unknown-field violations (13.161853ms)
✔ required versus optional features, version range and digest negotiation (7.479974ms)
✔ closed wire protocol validates digest, unknown operations, payloads and spoofed identity (3.660492ms)
✔ authentication runs before revealing malformed contract details (1.126872ms)
✔ wire behavior survives JSON round trips and non-local plain exceptions (3.197ms)
✔ invalid provider output has normalized contract mismatch (5.187167ms)
✔ absolute expiration causes zero provider invocations and maximum budget clamps (1.623678ms)
✔ cancellation before completion is terminal exactly once (28.4184ms)
✔ cancellation during completion is terminal exactly once (28.70644ms)
✔ cancellation after completion is terminal exactly once (47.930627ms)
✔ request IDs are unique while outstanding; explicit cancel is idempotent (1.525082ms)
✔ parent cancellation and deadlines propagate across sessions (60.649235ms)
✔ instance idempotency: replay, conflict, in-flight duplicate and scope isolation (34.372018ms)
✔ idempotency retention, reset and finite capacity never silently evict live keys (24.688135ms)
✔ none rejects keys; stream idempotency is invalid; durable claim is not faked (3.443394ms)
✔ stream yields detached validated items and exactly one iterator completion (3.077685ms)
✔ stream invalid item and explicit cancellation terminate without late items (2.579427ms)
(node:314141) ExperimentalWarning: VM Modules is an experimental feature and might change at any time
(Use `node --trace-warnings ...` to show where the warning was created)
✔ stream rechecks authority before each item delivery (3.530848ms)
✔ bounded event primitive terminates on overflow and never leaks subsequent queued data (0.365219ms)
✔ event envelope validates exact descriptor and broker identity fields (3.931553ms)
✔ generation is byte deterministic and descriptor changes change generated bindings (5.001267ms)
✔ profile validation rejects duplicate roots, cycles, and unknown pins (2.680066ms)
✔ conformance fails an incorrect provider instead of just validating descriptor (4.346724ms)
✔ Kernel dispatch supports stream and revocation without Kernel imports in provider (123.525764ms)
✔ Kernel instance-idempotency cache is shared across consumer handles (132.32904ms)
✔ monotonic budget prevents late success when wall clock does not advance (13.569481ms)
✔ terminal release callback runs once on both success and cancellation (28.656777ms)
✔ wire diagnostic correlation is preserved without exception identity (0.605671ms)
✔ closed provider refuses both unary and streaming execution (1.573803ms)
✔ conformance does not confuse its own oracle mismatch with a provider error (2.405298ms)
✔ credit starts at zero, bounds grants, and cancellation releases waiting producer (2.507922ms)
✔ slow stream reader applies backpressure rather than consuming unseen items (10.823399ms)
✔ stream values and terminal errors cross JSON without local exception identity (2.564589ms)
✔ stream decoder rejects missing terminal, bad sequence, and unknown fields (0.404352ms)
✔ prototype-named JSON properties remain data through descriptor and invocation (1.336816ms)
✔ finite payload interpreter enforces all G1 type constraints without coercion (0.61132ms)
✔ boundary CLI fails on planted source violation (304.625214ms)
✔ Cell/admin Ajv declaration is limited to exact host importers and target (8.165004ms)
✔ built public entry has no accidental runtime implementation (0.174899ms)
✔ reject deep import (0.48793ms)
✔ reject cross-package relative (0.620107ms)
✔ reject V1 absolute (0.375176ms)
✔ reject dynamic computed (1.465058ms)
✔ reject undeclared external (0.294074ms)
✔ reject developer tooling from package (0.48879ms)
✔ reject host dependency from package (0.440639ms)
✔ reject escape to repo tools (0.369838ms)
✔ accept public type import (0.512134ms)
✔ package exports reject deep runtime import (39.307831ms)
✔ planted synthetic token is rejected without leaking its value (47.183841ms)
✔ ordinary public data passes secret scanner (51.710205ms)
(node:314196) ExperimentalWarning: VM Modules is an experimental feature and might change at any time
(Use `node --trace-warnings ...` to show where the warning was created)
✔ same capability/version with different digest is rejected before activation (66.804776ms)
✔ duplicate visible provider identity is conflict, not load-order selection (61.06623ms)
✔ version/feature exclusions explain deterministic ranking and optional negotiation (168.345175ms)
✔ planning is registry/lifecycle read-only; profile pin controls real calls and lock (455.768689ms)
✔ invalid profile pin fails before evaluating any module (29.902593ms)
✔ cancellation first terminal outcome wins over immediate provider success (87.225045ms)
✔ call values are detached in both directions, not live objects (94.188786ms)
✔ pending uncooperative call is reported instead of falsely clean disposal (108.518688ms)
✔ expired trust stops new calls and quiesces all live instances (152.657545ms)
✔ secret grant rechecked immediately before result delivery (43.530032ms)
✔ nested scopes destroyed before parent owner and stale contexts never revive (39.341296ms)
✔ nested calls cannot extend inherited deadline (195.357286ms)
✔ same-version altered trust metadata and corrupted durable state are rejected (12.429504ms)
(node:314209) ExperimentalWarning: VM Modules is an experimental feature and might change at any time
(Use `node --trace-warnings ...` to show where the warning was created)
✔ independent Echo A passes unchanged consumer suite (421.627145ms)
✔ independent Echo B passes unchanged consumer suite (356.745791ms)
✔ selection invariant under order a,b (196.309429ms)
✔ selection invariant under order b,a (214.045412ms)
✔ strict parser rejects {"a":1,"a":2} (0.351162ms)
✔ strict parser rejects {"a":1e0} (0.154782ms)
✔ strict parser rejects {"a":1.0} (0.116538ms)
✔ strict parser rejects {"a":9007199254740992} (0.092884ms)
✔ strict parser rejects {"a":"\ud800"} (0.178416ms)
✔ strict parser rejects {"é":1} (0.169729ms)
✔ strict parser rejects [1,] (0.110248ms)
✔ strict parser rejects {"a":true}x (0.086442ms)
✔ bounded parsing/canonicalization rejects deep, cyclic, accessor, sparse and oversized values (1.096766ms)
✔ runtime canonical digest matches G1 descriptor and Unicode/control rules (0.259208ms)
✔ configuration is closed and secrets cannot be placed in config (9.901874ms)
✔ verification rejects signature before evaluation (18.581307ms)
✔ verification rejects file before evaluation (14.538694ms)
✔ verification rejects unknown-manifest before evaluation (17.128751ms)
✔ verification rejects duplicate-json before evaluation (14.550456ms)
✔ verification rejects untrusted-key before evaluation (14.746244ms)
✔ verification rejects invalid-stream-idempotency before evaluation (14.752096ms)
✔ loaded bytes are immutable after verification (33.472886ms)
✔ unverified module imports cannot be linked or evaluated (26.779603ms)
✔ missing mandatory dependency blocks ACTIVE (26.924727ms)
✔ incompatible mandatory dependency blocks ACTIVE (32.17935ms)
✔ denied mandatory dependency blocks ACTIVE (31.30863ms)
✔ mandatory cycles rejected; no participant becomes ACTIVE (59.05271ms)
✔ partial activation never publishes; effects clean in reverse order; disposal idempotent (31.089508ms)
✔ staged registration invisible while activation awaits (51.234176ms)
✔ cleanup failures remain FAILED, remaining disposers still execute (47.471043ms)
✔ uncooperative disposer times out and requires restart (44.59135ms)
✔ capability denial and optional absence are distinct (62.871189ms)
✔ revoked grant invalidates retained handle (86.358744ms)
✔ expired grant invalidates retained handle (73.071104ms)
✔ wrong principal/instance/scope generation and widened child grants rejected (63.303373ms)
✔ child scope teardown invalidates handles and removes only owned resources (105.00898ms)
✔ parent cannot see child registrations (71.744747ms)
✔ mandatory provider loss quiesces consumer transitively without rebinding (188.885229ms)
✔ revocation during call prevents result delivery (117.082092ms)
✔ unload during call cancels delivery and cleans call tracking (88.204669ms)
✔ deadline, cancellation, input/output validation and no idempotent replay (160.061478ms)
✔ provider errors and invalid output normalized without value leakage (70.77916ms)
✔ secret access requires declaration and separate grant; inspection redacts values (50.346056ms)
✔ events deliver FIFO broker identity; disposer removes listener (96.026877ms)
✔ event rechecks revoked subscription and publisher; handler failures isolated (58.036116ms)
✔ bounded event overflow terminates affected subscription and cleanup reclaims listener (108.100932ms)
✔ audit exhaustion blocks mutation but never emergency revocation (40.351207ms)
✔ expired trust and backward clock fail closed (28.52529ms)
✔ trust revocation quiesces running providers (118.503959ms)
✔ persistent trust state rejects rollback and missing-state recovery (13.874073ms)
✔ root rotation requires both old and new signatures plus exact next policy (37.497082ms)
(node:314294) ExperimentalWarning: VM Modules is an experimental feature and might change at any time
(Use `node --trace-warnings ...` to show where the warning was created)
✔ runtime matches frozen Python/OpenSSL vector C-00 (2.328504ms)
✔ runtime matches frozen Python/OpenSSL vector C-01 (0.236725ms)
✔ runtime matches frozen Python/OpenSSL vector C-02 (0.224843ms)
✔ runtime matches frozen Python/OpenSSL vector C-03 (0.220034ms)
✔ runtime matches frozen Python/OpenSSL vector C-04 (0.278946ms)
✔ runtime matches frozen Python/OpenSSL vector C-05 (0.207731ms)
✔ runtime matches frozen Python/OpenSSL vector C-06 (0.157887ms)
✔ runtime matches frozen Python/OpenSSL vector C-07 (0.200839ms)
✔ runtime matches frozen Python/OpenSSL vector C-08 (1.4659ms)
✔ runtime matches frozen Python/OpenSSL vector C-09 (0.506264ms)
✔ runtime matches frozen Python/OpenSSL vector C-10 (0.311026ms)
✔ runtime matches frozen Python/OpenSSL vector C-11 (0.225926ms)
✔ runtime matches frozen Python/OpenSSL vector C-12 (0.134854ms)
✔ runtime matches frozen Python/OpenSSL vector C-13 (0.126288ms)
✔ runtime matches frozen Python/OpenSSL vector C-14 (0.251374ms)
✔ runtime matches frozen Python/OpenSSL vector C-15 (0.416574ms)
✔ runtime matches frozen Python/OpenSSL vector C-16 (0.22299ms)
✔ runtime matches frozen Python/OpenSSL vector C-17 (0.174198ms)
✔ mandatory activation binding cannot silently switch after catalog changes (177.510131ms)
✔ plugin log admits only fixed safe metadata and quiesce is idempotent (47.900051ms)
(node:314330) ExperimentalWarning: VM Modules is an experimental feature and might change at any time
(Use `node --trace-warnings ...` to show where the warning was created)
✔ real Kernel verifies and activates SDK-only signed relative module graph (148.737075ms)
✔ real Kernel rejects tampered dependent module before evaluation (14.535719ms)
✔ production linker rejects @alica/kernel before evaluation (20.541157ms)
✔ production linker rejects @alica/testkit before evaluation (25.695862ms)
✔ production linker rejects node:fs before evaluation (28.121439ms)
✔ production linker rejects ../../escape.js before evaluation (26.35311ms)
✔ production linker rejects ./missing.js before evaluation (23.942181ms)
✔ production linker rejects @alica/plugin-sdk/dist/index.js before evaluation (29.849192ms)
✔ real SDK optional cannot turn a denied capability into absence (59.517234ms)
✔ public SDK provides, resolves, and bridges generated endpoints (21.915775ms)
✔ independently implemented provider substitutes without consumer changes (6.329486ms)
✔ missing optional returns null but denied optional does not hide permissions (1.695885ms)
✔ optional does not hide incompatible present provider (3.229891ms)
✔ idempotent disposer shares result and rejection without executing twice (0.415843ms)
✔ owned effects clean in reverse order and partial acquisition cleans immediately (2.459049ms)
✔ activation injection rolls back staged providers and acquired effects (1.796532ms)
✔ revocation injection rejects existing handle before provider dispatch (6.334318ms)
✔ timeout injection is deterministic, one-shot, and not elapsed-time simulation (2.591609ms)
✔ cleanup injection is reported while remaining cleanups continue (1.04656ms)
✔ cleanup timeout is visible and does not hang disposal (7.751866ms)
✔ destroyed child handles cannot escape their owning scope (3.596912ms)
✔ provider disposal invalidates old handles instead of rebinding (1.878327ms)
✔ typed events validate payloads and deliver immutable broker envelopes (3.839248ms)
✔ secret references are scoped and logs refuse arbitrary data fields (2.039701ms)
✔ invalid input and unknown operation retain exact ACAP rejection codes (2.654347ms)
✔ uncooperative event handler is reported as incomplete cleanup (10.049803ms)
✔ optional validates malformed requirement before reporting absence (8.828373ms)
ℹ tests 170
ℹ suites 0
ℹ pass 170
ℹ fail 0
ℹ cancelled 0
ℹ skipped 0
ℹ todo 0
ℹ duration_ms 5867.877313
Runtime schemas match frozen G1 schema sources

> alica-v2@0.0.0 schema
> python3 -S tools/run-design.py

test_authorized (test_g1_completion.AuthorityLifecycle.test_authorized) ... ok
test_changed_instance (test_g1_completion.AuthorityLifecycle.test_changed_instance) ... ok
test_changed_principal (test_g1_completion.AuthorityLifecycle.test_changed_principal) ... ok
test_deadline_inheritance (test_g1_completion.AuthorityLifecycle.test_deadline_inheritance) ... ok
test_every_transition (test_g1_completion.AuthorityLifecycle.test_every_transition) ... ok
test_expiry_boundary (test_g1_completion.AuthorityLifecycle.test_expiry_boundary) ... ok
test_future_issuance (test_g1_completion.AuthorityLifecycle.test_future_issuance) ... ok
test_offline_backward_clock (test_g1_completion.AuthorityLifecycle.test_offline_backward_clock) ... ok
test_offline_expired (test_g1_completion.AuthorityLifecycle.test_offline_expired) ... ok
test_offline_fresh (test_g1_completion.AuthorityLifecycle.test_offline_fresh) ... ok
test_offline_old_metadata (test_g1_completion.AuthorityLifecycle.test_offline_old_metadata) ... ok
test_offline_rollback_metadata (test_g1_completion.AuthorityLifecycle.test_offline_rollback_metadata) ... ok
test_partial_cleanup_keeps_failure (test_g1_completion.AuthorityLifecycle.test_partial_cleanup_keeps_failure) ... ok
test_reused_scope (test_g1_completion.AuthorityLifecycle.test_reused_scope) ... ok
test_revision_revoke (test_g1_completion.AuthorityLifecycle.test_revision_revoke) ... ok
test_revoked_flag (test_g1_completion.AuthorityLifecycle.test_revoked_flag) ... ok
test_sibling_scope (test_g1_completion.AuthorityLifecycle.test_sibling_scope) ... ok
test_terminal_first_wins (test_g1_completion.AuthorityLifecycle.test_terminal_first_wins) ... ok
test_wrong_operation (test_g1_completion.AuthorityLifecycle.test_wrong_operation) ... ok
test_semantic_positive_bundle (test_g1_completion.CompleteSchemas.test_semantic_positive_bundle) ... ok
test_semantic_positive_call (test_g1_completion.CompleteSchemas.test_semantic_positive_call) ... ok
test_semantic_positive_capability (test_g1_completion.CompleteSchemas.test_semantic_positive_capability) ... ok
test_semantic_positive_error (test_g1_completion.CompleteSchemas.test_semantic_positive_error) ... ok
test_semantic_positive_event (test_g1_completion.CompleteSchemas.test_semantic_positive_event) ... ok
test_semantic_positive_event_descriptor (test_g1_completion.CompleteSchemas.test_semantic_positive_event_descriptor) ... ok
test_semantic_positive_event_grant (test_g1_completion.CompleteSchemas.test_semantic_positive_event_grant) ... ok
test_semantic_positive_grant (test_g1_completion.CompleteSchemas.test_semantic_positive_grant) ... ok
test_semantic_positive_package_index (test_g1_completion.CompleteSchemas.test_semantic_positive_package_index) ... ok
test_semantic_positive_plugin (test_g1_completion.CompleteSchemas.test_semantic_positive_plugin) ... ok
test_semantic_positive_profile (test_g1_completion.CompleteSchemas.test_semantic_positive_profile) ... ok
test_semantic_positive_resolution_lock (test_g1_completion.CompleteSchemas.test_semantic_positive_resolution_lock) ... ok
test_semantic_positive_response (test_g1_completion.CompleteSchemas.test_semantic_positive_response) ... ok
test_semantic_positive_revocation (test_g1_completion.CompleteSchemas.test_semantic_positive_revocation) ... ok
test_semantic_positive_root_rotation (test_g1_completion.CompleteSchemas.test_semantic_positive_root_rotation) ... ok
test_semantic_positive_secret_grant (test_g1_completion.CompleteSchemas.test_semantic_positive_secret_grant) ... ok
test_semantic_positive_signature (test_g1_completion.CompleteSchemas.test_semantic_positive_signature) ... ok
test_semantic_positive_trust_policy (test_g1_completion.CompleteSchemas.test_semantic_positive_trust_policy) ... ok
test_dual_root_and_openssl (test_g1_completion.CryptoVectors.test_dual_root_and_openssl) ... ok
test_missing_rotation_signature (test_g1_completion.CryptoVectors.test_missing_rotation_signature) ... ok
test_tampered_record (test_g1_completion.CryptoVectors.test_tampered_record) ... ok
test_wrong_domain (test_g1_completion.CryptoVectors.test_wrong_domain) ... ok
test_wrong_root (test_g1_completion.CryptoVectors.test_wrong_root) ... ok
test_both_reject_nonascii_key (test_g1_completion.Digests.test_both_reject_nonascii_key) ... ok
test_both_reject_surrogate (test_g1_completion.Digests.test_both_reject_surrogate) ... ok
test_golden_vectors (test_g1_completion.Digests.test_golden_vectors) ... ok
test_reject_duplicates_raw (test_g1_completion.Digests.test_reject_duplicates_raw) ... ok
test_reject_oversize_raw (test_g1_completion.Digests.test_reject_oversize_raw) ... ok
test_const_enum_mismatch (test_g1_completion.NegativeSemantic.test_const_enum_mismatch) ... ok
test_const_wrong_type (test_g1_completion.NegativeSemantic.test_const_wrong_type) ... ok
test_dependency_duplicates (test_g1_completion.NegativeSemantic.test_dependency_duplicates) ... ok
test_empty_capability_operations (test_g1_completion.NegativeSemantic.test_empty_capability_operations) ... ok
test_enum_duplicate (test_g1_completion.NegativeSemantic.test_enum_duplicate) ... ok
test_enum_wrong_type (test_g1_completion.NegativeSemantic.test_enum_wrong_type) ... ok
test_event_descriptor_fixture_binding (test_g1_completion.NegativeSemantic.test_event_descriptor_fixture_binding) ... ok
test_event_duplicate_declaration (test_g1_completion.NegativeSemantic.test_event_duplicate_declaration) ... ok
test_event_instance_required (test_g1_completion.NegativeSemantic.test_event_instance_required) ... ok
test_event_scope_generation_required (test_g1_completion.NegativeSemantic.test_event_scope_generation_required) ... ok
test_event_unknown_metadata (test_g1_completion.NegativeSemantic.test_event_unknown_metadata) ... ok
test_event_wrong_operation (test_g1_completion.NegativeSemantic.test_event_wrong_operation) ... ok
test_expired_interval (test_g1_completion.NegativeSemantic.test_expired_interval) ... ok
test_feature_overlap (test_g1_completion.NegativeSemantic.test_feature_overlap) ... ok
test_inverted_version_range (test_g1_completion.NegativeSemantic.test_inverted_version_range) ... ok
test_lock_duplicate_binding (test_g1_completion.NegativeSemantic.test_lock_duplicate_binding) ... ok
test_lock_plugin_order (test_g1_completion.NegativeSemantic.test_lock_plugin_order) ... ok
test_lock_unknown_provider (test_g1_completion.NegativeSemantic.test_lock_unknown_provider) ... ok
test_lock_wrong_package (test_g1_completion.NegativeSemantic.test_lock_wrong_package) ... ok
test_missing_idempotency_policy (test_g1_completion.NegativeSemantic.test_missing_idempotency_policy) ... ok
test_package_duplicate_path (test_g1_completion.NegativeSemantic.test_package_duplicate_path) ... ok
test_package_missing_manifest (test_g1_completion.NegativeSemantic.test_package_missing_manifest) ... ok
test_payload_range (test_g1_completion.NegativeSemantic.test_payload_range) ... ok
test_payload_wrong_keyword (test_g1_completion.NegativeSemantic.test_payload_wrong_keyword) ... ok
test_pin_unknown_provider (test_g1_completion.NegativeSemantic.test_pin_unknown_provider) ... ok
test_policy_for_none (test_g1_completion.NegativeSemantic.test_policy_for_none) ... ok
test_required_missing_property (test_g1_completion.NegativeSemantic.test_required_missing_property) ... ok
test_response_both_outcomes (test_g1_completion.NegativeSemantic.test_response_both_outcomes) ... ok
test_rotation_same_key (test_g1_completion.NegativeSemantic.test_rotation_same_key) ... ok
test_rotation_skips_version (test_g1_completion.NegativeSemantic.test_rotation_skips_version) ... ok
test_scope_cycle (test_g1_completion.NegativeSemantic.test_scope_cycle) ... ok
test_scope_two_roots (test_g1_completion.NegativeSemantic.test_scope_two_roots) ... ok
test_secret_wrong_operation (test_g1_completion.NegativeSemantic.test_secret_wrong_operation) ... ok
test_stream_idempotency (test_g1_completion.NegativeSemantic.test_stream_idempotency) ... ok
test_unknown_parent (test_g1_completion.NegativeSemantic.test_unknown_parent) ... ok
test_version_component_overflow (test_g1_completion.NegativeSemantic.test_version_component_overflow) ... ok
test_catalog_permutations (test_g1_completion.Negotiation.test_catalog_permutations) ... ok
test_conflicting_descriptor (test_g1_completion.Negotiation.test_conflicting_descriptor) ... ok
test_max_minor (test_g1_completion.Negotiation.test_max_minor) ... ok
test_optional_features (test_g1_completion.Negotiation.test_optional_features) ... ok
test_optional_features_absent (test_g1_completion.Negotiation.test_optional_features_absent) ... ok
test_bool_not_integer (test_specifications.CanonicalTests.test_bool_not_integer) ... ok
test_depth (test_specifications.CanonicalTests.test_depth) ... ok
test_descriptor_digest (test_specifications.CanonicalTests.test_descriptor_digest) ... ok
test_duplicate_keys (test_specifications.CanonicalTests.test_duplicate_keys) ... ok
test_exponent (test_specifications.CanonicalTests.test_exponent) ... ok
test_fixed_bytes (test_specifications.CanonicalTests.test_fixed_bytes) ... ok
test_float (test_specifications.CanonicalTests.test_float) ... ok
test_key_order (test_specifications.CanonicalTests.test_key_order) ... ok
test_nan (test_specifications.CanonicalTests.test_nan) ... ok
test_negative_zero (test_specifications.CanonicalTests.test_negative_zero) ... ok
test_nonascii_key (test_specifications.CanonicalTests.test_nonascii_key) ... ok
test_range (test_specifications.CanonicalTests.test_range) ... ok
test_size (test_specifications.CanonicalTests.test_size) ... ok
test_surrogate (test_specifications.CanonicalTests.test_surrogate) ... ok
test_denied_grant (test_specifications.DesignExamples.test_denied_grant) ... ok
test_invisible_provider (test_specifications.DesignExamples.test_invisible_provider) ... ok
test_missing_feature (test_specifications.DesignExamples.test_missing_feature) ... ok
test_missing_operation (test_specifications.DesignExamples.test_missing_operation) ... ok
test_missing_pin_no_fallback (test_specifications.DesignExamples.test_missing_pin_no_fallback) ... ok
test_numeric_version (test_specifications.DesignExamples.test_numeric_version) ... ok
test_pin (test_specifications.DesignExamples.test_pin) ... ok
test_shuffle_resolution (test_specifications.DesignExamples.test_shuffle_resolution) ... ok
test_untrusted_provider (test_specifications.DesignExamples.test_untrusted_provider) ... ok
test_wrong_major (test_specifications.DesignExamples.test_wrong_major) ... ok
test_absolute_path (test_specifications.NegativeTests.test_absolute_path) ... ok
test_backslash_path (test_specifications.NegativeTests.test_backslash_path) ... ok
test_bad_grant_interval (test_specifications.NegativeTests.test_bad_grant_interval) ... ok
test_duplicate_bundle_path (test_specifications.NegativeTests.test_duplicate_bundle_path) ... ok
test_duplicate_features (test_specifications.NegativeTests.test_duplicate_features) ... ok
test_duplicate_operation (test_specifications.NegativeTests.test_duplicate_operation) ... ok
test_duplicate_profile_plugin (test_specifications.NegativeTests.test_duplicate_profile_plugin) ... ok
test_leading_zero_version (test_specifications.NegativeTests.test_leading_zero_version) ... ok
test_path_traversal (test_specifications.NegativeTests.test_path_traversal) ... ok
test_prerelease (test_specifications.NegativeTests.test_prerelease) ... ok
test_remote_schema (test_specifications.NegativeTests.test_remote_schema) ... ok
test_retry_denial (test_specifications.NegativeTests.test_retry_denial) ... ok
test_secret_value_in_profile (test_specifications.NegativeTests.test_secret_value_in_profile) ... ok
test_unknown_mode (test_specifications.NegativeTests.test_unknown_mode) ... ok
test_missing_field_bundle (test_specifications.SchemaTests.test_missing_field_bundle) ... ok
test_missing_field_call (test_specifications.SchemaTests.test_missing_field_call) ... ok
test_missing_field_capability (test_specifications.SchemaTests.test_missing_field_capability) ... ok
test_missing_field_error (test_specifications.SchemaTests.test_missing_field_error) ... ok
test_missing_field_event (test_specifications.SchemaTests.test_missing_field_event) ... ok
test_missing_field_event_descriptor (test_specifications.SchemaTests.test_missing_field_event_descriptor) ... ok
test_missing_field_event_grant (test_specifications.SchemaTests.test_missing_field_event_grant) ... ok
test_missing_field_grant (test_specifications.SchemaTests.test_missing_field_grant) ... ok
test_missing_field_package_index (test_specifications.SchemaTests.test_missing_field_package_index) ... ok
test_missing_field_plugin (test_specifications.SchemaTests.test_missing_field_plugin) ... ok
test_missing_field_profile (test_specifications.SchemaTests.test_missing_field_profile) ... ok
test_missing_field_resolution_lock (test_specifications.SchemaTests.test_missing_field_resolution_lock) ... ok
test_missing_field_response (test_specifications.SchemaTests.test_missing_field_response) ... ok
test_missing_field_revocation (test_specifications.SchemaTests.test_missing_field_revocation) ... ok
test_missing_field_root_rotation (test_specifications.SchemaTests.test_missing_field_root_rotation) ... ok
test_missing_field_secret_grant (test_specifications.SchemaTests.test_missing_field_secret_grant) ... ok
test_missing_field_signature (test_specifications.SchemaTests.test_missing_field_signature) ... ok
test_missing_field_trust_policy (test_specifications.SchemaTests.test_missing_field_trust_policy) ... ok
test_unknown_field_bundle (test_specifications.SchemaTests.test_unknown_field_bundle) ... ok
test_unknown_field_call (test_specifications.SchemaTests.test_unknown_field_call) ... ok
test_unknown_field_capability (test_specifications.SchemaTests.test_unknown_field_capability) ... ok
test_unknown_field_error (test_specifications.SchemaTests.test_unknown_field_error) ... ok
test_unknown_field_event (test_specifications.SchemaTests.test_unknown_field_event) ... ok
test_unknown_field_event_descriptor (test_specifications.SchemaTests.test_unknown_field_event_descriptor) ... ok
test_unknown_field_event_grant (test_specifications.SchemaTests.test_unknown_field_event_grant) ... ok
test_unknown_field_grant (test_specifications.SchemaTests.test_unknown_field_grant) ... ok
test_unknown_field_package_index (test_specifications.SchemaTests.test_unknown_field_package_index) ... ok
test_unknown_field_plugin (test_specifications.SchemaTests.test_unknown_field_plugin) ... ok
test_unknown_field_profile (test_specifications.SchemaTests.test_unknown_field_profile) ... ok
test_unknown_field_resolution_lock (test_specifications.SchemaTests.test_unknown_field_resolution_lock) ... ok
test_unknown_field_response (test_specifications.SchemaTests.test_unknown_field_response) ... ok
test_unknown_field_revocation (test_specifications.SchemaTests.test_unknown_field_revocation) ... ok
test_unknown_field_root_rotation (test_specifications.SchemaTests.test_unknown_field_root_rotation) ... ok
test_unknown_field_secret_grant (test_specifications.SchemaTests.test_unknown_field_secret_grant) ... ok
test_unknown_field_signature (test_specifications.SchemaTests.test_unknown_field_signature) ... ok
test_unknown_field_trust_policy (test_specifications.SchemaTests.test_unknown_field_trust_policy) ... ok
test_valid_bundle (test_specifications.SchemaTests.test_valid_bundle) ... ok
test_valid_call (test_specifications.SchemaTests.test_valid_call) ... ok
test_valid_capability (test_specifications.SchemaTests.test_valid_capability) ... ok
test_valid_error (test_specifications.SchemaTests.test_valid_error) ... ok
test_valid_event (test_specifications.SchemaTests.test_valid_event) ... ok
test_valid_event_descriptor (test_specifications.SchemaTests.test_valid_event_descriptor) ... ok
test_valid_event_grant (test_specifications.SchemaTests.test_valid_event_grant) ... ok
test_valid_grant (test_specifications.SchemaTests.test_valid_grant) ... ok
test_valid_package_index (test_specifications.SchemaTests.test_valid_package_index) ... ok
test_valid_plugin (test_specifications.SchemaTests.test_valid_plugin) ... ok
test_valid_profile (test_specifications.SchemaTests.test_valid_profile) ... ok
test_valid_resolution_lock (test_specifications.SchemaTests.test_valid_resolution_lock) ... ok
test_valid_response (test_specifications.SchemaTests.test_valid_response) ... ok
test_valid_revocation (test_specifications.SchemaTests.test_valid_revocation) ... ok
test_valid_root_rotation (test_specifications.SchemaTests.test_valid_root_rotation) ... ok
test_valid_secret_grant (test_specifications.SchemaTests.test_valid_secret_grant) ... ok
test_valid_signature (test_specifications.SchemaTests.test_valid_signature) ... ok
test_valid_trust_policy (test_specifications.SchemaTests.test_valid_trust_policy) ... ok
test_activation_staging (test_specifications.ScopeLifecycleExamples.test_activation_staging) ... ok
test_ancestor_visible (test_specifications.ScopeLifecycleExamples.test_ancestor_visible) ... ok
test_bad_signature_padding (test_specifications.ScopeLifecycleExamples.test_bad_signature_padding) ... ok
test_call_cannot_assert_authority (test_specifications.ScopeLifecycleExamples.test_call_cannot_assert_authority) ... ok
test_child_hidden_from_parent (test_specifications.ScopeLifecycleExamples.test_child_hidden_from_parent) ... ok
test_grant_expiry_boundary (test_specifications.ScopeLifecycleExamples.test_grant_expiry_boundary) ... ok
test_grant_intersection (test_specifications.ScopeLifecycleExamples.test_grant_intersection) ... ok
test_reverse_disposal_order (test_specifications.ScopeLifecycleExamples.test_reverse_disposal_order) ... ok
test_revoked_revision (test_specifications.ScopeLifecycleExamples.test_revoked_revision) ... ok
test_scope_self_visible (test_specifications.ScopeLifecycleExamples.test_scope_self_visible) ... ok
test_sibling_hidden (test_specifications.ScopeLifecycleExamples.test_sibling_hidden) ... ok
test_stale_generation (test_specifications.ScopeLifecycleExamples.test_stale_generation) ... ok
test_terminal_state (test_specifications.ScopeLifecycleExamples.test_terminal_state) ... ok

----------------------------------------------------------------------
Ran 193 tests in 0.250s

OK

> alica-v2@0.0.0 boundaries
> node tools/check-boundaries.mjs

Public import boundaries passed

> alica-v2@0.0.0 secrets
> python3 tools/check-secrets.py

Secret pattern check passed

> alica-v2@0.0.0 dependencies
> python3 -S tools/check-dependencies.py

npm @types/node 24.13.5 MIT
npm ajv 8.20.0 MIT
npm fast-deep-equal 3.1.3 MIT
npm fast-uri 3.1.8 BSD-3-Clause
npm json-schema-traverse 1.0.0 MIT
npm prettier 3.9.7 MIT
npm require-from-string 2.0.2 MIT
npm typescript 6.0.3 Apache-2.0
npm undici-types 7.18.2 MIT
python attrs 26.1.0 MIT
python cffi 2.1.1 MIT-0
python cryptography 50.0.1 Apache-2.0 OR BSD-3-Clause
python jsonschema 4.26.0 MIT
python jsonschema-specifications 2025.9.1 MIT
python pycparser 3.0 BSD-3-Clause
python referencing 0.37.0 MIT
python rpds-py 2026.6.3 MIT
python typing_extensions 4.16.0 PSF-2.0
Exact dependencies and reviewed license allowlist passed; not a vulnerability scan

> alica-v2@0.0.0 test:isolated
> node tools/test-isolated.mjs

{"schemaVersion":"alica.isolated-conformance/v1","passed":true,"installedPackages":["@alica/acap-types","@alica/acap-contracts","@alica/alicac"],"kernelInstalled":false,"generatedArtifactsDeterministic":true,"generatedTypesChecked":true,"wireRoundTrip":true,"conformance":{"checks":[{"name":"fixture:independent-add","passed":true},{"name":"fixture:recorded-replay","passed":true},{"name":"fixture:changed-payload-conflict","passed":true},{"name":"fixture:stream-count","passed":true},{"name":"fixture:empty-stream","passed":true},{"name":"wrong-digest","passed":true},{"name":"unknown-operation","passed":true},{"name":"expired-request","passed":true},{"name":"caller-spoof","passed":true},{"name":"incompatible-negotiation","passed":true}],"descriptorDigest":"sha256:8766c5d4a8e68a5194a76fc0ce18ed3b50b86ce8765508fc95c05de0d83bff21","passed":true,"schemaVersion":"alica.conformance/v1"}}
ISOLATED_CONSUMER_PASS kernelUnavailable=true generatedClient=true wireRoundTrip=true idempotentInvocations=1
SDK/testkit runtime exports and declaration snapshots passed

> alica-v2@0.0.0 test:external
> node tools/test-external-sdk.mjs

{"schemaVersion":"alica.g5-external/v1","level":"PROVIDER","sourceRevision":"a314e56a17958fa7befa0d07b90b8327c8e2fd0c","runtime":"v24.21.0","publicImportsOnly":true,"authorProjectHasNoKernel":true,"separateOperatorProject":true,"deterministicGeneration":true,"negativeTypeCheck":true,"packageFiles":["consumer.plugin.json","contracts/math.json","contracts/result.json","dist/consumer.d.ts","dist/consumer.js","dist/provider.d.ts","dist/provider.js","generated/client.d.mts","generated/client.mjs","generated/provider.d.mts","generated/provider.mjs","package.json","provider.plugin.json"],"conformance":{"checks":[{"name":"fixture:positive","passed":true},{"name":"fixture:negative","passed":true},{"name":"fixture:zero","passed":true},{"name":"fixture:invalid-input","passed":true},{"name":"wrong-digest","passed":true},{"name":"unknown-operation","passed":true},{"name":"expired-request","passed":true},{"name":"caller-spoof","passed":true},{"name":"incompatible-negotiation","passed":true}],"descriptorDigest":"sha256:19bfc82bed3b4f3478966a8b6a86a1d7c14999387231d2f1dbb6ff239cd1167e","passed":true,"schemaVersion":"alica.conformance/v1"},"production":{"level":"PROVIDER","transport":"inproc","signedPackageVerified":true,"inventoryOnlyModules":true,"publicSdk":true,"result":42,"cleanup":{"completedDisposers":2,"failedDisposers":[],"restartRequired":false,"state":"DISPOSED","timedOutResources":0},"providerActivated":true},"commands":[["npm","pack","/home/alica-dev/AlicaV2/packages/acap-types","--pack-destination","$TMP/artifacts","--json","--ignore-scripts"],["npm","pack","/home/alica-dev/AlicaV2/packages/acap-contracts","--pack-destination","$TMP/artifacts","--json","--ignore-scripts"],["npm","pack","/home/alica-dev/AlicaV2/packages/plugin-sdk","--pack-destination","$TMP/artifacts","--json","--ignore-scripts"],["npm","pack","/home/alica-dev/AlicaV2/packages/testkit","--pack-destination","$TMP/artifacts","--json","--ignore-scripts"],["npm","pack","/home/alica-dev/AlicaV2/packages/alicac","--pack-destination","$TMP/artifacts","--json","--ignore-scripts"],["npm","pack","/home/alica-dev/AlicaV2/packages/kernel","--pack-destination","$TMP/artifacts","--json","--ignore-scripts"],["npm","install","--no-save","--ignore-scripts","--no-audit","--no-fund","$TMP/artifacts/alica-acap-types-0.0.0.tgz","$TMP/artifacts/alica-acap-contracts-0.0.0.tgz","$TMP/artifacts/alica-plugin-sdk-0.1.0.tgz","$TMP/artifacts/alica-testkit-0.1.0.tgz","$TMP/artifacts/alica-alicac-0.0.0.tgz"],["/tmp/alica-g5-external-C7kptj/author/node_modules/.bin/alicac","capability","init","--id","org.tutorial.math","--out","starter.json","--json"],["/tmp/alica-g5-external-C7kptj/author/node_modules/.bin/alicac","capability","validate","contracts/math.json","--json"],["npm","run","build"],["npm","run","build"],["npm","test"],["/tmp/alica-g5-external-C7kptj/author/node_modules/.bin/alicac","conformance","run","--provider","dist/provider.js","--fixtures","conformance.json","--json"],["npm","run","verify"],["npm","run","run"],["node","--input-type=module","-e","import assert from 'node:assert/strict';import {createRequire} from 'node:module';const require=createRequire(import.meta.url);assert.throws(()=>require.resolve('@alica/kernel'),e=>e.code==='MODULE_NOT_FOUND');for(const p of ['@alica/plugin-sdk/dist/index.js','@alica/testkit/dist/index.js'])assert.throws(()=>require.resolve(p),e=>e.code==='ERR_PACKAGE_PATH_NOT_EXPORTED')"],["node","node_modules/typescript/bin/tsc","--noEmit","-p","tsconfig.json"],["npm","pack","--pack-destination","$TMP/artifacts","--json","--ignore-scripts"],["npm","install","--no-save","--ignore-scripts","--no-audit","--no-fund","$TMP/artifacts/alica-acap-types-0.0.0.tgz","$TMP/artifacts/alica-acap-contracts-0.0.0.tgz","$TMP/artifacts/alica-plugin-sdk-0.1.0.tgz","$TMP/artifacts/alica-kernel-0.0.0.tgz","$TMP/artifacts/tutorial-plugins-0.1.0.tgz"],["node","--experimental-vm-modules","operator-run.mjs"]]}

> alica-v2@0.0.0 test:g6-design
> python3 -S tools/check-g6-design.py && python3 -S tools/test-g6-context-model.py

{
  "level": "SCHEMA-DESIGN-ONLY",
  "schemaChecksPassed": 248,
  "runtimeQualification": false,
  "cases": [
    {
      "case": "valid-hello",
      "passed": true,
      "expectedValid": true,
      "direction": null
    },
    {
      "case": "closed-hello-envelope",
      "passed": true,
      "expectedValid": false,
      "direction": null
    },
    {
      "case": "closed-hello-body",
      "passed": true,
      "expectedValid": false,
      "direction": null
    },
    {
      "case": "generation-required-hello",
      "passed": true,
      "expectedValid": false,
      "direction": null
    },
    {
      "case": "valid-accepted",
      "passed": true,
      "expectedValid": true,
      "direction": null
    },
    {
      "case": "closed-accepted-envelope",
      "passed": true,
      "expectedValid": false,
      "direction": null
    },
    {
      "case": "closed-accepted-body",
      "passed": true,
      "expectedValid": false,
      "direction": null
    },
    {
      "case": "generation-required-accepted",
      "passed": true,
      "expectedValid": false,
      "direction": null
    },
    {
      "case": "valid-request",
      "passed": true,
      "expectedValid": true,
      "direction": null
    },
    {
      "case": "closed-request-envelope",
      "passed": true,
      "expectedValid": false,
      "direction": null
    },
    {
      "case": "closed-request-body",
      "passed": true,
      "expectedValid": false,
      "direction": null
    },
    {
      "case": "generation-required-request",
      "passed": true,
      "expectedValid": false,
      "direction": null
    },
    {
      "case": "valid-response",
      "passed": true,
      "expectedValid": true,
      "direction": null
    },
    {
      "case": "closed-response-envelope",
      "passed": true,
      "expectedValid": false,
      "direction": null
    },
    {
      "case": "closed-response-body",
      "passed": true,
      "expectedValid": false,
      "direction": null
    },
    {
      "case": "generation-required-response",
      "passed": true,
      "expectedValid": false,
      "direction": null
    },
    {
      "case": "valid-error",
      "passed": true,
      "expectedValid": true,
      "direction": null
    },
    {
      "case": "closed-error-envelope",
      "passed": true,
      "expectedValid": false,
      "direction": null
    },
    {
      "case": "closed-error-body",
      "passed": true,
      "expectedValid": false,
      "direction": null
    },
    {
      "case": "generation-required-error",
      "passed": true,
      "expectedValid": false,
      "direction": null
    },
    {
      "case": "valid-cancel",
      "passed": true,
      "expectedValid": true,
      "direction": null
    },
    {
      "case": "closed-cancel-envelope",
      "passed": true,
      "expectedValid": false,
      "direction": null
    },
    {
      "case": "closed-cancel-body",
      "passed": true,
      "expectedValid": false,
      "direction": null
    },
    {
      "case": "generation-required-cancel",
      "passed": true,
      "expectedValid": false,
      "direction": null
    },
    {
      "case": "valid-stream-item",
      "passed": true,
      "expectedValid": true,
      "direction": null
    },
    {
      "case": "closed-stream-item-envelope",
      "passed": true,
      "expectedValid": false,
      "direction": null
    },
    {
      "case": "closed-stream-item-body",
      "passed": true,
      "expectedValid": false,
      "direction": null
    },
    {
      "case": "generation-required-stream-item",
      "passed": true,
      "expectedValid": false,
      "direction": null
    },
    {
      "case": "valid-stream-credit",
      "passed": true,
      "expectedValid": true,
      "direction": null
    },
    {
      "case": "closed-stream-credit-envelope",
      "passed": true,
      "expectedValid": false,
      "direction": null
    },
    {
      "case": "closed-stream-credit-body",
      "passed": true,
      "expectedValid": false,
      "direction": null
    },
    {
      "case": "generation-required-stream-credit",
      "passed": true,
      "expectedValid": false,
      "direction": null
    },
    {
      "case": "valid-stream-end",
      "passed": true,
      "expectedValid": true,
      "direction": null
    },
    {
      "case": "closed-stream-end-envelope",
      "passed": true,
      "expectedValid": false,
      "direction": null
    },
    {
      "case": "closed-stream-end-body",
      "passed": true,
      "expectedValid": false,
      "direction": null
    },
    {
      "case": "generation-required-stream-end",
      "passed": true,
      "expectedValid": false,
      "direction": null
    },
    {
      "case": "valid-event",
      "passed": true,
      "expectedValid": true,
      "direction": null
    },
    {
      "case": "closed-event-envelope",
      "passed": true,
      "expectedValid": false,
      "direction": null
    },
    {
      "case": "closed-event-body",
      "passed": true,
      "expectedValid": false,
      "direction": null
    },
    {
      "case": "generation-required-event",
      "passed": true,
      "expectedValid": false,
      "direction": null
    },
    {
      "case": "valid-ping",
      "passed": true,
      "expectedValid": true,
      "direction": null
    },
    {
      "case": "closed-ping-envelope",
      "passed": true,
      "expectedValid": false,
      "direction": null
    },
    {
      "case": "closed-ping-body",
      "passed": true,
      "expectedValid": false,
      "direction": null
    },
    {
      "case": "generation-required-ping",
      "passed": true,
      "expectedValid": false,
      "direction": null
    },
    {
      "case": "valid-pong",
      "passed": true,
      "expectedValid": true,
      "direction": null
    },
    {
      "case": "closed-pong-envelope",
      "passed": true,
      "expectedValid": false,
      "direction": null
    },
    {
      "case": "closed-pong-body",
      "passed": true,
      "expectedValid": false,
      "direction": null
    },
    {
      "case": "generation-required-pong",
      "passed": true,
      "expectedValid": false,
      "direction": null
    },
    {
      "case": "valid-scope-check",
      "passed": true,
      "expectedValid": true,
      "direction": null
    },
    {
      "case": "closed-scope-check-envelope",
      "passed": true,
      "expectedValid": false,
      "direction": null
    },
    {
      "case": "closed-scope-check-body",
      "passed": true,
      "expectedValid": false,
      "direction": null
    },
    {
      "case": "generation-required-scope-check",
      "passed": true,
      "expectedValid": false,
      "direction": null
    },
    {
      "case": "valid-log",
      "passed": true,
      "expectedValid": true,
      "direction": null
    },
    {
      "case": "closed-log-envelope",
      "passed": true,
      "expectedValid": false,
      "direction": null
    },
    {
      "case": "closed-log-body",
      "passed": true,
      "expectedValid": false,
      "direction": null
    },
    {
      "case": "generation-required-log",
      "passed": true,
      "expectedValid": false,
      "direction": null
    },
    {
      "case": "hello-from-provider",
      "passed": true,
      "expectedValid": true,
      "direction": "toBroker"
    },
    {
      "case": "hello-not-from-broker",
      "passed": true,
      "expectedValid": false,
      "direction": "toProvider"
    },
    {
      "case": "accepted-from-broker",
      "passed": true,
      "expectedValid": true,
      "direction": "toProvider"
    },
    {
      "case": "accepted-not-from-provider",
      "passed": true,
      "expectedValid": false,
      "direction": "toBroker"
    },
    {
      "case": "broker-invoke",
      "passed": true,
      "expectedValid": true,
      "direction": "toProvider"
    },
    {
      "case": "provider-cannot-send-broker-invoke",
      "passed": true,
      "expectedValid": false,
      "direction": "toBroker"
    },
    {
      "case": "outbound-shape",
      "passed": true,
      "expectedValid": true,
      "direction": "toBroker"
    },
    {
      "case": "outbound-rejects-caller-assertion",
      "passed": true,
      "expectedValid": false,
      "direction": "toBroker"
    },
    {
      "case": "invalid-header-contextId",
      "passed": true,
      "expectedValid": false,
      "direction": null
    },
    {
      "case": "invalid-header-sessionId",
      "passed": true,
      "expectedValid": false,
      "direction": null
    },
    {
      "case": "invalid-header-generation",
      "passed": true,
      "expectedValid": false,
      "direction": null
    },
    {
      "case": "invalid-header-sequence",
      "passed": true,
      "expectedValid": false,
      "direction": null
    },
    {
      "case": "invalid-header-schemaVersion",
      "passed": true,
      "expectedValid": false,
      "direction": null
    },
    {
      "case": "invalid-header-tag",
      "passed": true,
      "expectedValid": false,
      "direction": null
    },
    {
      "case": "credit-shape-0",
      "passed": true,
      "expectedValid": false,
      "direction": null
    },
    {
      "case": "credit-shape-257",
      "passed": true,
      "expectedValid": false,
      "direction": null
    },
    {
      "case": "credit-shape-1.5",
      "passed": true,
      "expectedValid": false,
      "direction": null
    },
    {
      "case": "handshake-shape-protocolMajor",
      "passed": true,
      "expectedValid": false,
      "direction": null
    },
    {
      "case": "handshake-shape-packageDigest",
      "passed": true,
      "expectedValid": false,
      "direction": null
    },
    {
      "case": "handshake-shape-challenge",
      "passed": true,
      "expectedValid": false,
      "direction": null
    },
    {
      "case": "reject-non-acap-value-76",
      "passed": true,
      "expectedValid": false,
      "direction": null
    },
    {
      "case": "reject-non-acap-value-77",
      "passed": true,
      "expectedValid": false,
      "direction": null
    },
    {
      "case": "reject-non-acap-value-78",
      "passed": true,
      "expectedValid": false,
      "direction": null
    },
    {
      "case": "accept-acap-value-79",
      "passed": true,
      "expectedValid": true,
      "direction": null
    },
    {
      "case": "accept-acap-value-80",
      "passed": true,
      "expectedValid": true,
      "direction": null
    },
    {
      "case": "accept-acap-value-81",
      "passed": true,
      "expectedValid": true,
      "direction": null
    },
    {
      "case": "accept-acap-value-82",
      "passed": true,
      "expectedValid": true,
      "direction": null
    },
    {
      "case": "accept-acap-value-83",
      "passed": true,
      "expectedValid": true,
      "direction": null
    },
    {
      "case": "control-context-ready",
      "passed": true,
      "expectedValid": true,
      "direction": "toBroker"
    },
    {
      "case": "control-not-from-broker-context-ready",
      "passed": true,
      "expectedValid": false,
      "direction": "toProvider"
    },
    {
      "case": "control-task-open",
      "passed": true,
      "expectedValid": true,
      "direction": "toBroker"
    },
    {
      "case": "control-not-from-broker-task-open",
      "passed": true,
      "expectedValid": false,
      "direction": "toProvider"
    },
    {
      "case": "control-event-ack",
      "passed": true,
      "expectedValid": true,
      "direction": "toBroker"
    },
    {
      "case": "control-not-from-broker-event-ack",
      "passed": true,
      "expectedValid": false,
      "direction": "toProvider"
    },
    {
      "case": "control-bind",
      "passed": true,
      "expectedValid": true,
      "direction": "toBroker"
    },
    {
      "case": "control-not-from-broker-bind",
      "passed": true,
      "expectedValid": false,
      "direction": "toProvider"
    },
    {
      "case": "control-register",
      "passed": true,
      "expectedValid": true,
      "direction": "toBroker"
    },
    {
      "case": "control-not-from-broker-register",
      "passed": true,
      "expectedValid": false,
      "direction": "toProvider"
    },
    {
      "case": "control-withdraw",
      "passed": true,
      "expectedValid": true,
      "direction": "toBroker"
    },
    {
      "case": "control-not-from-broker-withdraw",
      "passed": true,
      "expectedValid": false,
      "direction": "toProvider"
    },
    {
      "case": "control-secret",
      "passed": true,
      "expectedValid": true,
      "direction": "toBroker"
    },
    {
      "case": "control-not-from-broker-secret",
      "passed": true,
      "expectedValid": false,
      "direction": "toProvider"
    },
    {
      "case": "control-subscribe",
      "passed": true,
      "expectedValid": true,
      "direction": "toBroker"
    },
    {
      "case": "control-not-from-broker-subscribe",
      "passed": true,
      "expectedValid": false,
      "direction": "toProvider"
    },
    {
      "case": "control-unsubscribe",
      "passed": true,
      "expectedValid": true,
      "direction": "toBroker"
    },
    {
      "case": "control-not-from-broker-unsubscribe",
      "passed": true,
      "expectedValid": false,
      "direction": "toProvider"
    },
    {
      "case": "control-scope-create",
      "passed": true,
      "expectedValid": true,
      "direction": "toBroker"
    },
    {
      "case": "control-not-from-broker-scope-create",
      "passed": true,
      "expectedValid": false,
      "direction": "toProvider"
    },
    {
      "case": "control-scope-check",
      "passed": true,
      "expectedValid": true,
      "direction": "toBroker"
    },
    {
      "case": "control-not-from-broker-scope-check",
      "passed": true,
      "expectedValid": false,
      "direction": "toProvider"
    },
    {
      "case": "control-log",
      "passed": true,
      "expectedValid": true,
      "direction": "toBroker"
    },
    {
      "case": "control-not-from-broker-log",
      "passed": true,
      "expectedValid": false,
      "direction": "toProvider"
    },
    {
      "case": "valid-digest-shape-does-not-authenticate",
      "passed": true,
      "expectedValid": true,
      "direction": "toBroker"
    },
    {
      "case": "valid-name-shape-does-not-authenticate",
      "passed": true,
      "expectedValid": true,
      "direction": "toBroker"
    },
    {
      "case": "invoke-on-work-lane",
      "passed": true,
      "expectedValid": true,
      "direction": "workToProvider"
    },
    {
      "case": "invoke-not-on-control-lane",
      "passed": true,
      "expectedValid": false,
      "direction": "controlToProvider"
    },
    {
      "case": "hello-on-control-lane",
      "passed": true,
      "expectedValid": true,
      "direction": "controlToBroker"
    },
    {
      "case": "hello-not-on-work-lane",
      "passed": true,
      "expectedValid": false,
      "direction": "workToBroker"
    },
    {
      "case": "context-ready-control-lane",
      "passed": true,
      "expectedValid": true,
      "direction": "controlToBroker"
    },
    {
      "case": "context-ready-not-work-lane",
      "passed": true,
      "expectedValid": false,
      "direction": "workToBroker"
    },
    {
      "case": "task-open-control-lane",
      "passed": true,
      "expectedValid": true,
      "direction": "controlToBroker"
    },
    {
      "case": "task-open-not-work-lane",
      "passed": true,
      "expectedValid": false,
      "direction": "workToBroker"
    },
    {
      "case": "outbound-cannot-use-control-channel",
      "passed": true,
      "expectedValid": false,
      "direction": "controlToBroker"
    },
    {
      "case": "outbound-work-channel",
      "passed": true,
      "expectedValid": true,
      "direction": "workToBroker"
    },
    {
      "case": "required-context-feature-hello",
      "passed": true,
      "expectedValid": false,
      "direction": null
    },
    {
      "case": "event-digests-required-hello",
      "passed": true,
      "expectedValid": false,
      "direction": null
    },
    {
      "case": "required-context-feature-accepted",
      "passed": true,
      "expectedValid": false,
      "direction": null
    },
    {
      "case": "event-digests-required-accepted",
      "passed": true,
      "expectedValid": false,
      "direction": null
    },
    {
      "case": "r2-reject-asserted-parentWireId",
      "passed": true,
      "expectedValid": false,
      "direction": "toBroker"
    },
    {
      "case": "r2-reject-asserted-caller",
      "passed": true,
      "expectedValid": false,
      "direction": "toBroker"
    },
    {
      "case": "context-required",
      "passed": true,
      "expectedValid": false,
      "direction": null
    },
    {
      "case": "single-active-is-not-r2",
      "passed": true,
      "expectedValid": false,
      "direction": "toProvider"
    },
    {
      "case": "offer-shape",
      "passed": true,
      "expectedValid": true,
      "direction": "broker-native-carrier"
    },
    {
      "case": "offer-reject-descriptorCount-0",
      "passed": true,
      "expectedValid": false,
      "direction": "broker-native-carrier"
    },
    {
      "case": "offer-reject-descriptorCount-2",
      "passed": true,
      "expectedValid": false,
      "direction": "broker-native-carrier"
    },
    {
      "case": "offer-reject-generation-0",
      "passed": true,
      "expectedValid": false,
      "direction": "broker-native-carrier"
    },
    {
      "case": "offer-reject-contextId-",
      "passed": true,
      "expectedValid": false,
      "direction": "broker-native-carrier"
    },
    {
      "case": "offer-reject-purpose-arbitrary",
      "passed": true,
      "expectedValid": false,
      "direction": "broker-native-carrier"
    },
    {
      "case": "offer-reject-parentWireId-1",
      "passed": true,
      "expectedValid": false,
      "direction": "broker-native-carrier"
    },
    {
      "case": "offer-reject-fd-12",
      "passed": true,
      "expectedValid": false,
      "direction": "broker-native-carrier"
    },
    {
      "case": "offer-reject-caller-{}",
      "passed": true,
      "expectedValid": false,
      "direction": "broker-native-carrier"
    },
    {
      "case": "offer-requires-schemaVersion",
      "passed": true,
      "expectedValid": false,
      "direction": "broker-native-carrier"
    },
    {
      "case": "offer-requires-sessionId",
      "passed": true,
      "expectedValid": false,
      "direction": "broker-native-carrier"
    },
    {
      "case": "offer-requires-generation",
      "passed": true,
      "expectedValid": false,
      "direction": "broker-native-carrier"
    },
    {
      "case": "offer-requires-offerId",
      "passed": true,
      "expectedValid": false,
      "direction": "broker-native-carrier"
    },
    {
      "case": "offer-requires-contextId",
      "passed": true,
      "expectedValid": false,
      "direction": "broker-native-carrier"
    },
    {
      "case": "offer-requires-purpose",
      "passed": true,
      "expectedValid": false,
      "direction": "broker-native-carrier"
    },
    {
      "case": "offer-requires-descriptorCount",
      "passed": true,
      "expectedValid": false,
      "direction": "broker-native-carrier"
    },
    {
      "case": "offer-requires-remainingMs",
      "passed": true,
      "expectedValid": false,
      "direction": "broker-native-carrier"
    },
    {
      "case": "sdk-positive-0",
      "passed": true,
      "expectedValid": true,
      "direction": "workToBroker"
    },
    {
      "case": "sdk-wrong-lane-0-controlToBroker",
      "passed": true,
      "expectedValid": false,
      "direction": "controlToBroker"
    },
    {
      "case": "sdk-wrong-lane-0-controlToProvider",
      "passed": true,
      "expectedValid": false,
      "direction": "controlToProvider"
    },
    {
      "case": "sdk-wrong-lane-0-workToProvider",
      "passed": true,
      "expectedValid": false,
      "direction": "workToProvider"
    },
    {
      "case": "sdk-required-0-kind",
      "passed": true,
      "expectedValid": false,
      "direction": "workToBroker"
    },
    {
      "case": "sdk-required-0-wireId",
      "passed": true,
      "expectedValid": false,
      "direction": "workToBroker"
    },
    {
      "case": "sdk-required-0-scopeId",
      "passed": true,
      "expectedValid": false,
      "direction": "workToBroker"
    },
    {
      "case": "sdk-required-0-scopeGeneration",
      "passed": true,
      "expectedValid": false,
      "direction": "workToBroker"
    },
    {
      "case": "sdk-closed-0",
      "passed": true,
      "expectedValid": false,
      "direction": "workToBroker"
    },
    {
      "case": "sdk-positive-1",
      "passed": true,
      "expectedValid": true,
      "direction": "workToBroker"
    },
    {
      "case": "sdk-wrong-lane-1-controlToBroker",
      "passed": true,
      "expectedValid": false,
      "direction": "controlToBroker"
    },
    {
      "case": "sdk-wrong-lane-1-controlToProvider",
      "passed": true,
      "expectedValid": false,
      "direction": "controlToProvider"
    },
    {
      "case": "sdk-wrong-lane-1-workToProvider",
      "passed": true,
      "expectedValid": false,
      "direction": "workToProvider"
    },
    {
      "case": "sdk-required-1-kind",
      "passed": true,
      "expectedValid": false,
      "direction": "workToBroker"
    },
    {
      "case": "sdk-required-1-wireId",
      "passed": true,
      "expectedValid": false,
      "direction": "workToBroker"
    },
    {
      "case": "sdk-required-1-scopeId",
      "passed": true,
      "expectedValid": false,
      "direction": "workToBroker"
    },
    {
      "case": "sdk-required-1-scopeGeneration",
      "passed": true,
      "expectedValid": false,
      "direction": "workToBroker"
    },
    {
      "case": "sdk-required-1-record",
      "passed": true,
      "expectedValid": false,
      "direction": "workToBroker"
    },
    {
      "case": "sdk-closed-1",
      "passed": true,
      "expectedValid": false,
      "direction": "workToBroker"
    },
    {
      "case": "sdk-positive-2",
      "passed": true,
      "expectedValid": true,
      "direction": "workToBroker"
    },
    {
      "case": "sdk-wrong-lane-2-controlToBroker",
      "passed": true,
      "expectedValid": false,
      "direction": "controlToBroker"
    },
    {
      "case": "sdk-wrong-lane-2-controlToProvider",
      "passed": true,
      "expectedValid": false,
      "direction": "controlToProvider"
    },
    {
      "case": "sdk-wrong-lane-2-workToProvider",
      "passed": true,
      "expectedValid": false,
      "direction": "workToProvider"
    },
    {
      "case": "sdk-required-2-kind",
      "passed": true,
      "expectedValid": false,
      "direction": "workToBroker"
    },
    {
      "case": "sdk-required-2-wireId",
      "passed": true,
      "expectedValid": false,
      "direction": "workToBroker"
    },
    {
      "case": "sdk-required-2-scopeId",
      "passed": true,
      "expectedValid": false,
      "direction": "workToBroker"
    },
    {
      "case": "sdk-required-2-scopeGeneration",
      "passed": true,
      "expectedValid": false,
      "direction": "workToBroker"
    },
    {
      "case": "sdk-required-2-callbackId",
      "passed": true,
      "expectedValid": false,
      "direction": "workToBroker"
    },
    {
      "case": "sdk-closed-2",
      "passed": true,
      "expectedValid": false,
      "direction": "workToBroker"
    },
    {
      "case": "sdk-positive-3",
      "passed": true,
      "expectedValid": true,
      "direction": "workToBroker"
    },
    {
      "case": "sdk-wrong-lane-3-controlToBroker",
      "passed": true,
      "expectedValid": false,
      "direction": "controlToBroker"
    },
    {
      "case": "sdk-wrong-lane-3-controlToProvider",
      "passed": true,
      "expectedValid": false,
      "direction": "controlToProvider"
    },
    {
      "case": "sdk-wrong-lane-3-workToProvider",
      "passed": true,
      "expectedValid": false,
      "direction": "workToProvider"
    },
    {
      "case": "sdk-required-3-kind",
      "passed": true,
      "expectedValid": false,
      "direction": "workToBroker"
    },
    {
      "case": "sdk-required-3-wireId",
      "passed": true,
      "expectedValid": false,
      "direction": "workToBroker"
    },
    {
      "case": "sdk-required-3-effectId",
      "passed": true,
      "expectedValid": false,
      "direction": "workToBroker"
    },
    {
      "case": "sdk-closed-3",
      "passed": true,
      "expectedValid": false,
      "direction": "workToBroker"
    },
    {
      "case": "sdk-positive-4",
      "passed": true,
      "expectedValid": true,
      "direction": "workToProvider"
    },
    {
      "case": "sdk-wrong-lane-4-controlToBroker",
      "passed": true,
      "expectedValid": false,
      "direction": "controlToBroker"
    },
    {
      "case": "sdk-wrong-lane-4-controlToProvider",
      "passed": true,
      "expectedValid": false,
      "direction": "controlToProvider"
    },
    {
      "case": "sdk-wrong-lane-4-workToBroker",
      "passed": true,
      "expectedValid": false,
      "direction": "workToBroker"
    },
    {
      "case": "sdk-required-4-kind",
      "passed": true,
      "expectedValid": false,
      "direction": "workToProvider"
    },
    {
      "case": "sdk-required-4-wireId",
      "passed": true,
      "expectedValid": false,
      "direction": "workToProvider"
    },
    {
      "case": "sdk-required-4-effectId",
      "passed": true,
      "expectedValid": false,
      "direction": "workToProvider"
    },
    {
      "case": "sdk-required-4-callbackId",
      "passed": true,
      "expectedValid": false,
      "direction": "workToProvider"
    },
    {
      "case": "sdk-required-4-remainingMs",
      "passed": true,
      "expectedValid": false,
      "direction": "workToProvider"
    },
    {
      "case": "sdk-closed-4",
      "passed": true,
      "expectedValid": false,
      "direction": "workToProvider"
    },
    {
      "case": "sdk-positive-5",
      "passed": true,
      "expectedValid": true,
      "direction": "workToBroker"
    },
    {
      "case": "sdk-wrong-lane-5-controlToBroker",
      "passed": true,
      "expectedValid": false,
      "direction": "controlToBroker"
    },
    {
      "case": "sdk-wrong-lane-5-controlToProvider",
      "passed": true,
      "expectedValid": false,
      "direction": "controlToProvider"
    },
    {
      "case": "sdk-wrong-lane-5-workToProvider",
      "passed": true,
      "expectedValid": false,
      "direction": "workToProvider"
    },
    {
      "case": "sdk-required-5-kind",
      "passed": true,
      "expectedValid": false,
      "direction": "workToBroker"
    },
    {
      "case": "sdk-required-5-wireId",
      "passed": true,
      "expectedValid": false,
      "direction": "workToBroker"
    },
    {
      "case": "sdk-required-5-effectId",
      "passed": true,
      "expectedValid": false,
      "direction": "workToBroker"
    },
    {
      "case": "sdk-closed-5",
      "passed": true,
      "expectedValid": false,
      "direction": "workToBroker"
    },
    {
      "case": "sdk-positive-6",
      "passed": true,
      "expectedValid": true,
      "direction": "workToBroker"
    },
    {
      "case": "sdk-wrong-lane-6-controlToBroker",
      "passed": true,
      "expectedValid": false,
      "direction": "controlToBroker"
    },
    {
      "case": "sdk-wrong-lane-6-controlToProvider",
      "passed": true,
      "expectedValid": false,
      "direction": "controlToProvider"
    },
    {
      "case": "sdk-wrong-lane-6-workToProvider",
      "passed": true,
      "expectedValid": false,
      "direction": "workToProvider"
    },
    {
      "case": "sdk-required-6-kind",
      "passed": true,
      "expectedValid": false,
      "direction": "workToBroker"
    },
    {
      "case": "sdk-required-6-wireId",
      "passed": true,
      "expectedValid": false,
      "direction": "workToBroker"
    },
    {
      "case": "sdk-required-6-effectId",
      "passed": true,
      "expectedValid": false,
      "direction": "workToBroker"
    },
    {
      "case": "sdk-required-6-error",
      "passed": true,
      "expectedValid": false,
      "direction": "workToBroker"
    },
    {
      "case": "sdk-closed-6",
      "passed": true,
      "expectedValid": false,
      "direction": "workToBroker"
    },
    {
      "case": "sdk-positive-7",
      "passed": true,
      "expectedValid": true,
      "direction": "workToProvider"
    },
    {
      "case": "sdk-wrong-lane-7-controlToBroker",
      "passed": true,
      "expectedValid": false,
      "direction": "controlToBroker"
    },
    {
      "case": "sdk-wrong-lane-7-controlToProvider",
      "passed": true,
      "expectedValid": false,
      "direction": "controlToProvider"
    },
    {
      "case": "sdk-wrong-lane-7-workToBroker",
      "passed": true,
      "expectedValid": false,
      "direction": "workToBroker"
    },
    {
      "case": "sdk-required-7-kind",
      "passed": true,
      "expectedValid": false,
      "direction": "workToProvider"
    },
    {
      "case": "sdk-required-7-wireId",
      "passed": true,
      "expectedValid": false,
      "direction": "workToProvider"
    },
    {
      "case": "sdk-required-7-value",
      "passed": true,
      "expectedValid": false,
      "direction": "workToProvider"
    },
    {
      "case": "sdk-closed-7",
      "passed": true,
      "expectedValid": false,
      "direction": "workToProvider"
    },
    {
      "case": "sdk-positive-8",
      "passed": true,
      "expectedValid": true,
      "direction": "workToProvider"
    },
    {
      "case": "sdk-wrong-lane-8-controlToBroker",
      "passed": true,
      "expectedValid": false,
      "direction": "controlToBroker"
    },
    {
      "case": "sdk-wrong-lane-8-controlToProvider",
      "passed": true,
      "expectedValid": false,
      "direction": "controlToProvider"
    },
    {
      "case": "sdk-wrong-lane-8-workToBroker",
      "passed": true,
      "expectedValid": false,
      "direction": "workToBroker"
    },
    {
      "case": "sdk-required-8-kind",
      "passed": true,
      "expectedValid": false,
      "direction": "workToProvider"
    },
    {
      "case": "sdk-required-8-wireId",
      "passed": true,
      "expectedValid": false,
      "direction": "workToProvider"
    },
    {
      "case": "sdk-required-8-value",
      "passed": true,
      "expectedValid": false,
      "direction": "workToProvider"
    },
    {
      "case": "sdk-closed-8",
      "passed": true,
      "expectedValid": false,
      "direction": "workToProvider"
    },
    {
      "case": "sdk-positive-9",
      "passed": true,
      "expectedValid": true,
      "direction": "workToProvider"
    },
    {
      "case": "sdk-wrong-lane-9-controlToBroker",
      "passed": true,
      "expectedValid": false,
      "direction": "controlToBroker"
    },
    {
      "case": "sdk-wrong-lane-9-controlToProvider",
      "passed": true,
      "expectedValid": false,
      "direction": "controlToProvider"
    },
    {
      "case": "sdk-wrong-lane-9-workToBroker",
      "passed": true,
      "expectedValid": false,
      "direction": "workToBroker"
    },
    {
      "case": "sdk-required-9-kind",
      "passed": true,
      "expectedValid": false,
      "direction": "workToProvider"
    },
    {
      "case": "sdk-required-9-wireId",
      "passed": true,
      "expectedValid": false,
      "direction": "workToProvider"
    },
    {
      "case": "sdk-required-9-value",
      "passed": true,
      "expectedValid": false,
      "direction": "workToProvider"
    },
    {
      "case": "sdk-closed-9",
      "passed": true,
      "expectedValid": false,
      "direction": "workToProvider"
    },
    {
      "case": "sdk-no-minor-zero-hello",
      "passed": true,
      "expectedValid": false,
      "direction": null
    },
    {
      "case": "scope-no-minor-one-hello",
      "passed": true,
      "expectedValid": false,
      "direction": null
    },
    {
      "case": "sdk-mandatory-hello-wire.contexts",
      "passed": true,
      "expectedValid": false,
      "direction": null
    },
    {
      "case": "sdk-mandatory-hello-wire.sdkresults",
      "passed": true,
      "expectedValid": false,
      "direction": null
    },
    {
      "case": "sdk-mandatory-hello-wire.scopedeffects",
      "passed": true,
      "expectedValid": false,
      "direction": null
    },
    {
      "case": "sdk-mandatory-hello-wire.scopevalidation",
      "passed": true,
      "expectedValid": false,
      "direction": null
    },
    {
      "case": "sdk-no-minor-zero-accepted",
      "passed": true,
      "expectedValid": false,
      "direction": null
    },
    {
      "case": "scope-no-minor-one-accepted",
      "passed": true,
      "expectedValid": false,
      "direction": null
    },
    {
      "case": "sdk-mandatory-accepted-wire.contexts",
      "passed": true,
      "expectedValid": false,
      "direction": null
    },
    {
      "case": "sdk-mandatory-accepted-wire.sdkresults",
      "passed": true,
      "expectedValid": false,
      "direction": null
    },
    {
      "case": "sdk-mandatory-accepted-wire.scopedeffects",
      "passed": true,
      "expectedValid": false,
      "direction": null
    },
    {
      "case": "sdk-mandatory-accepted-wire.scopevalidation",
      "passed": true,
      "expectedValid": false,
      "direction": null
    },
    {
      "case": "sdk-invalid-effect-limit-0",
      "passed": true,
      "expectedValid": false,
      "direction": null
    },
    {
      "case": "sdk-invalid-effect-limit-4097",
      "passed": true,
      "expectedValid": false,
      "direction": null
    },
    {
      "case": "sdk-invalid-effect-limit-1.5",
      "passed": true,
      "expectedValid": false,
      "direction": null
    }
  ]
}
test_bytes_aggregate_across_contexts (__main__.Design.test_bytes_aggregate_across_contexts) ... ok
test_caller_identity_not_inherited (__main__.Design.test_caller_identity_not_inherited) ... ok
test_cancel_descendants_not_unrelated (__main__.Design.test_cancel_descendants_not_unrelated) ... ok
test_capacity_exhaustion_not_queued_deadlock (__main__.Design.test_capacity_exhaustion_not_queued_deadlock) ... ok
test_child_budget_charged_at_admission (__main__.Design.test_child_budget_charged_at_admission) ... ok
test_claimed_parent_and_caller_rejected (__main__.Design.test_claimed_parent_and_caller_rejected) ... ok
test_consumer_grant_does_not_authorize_provider (__main__.Design.test_consumer_grant_does_not_authorize_provider) ... ok
test_descriptor_offer_success_then_replay (__main__.Design.test_descriptor_offer_success_then_replay) ... ok
test_descriptor_offer_swap_extra_and_truncation (__main__.Design.test_descriptor_offer_swap_extra_and_truncation) ... ok
test_endpoint_cannot_be_retargeted_by_header (__main__.Design.test_endpoint_cannot_be_retargeted_by_header) ... ok
test_expired_a_not_renewed_by_live_b (__main__.Design.test_expired_a_not_renewed_by_live_b) ... ok
test_expired_pending_offer_retains_slot_until_consumed (__main__.Design.test_expired_pending_offer_retains_slot_until_consumed) ... ok
test_foreign_offer_ack_cannot_cancel_victims_context (__main__.Design.test_foreign_offer_ack_cannot_cancel_victims_context) ... ok
test_foreign_scoped_handle_rejected (__main__.Design.test_foreign_scoped_handle_rejected) ... ok
test_frame_budget_and_exactly_once_release (__main__.Design.test_frame_budget_and_exactly_once_release) ... ok
test_lifecycle_reserved_capacity (__main__.Design.test_lifecycle_reserved_capacity) ... ok
test_max_depth (__main__.Design.test_max_depth) ... ok
test_nested_reserve_survives_ordinary_saturation (__main__.Design.test_nested_reserve_survives_ordinary_saturation) ... ok
test_offer_timeout_releases_slot (__main__.Design.test_offer_timeout_releases_slot) ... ok
test_one_offer_per_context (__main__.Design.test_one_offer_per_context) ... ok
test_overlap_and_independent_deadlines (__main__.Design.test_overlap_and_independent_deadlines) ... ok
test_process_failure_shared_not_per_call_isolation (__main__.Design.test_process_failure_shared_not_per_call_isolation) ... ok
test_queue_bound (__main__.Design.test_queue_bound) ... ok
test_queue_fifo_and_original_deadline (__main__.Design.test_queue_fifo_and_original_deadline) ... ok
test_restart_does_not_rebind_old_endpoint (__main__.Design.test_restart_does_not_rebind_old_endpoint) ... ok
test_revocation_before_delivery_cascades (__main__.Design.test_revocation_before_delivery_cascades) ... ok
test_shared_process_valid_other_capability_is_not_intent_proof (__main__.Design.test_shared_process_valid_other_capability_is_not_intent_proof) ... ok
test_state_is_shared_not_replicated (__main__.Design.test_state_is_shared_not_replicated) ... ok
test_successful_a_b_a_reentry (__main__.Design.test_successful_a_b_a_reentry) ... ok
test_unconsumed_offer_fails_shared_session_at_hard_timeout (__main__.Design.test_unconsumed_offer_fails_shared_session_at_hard_timeout) ... ok

----------------------------------------------------------------------
Ran 30 tests in 0.003s

OK
G6 R2 DESIGN MODEL ONLY; runtime qualification=False; tests=30

> alica-v2@0.0.0 build:g6-native
> python3 tools/build-g6-native.py

{
  "level": "NATIVE-BUILD-ONLY",
  "runtimeQualification": false,
  "compiler": "0.15.2",
  "compilerArchiveSha256": "02aa270f183da276e5b5920b1dac44a63f1a49e55050ebde3aecc9eb82f93239",
  "compilerExecutableSha256": "2858dc89dbbfdd08cceda1b841e7fd0a793a1a67b49f150bc3d0d1de44ed7f51",
  "artifacts": {
    "bridge.node": "7bb4d660d72986ad6feeb851100ce262d994db1034f2d6b41460bf578b533951",
    "launcher": "a493f78a308f49c23dd192ac8d501c727f37032794b988e6a695397ca57ee8e6"
  }
}

> alica-v2@0.0.0 test:g6-native
> node --experimental-vm-modules --test tests/ipc/*.test.mjs

✔ session qualification permissions are exact and do not leak to adjacent tests or SDK (20.028731ms)
✔ isolation regressions retain exact private importer-target permissions (6.957289ms)
✔ private component tests can import only their enumerated runtime modules (1.235797ms)
✔ component exceptions do not authorize private Host, Trust or transport imports (1.77465ms)
✔ adjacent tests and plugin packages cannot inherit component exceptions (2.403586ms)
✔ scope qualification permissions remain exact importer-target pairs (1.394586ms)
✔ scheduler and reap exceptions do not widen external dependency permissions (1.06229ms)
(node:315115) ExperimentalWarning: VM Modules is an experimental feature and might change at any time
(Use `node --trace-warnings ...` to show where the warning was created)
✔ unchanged public KernelContext consumer: inproc signed factory (1240.304411ms)
✔ unchanged public KernelContext consumer: ipc signed factory (4494.488011ms)
✔ IPC execution requires explicit signed publisher execution-mode authorization (13.822365ms)
✔ real Host IPC rejects delayed continuations rather than opening replacement tasks (1645.217969ms)
✔ signed real Host IPC package cannot read operator files, write or spawn (696.007774ms)
✔ pre-offer phase 3 DEADLINE_EXCEEDED preserves the real session and releases admission (1180.977686ms)
✔ pre-offer phase 4 DEADLINE_EXCEEDED preserves the real session and releases admission (1089.026093ms)
✔ pre-offer phase 4 PERMISSION_DENIED preserves the real session and releases admission (1122.77065ms)
✔ worker deadline abort does not close a broker-live work socket (1101.868082ms)
✔ reply after observed broker closure is endpoint-local, not physical EPIPE failure (1097.781938ms)
✔ scope-check write racing broker closure rejects locally and preserves sibling (1153.090168ms)
✔ unexpected worker EOF on broker-live work still fails the physical session (1104.892277ms)
✔ effect-release write racing broker closure still fails the real worker (1103.876915ms)
✔ cancelled read-only scope observation retires only its RPC (2.605214ms)
✔ synchronous scope observation timeout is local, malformed response remains fatal (1.018188ms)
✔ unanswered SDK mutation and effect-release remain fail-closed on endpoint abort (0.775009ms)
(node:315121) ExperimentalWarning: VM Modules is an experimental feature and might change at any time
(Use `node --trace-warnings ...` to show where the warning was created)
✔ established binding isolates real deadline retirement: broker-running (6077.489224ms)
ℹ {"schedule":"broker-running","held":1,"heldKind":"outbound","events":[{"phase":"hold","kind":"outbound","remainingMs":4464},{"phase":"retire","terminal":"CANCELLED"},{"phase":"healthy-before-cleanup"},{"phase":"physical-failure","stack":"Error\n    at session.onFailure (file:///home/alica-dev/AlicaV2/tests/ipc/isolation.test.mjs:461:22)\n    at PhysicalSession.fail (file:///home/alica-dev/AlicaV2/packages/kernel/dist/g6/session.js:452:14)\n    at file:///home/alica-dev/AlicaV2/packages/kernel/dist/g6/session.js:515:22\n    at async HostIPC.shutdown (file:///home/alica-dev/AlicaV2/packages/kernel/dist/g6/host-adapter.js:232:13)\n    at async file:///home/alica-dev/AlicaV2/packages/kernel/dist/index.js:1280:21\n    at async Host.closeScope (file:///home/alica-dev/AlicaV2/packages/kernel/dist/index.js:1342:21)\n    at async Host.shutdown (file:///home/alica-dev/AlicaV2/packages/kernel/dist/index.js:1426:9)\n    at async TestContext.stop (file:///home/alica-dev/AlicaV2/tools/g3-fixtures.mjs:218:5)\n    at async TestHook.run (node:internal/test_runner/test:1409:7)\n    at async Test.runHook (node:internal/test_runner/test:1289:9)"},{"phase":"reaped","pid":315359,"code":1,"signal":null,"elapsedMs":5965.641548000001}]}
✔ established binding isolates real deadline retirement: broker-stalled (6299.164295ms)
ℹ {"schedule":"broker-stalled","held":1,"heldKind":"outbound","events":[{"phase":"hold","kind":"outbound","remainingMs":4460},{"phase":"broker-resumed"},{"phase":"retire","terminal":"DEADLINE_EXCEEDED"},{"phase":"healthy-before-cleanup"},{"phase":"physical-failure","stack":"Error\n    at session.onFailure (file:///home/alica-dev/AlicaV2/tests/ipc/isolation.test.mjs:461:22)\n    at PhysicalSession.fail (file:///home/alica-dev/AlicaV2/packages/kernel/dist/g6/session.js:452:14)\n    at file:///home/alica-dev/AlicaV2/packages/kernel/dist/g6/session.js:515:22\n    at async HostIPC.shutdown (file:///home/alica-dev/AlicaV2/packages/kernel/dist/g6/host-adapter.js:232:13)\n    at async file:///home/alica-dev/AlicaV2/packages/kernel/dist/index.js:1280:21\n    at async Host.closeScope (file:///home/alica-dev/AlicaV2/packages/kernel/dist/index.js:1342:21)\n    at async Host.shutdown (file:///home/alica-dev/AlicaV2/packages/kernel/dist/index.js:1426:9)\n    at async TestContext.stop (file:///home/alica-dev/AlicaV2/tools/g3-fixtures.mjs:218:5)\n    at async TestHook.run (node:internal/test_runner/test:1409:7)\n    at async Test.runHook (node:internal/test_runner/test:1289:9)"},{"phase":"reaped","pid":315443,"code":1,"signal":null,"elapsedMs":6176.134112999998}]}
✔ owned descriptors close exactly once and do not follow FD reuse (1.766405ms)
✔ sealed capsule resists write and close leaves no owned FD (0.42493ms)
✔ native atomic carrier preserves payload and unique endpoint; closure releases all handles (1.245214ms)
✔ native receive rejects a packet without ancillary rights (0.264067ms)
✔ native rejection closes received kernel FDs: file (37.222988ms)
✔ native rejection closes received kernel FDs: extra (30.035023ms)
✔ native rejection closes received kernel FDs: truncated (42.380218ms)
✔ native rejection closes received kernel FDs: oversize (37.081601ms)
✔ disconnected socket write fails without SIGPIPE termination (1.005354ms)
✔ actual launched PID plus final Node sandbox: reads, writes, symlinks, socket/exec/inspection/signal denial (72.987838ms)
✔ post-seal FD handover supports two overlapping contexts with one shared state (65.279213ms)
✔ pidfd terminates and observes an uncooperative sealed Node process (61.183784ms)
(node:315171) ExperimentalWarning: VM Modules is an experimental feature and might change at any time
(Use `node --trace-warnings ...` to show where the warning was created)
✔ buffered event grant invalidation preserves healthy siblings: inproc (382.861173ms)
✔ buffered event scope invalidation preserves healthy siblings: inproc (375.093349ms)
✔ buffered event grant invalidation preserves healthy siblings: ipc (1241.426996ms)
✔ buffered event scope invalidation preserves healthy siblings: ipc (1375.66496ms)
✔ production streams metadata credit and buffered grant revocation: inproc (234.468498ms)
ℹ sameSourceSHA256=7d454da3a88c06f0b991c265c04694d989093681c0a3f454e5843acfebcdb8ba
✔ production stream stall and schema error retain first terminal: inproc (294.65914ms)
✔ production overload bounds active and queued callbacks: inproc (249.273292ms)
ℹ sameSourceSHA256=93684641f1853e6bc80d33776ded76658262f3d044441a349bca49c7ebdf1fed
✔ registered acquisition rollback races scope closure without duplicate cleanup: inproc (224.538411ms)
✔ registered acquisition timeout rolls back exactly once: inproc (1782.706394ms)
✔ production streams metadata credit and buffered grant revocation: ipc (901.830044ms)
ℹ sameSourceSHA256=7d454da3a88c06f0b991c265c04694d989093681c0a3f454e5843acfebcdb8ba
✔ production stream stall and schema error retain first terminal: ipc (1012.531762ms)
✔ production overload bounds active and queued callbacks: ipc (1127.629348ms)
ℹ sameSourceSHA256=93684641f1853e6bc80d33776ded76658262f3d044441a349bca49c7ebdf1fed
✔ registered acquisition rollback races scope closure without duplicate cleanup: ipc (1067.843187ms)
✔ registered acquisition timeout rolls back exactly once: ipc (2507.594887ms)
(node:315334) ExperimentalWarning: VM Modules is an experimental feature and might change at any time
(Use `node --trace-warnings ...` to show where the warning was created)
✔ same-source matrix consumer inproc: ancestry, authority and live sibling independence (1185.665433ms)
ℹ {"consumerSHA256":"6eebc4e3204c8f3d37fc0695b922e5d231588a3aabbc799149817d6f9b1dbefb","providerASHA256":"186ecdd947ff450dcb345649f9cab118cf24dcc75cdc863e5363d569a37dccd8","providerBSHA256":"193a857ebe7be7e9e33dc7e22584109f9cbb684c816ecbc7e67377de4aef23e1"}
✔ same-source matrix consumer ipc: ancestry, authority and live sibling independence (3690.63599ms)
ℹ {"consumerSHA256":"6eebc4e3204c8f3d37fc0695b922e5d231588a3aabbc799149817d6f9b1dbefb","providerASHA256":"186ecdd947ff450dcb345649f9cab118cf24dcc75cdc863e5363d569a37dccd8","providerBSHA256":"193a857ebe7be7e9e33dc7e22584109f9cbb684c816ecbc7e67377de4aef23e1"}
✔ observed exit returns the actual receipt, without timeout side effects (21.065464ms)
✔ unobserved reap rejects within a bound and does not release quarantine (22.55556ms)
✔ late exit cannot change the first rejected observation (10.339819ms)
✔ independent observation clocks do not inherit sibling timeout (31.246763ms)
✔ ordinary overlap, FIFO roots and reserved nested/lifecycle admission (6.397496ms)
✔ actual queued timeout retains original clock and never dispatches (21.631189ms)
✔ selected absolute cleanup deadline caps queue, offer and nested handover (32.793366ms)
✔ fractional scheduler timers never reject queued work before the selected end (226.260543ms)
✔ A to B to A ancestry succeeds; parent cancellation does not affect sibling (2.187839ms)
✔ depth eight succeeds, nine rejects immediately (1.876524ms)
✔ expired unconsumed offer retains slot/bytes; foreign ACK cannot release it (1.435231ms)
✔ hard offer expiry quarantines until physical reap, not logical failure (1101.860589ms)
✔ queued authorization is rechecked; rejected head cannot block following work (1.120711ms)
✔ pre-abort and shared byte exhaustion leave no partial admission (0.590452ms)
(node:315416) ExperimentalWarning: VM Modules is an experimental feature and might change at any time
(Use `node --trace-warnings ...` to show where the warning was created)
✔ overlapping inline cleanup preserves sibling causality: inproc (276.771208ms)
✔ child-context log retains child scope: inproc (105.969809ms)
✔ zero-cleanup acquisition rechecks closed child scope: inproc (173.60052ms)
✔ overlapping inline cleanup preserves sibling causality: ipc (1125.90357ms)
✔ child-context log retains child scope: ipc (883.974074ms)
✔ zero-cleanup acquisition rechecks closed child scope: ipc (929.933629ms)
(node:315436) ExperimentalWarning: VM Modules is an experimental feature and might change at any time
(Use `node --trace-warnings ...` to show where the warning was created)
✔ scope-check is read-only even with the real Host effect budget exhausted (1149.074517ms)
✔ live Host authority rejects stale/foreign scopes and replay without changing the held endpoint (979.81966ms)
✔ closed-child preflight prevents acquisition without creating a resource (857.56647ms)
✔ completion rejection rolls back already scope-selected cleanup without redispatch (1057.765473ms)
✔ real simultaneous siblings cleanup uses distinct authenticated descriptors (1093.683662ms)
✔ real simultaneous nested cleanup uses distinct authenticated descriptors (1190.946769ms)
✔ first-selected cleanup coalesces releases from another actual live endpoint (1190.257381ms)
✔ bounded cleanup capacity fails before descriptor dispatch and leaves no reservation (1187.553309ms)
✔ real native worker rejects duplicate-cleanup on an already claimed cleanup descriptor (1350.05434ms)
✔ real native worker rejects wrong-dispatch-role on an already claimed cleanup descriptor (1361.414151ms)
✔ cancelling an unanswered effect-release closes descendants and fails the shared session (1399.879076ms)
✔ ordinary cancellation without an unanswered SDK mutation preserves unrelated work (948.390833ms)
✔ minor2 closed scoped log: exact fields, integers, directions (8.682899ms)
✔ minor2 closed scoped scope-check: exact fields, integers, directions (3.46284ms)
✔ minor2 mandatory negotiation in hello (3.017521ms)
✔ minor2 mandatory negotiation in accepted (5.672951ms)
✔ cleanup can precede registration reply; binding remains one-to-one (2.833935ms)
✔ registration reply may precede cleanup; callback reuse/foreign binding fails (0.333357ms)
✔ completed effects remain charged; definite rejection releases only unbound reservation (0.391878ms)
✔ cleanup first error is cached, including throwing undefined (0.430829ms)
✔ cleanup deadline wins over late success and fails the physical session once (10.463131ms)
✔ registerCleanup returns void; synchronous rejection stops acquisition (1.424872ms)
✔ failed acquisition closes registration before reverse rollback awaits (0.603226ms)
✔ uncertain registration retains callback charge, fails session and never retries (0.433968ms)
✔ pending publication accepts zero/multiple but never substitutes ack (1.5348ms)
✔ wrong endpoint and wrong effect cannot settle pending operations (0.590221ms)
✔ RPC IDs are never reused across endpoints and retired replies remain endpoint-bound (0.54768ms)
✔ 64 pending requests shared across endpoints reject before send (2.539451ms)
✔ synchronous pending RPC pumps until actual reply, not a Promise surrogate (0.396136ms)
✔ broker registrations consume the same Host-owned lifetime effect ledger (0.617292ms)
(node:315502) ExperimentalWarning: VM Modules is an experimental feature and might change at any time
(Use `node --trace-warnings ...` to show where the warning was created)
✔ real Host package admission rejects invalid signature, forged publisher and descriptor bytes without a launch (796.760278ms)
✔ native queued cleanup keeps its selected deadline and never dispatches expired callback (1003.239768ms)
ℹ {"dispatched":[{"scope":"933b44b4-c53e-42bc-9a7e-ff6b93a77fe7","at":1828.625204,"remainingMs":983}],"identity":{"runtimeDigest":"sha256:7fde7b8afa198da66257f42ee2001d874c7355631e6d1579a5fb5ef1f246df4c","bridgeDigest":"sha256:7bb4d660d72986ad6feeb851100ce262d994db1034f2d6b41460bf578b533951","launcherDigest":"sha256:a493f78a308f49c23dd192ac8d501c727f37032794b988e6a695397ca57ee8e6","workerDigest":"sha256:773a0b091486adea4a6102b84975f582fa3358a3180cd016b0057904ac577c26"},"report":{"completedDisposers":2,"failedDisposers":["DEADLINE_EXCEEDED"],"restartRequired":true,"state":"FAILED","timedOutResources":1}}
✔ real authenticated session rejects forged-name and preserves victim (1243.480073ms)
ℹ {"receipt":{"pid":315551,"code":1,"signal":null,"elapsedMs":484.0010000000002},"victim":{"pid":315540,"rssKiB":70080,"childFDObservation":"not measured: production victim has no diagnostic dispatcher; required FD counts are measured on sealed qualification children","brokerFDs":25,"managed":3},"brokerAlive":315502}
✔ real authenticated session rejects forged-digest and preserves victim (1284.64362ms)
ℹ {"receipt":{"pid":315578,"code":1,"signal":null,"elapsedMs":531.086636},"victim":{"pid":315567,"rssKiB":69880,"childFDObservation":"not measured: production victim has no diagnostic dispatcher; required FD counts are measured on sealed qualification children","brokerFDs":25,"managed":3},"brokerAlive":315502}
✔ real authenticated session rejects hello-contract-digest and preserves victim (1235.698692ms)
ℹ {"receipt":{"pid":315598,"code":1,"signal":null,"elapsedMs":476.4212980000002},"victim":{"pid":315587,"rssKiB":69924,"childFDObservation":"not measured: production victim has no diagnostic dispatcher; required FD counts are measured on sealed qualification children","brokerFDs":25,"managed":3},"brokerAlive":315502}
✔ real authenticated session rejects hello-contract-duplicate and preserves victim (1199.220186ms)
ℹ {"receipt":{"pid":315618,"code":1,"signal":null,"elapsedMs":479.0292669999999},"victim":{"pid":315607,"rssKiB":70524,"childFDObservation":"not measured: production victim has no diagnostic dispatcher; required FD counts are measured on sealed qualification children","brokerFDs":25,"managed":3},"brokerAlive":315502}
✔ real authenticated session rejects forged-publisher and preserves victim (1223.478583ms)
ℹ {"receipt":{"pid":315638,"code":1,"signal":null,"elapsedMs":484.0164189999996},"victim":{"pid":315627,"rssKiB":65708,"childFDObservation":"not measured: production victim has no diagnostic dispatcher; required FD counts are measured on sealed qualification children","brokerFDs":25,"managed":3},"brokerAlive":315502}
✔ real authenticated session rejects stale-challenge and preserves victim (1243.241605ms)
ℹ {"receipt":{"pid":315654,"code":1,"signal":null,"elapsedMs":504.3172430000013},"victim":{"pid":315647,"rssKiB":70512,"childFDObservation":"not measured: production victim has no diagnostic dispatcher; required FD counts are measured on sealed qualification children","brokerFDs":25,"managed":3},"brokerAlive":315502}
✔ real authenticated session rejects stale-generation and preserves victim (1193.74647ms)
ℹ {"receipt":{"pid":315674,"code":1,"signal":null,"elapsedMs":502.78606899999977},"victim":{"pid":315667,"rssKiB":70416,"childFDObservation":"not measured: production victim has no diagnostic dispatcher; required FD counts are measured on sealed qualification children","brokerFDs":25,"managed":3},"brokerAlive":315502}
✔ real launched PID accepts exact package and excludes parent environment sentinel (1272.994355ms)
ℹ {"identity":{"runtimeDigest":"sha256:7fde7b8afa198da66257f42ee2001d874c7355631e6d1579a5fb5ef1f246df4c","bridgeDigest":"sha256:7bb4d660d72986ad6feeb851100ce262d994db1034f2d6b41460bf578b533951","launcherDigest":"sha256:a493f78a308f49c23dd192ac8d501c727f37032794b988e6a695397ca57ee8e6","workerDigest":"sha256:02780ca85d20627b515d01f7c9092342ac2300888cfc6733f37b070944d58fdc"},"observed":{"pid":315694,"rssKiB":65272,"fds":20,"scannedFDLimit":64,"sentinelPresent":false,"childFDObservation":"actual bounded child fstat via native transport","brokerFDs":28,"managed":6}}
ℹ {"receipt":{"pid":315694,"code":1,"signal":null,"elapsedMs":489.064343},"victim":{"pid":315687,"rssKiB":70752,"childFDObservation":"not measured: production victim has no diagnostic dispatcher; required FD counts are measured on sealed qualification children","brokerFDs":25,"managed":3},"brokerAlive":315502}
✔ real wrong OS peer is closed before exact launched PID is authenticated (1226.715267ms)
ℹ {"receipt":{"pid":315708,"code":1,"signal":null,"elapsedMs":527.0843209999985},"victim":{"pid":315700,"rssKiB":70516,"childFDObservation":"not measured: production victim has no diagnostic dispatcher; required FD counts are measured on sealed qualification children","brokerFDs":25,"managed":3},"brokerAlive":315502}
✔ real session exit: bounded failure, reap and independent victim (1251.0087ms)
ℹ {"mode":"exit","elapsedMs":10.816977000000406}
ℹ {"receipt":{"pid":315721,"code":37,"signal":null,"elapsedMs":497.0448209999995},"victim":{"pid":315714,"rssKiB":70540,"childFDObservation":"not measured: production victim has no diagnostic dispatcher; required FD counts are measured on sealed qualification children","brokerFDs":25,"managed":3},"brokerAlive":315502}
✔ real session unresponsive: bounded failure, reap and independent victim (21198.559134ms)
ℹ {"mode":"unresponsive","elapsedMs":19521.401013000002}
ℹ {"receipt":{"pid":315734,"code":null,"signal":"SIGKILL","elapsedMs":20507.052685999995},"victim":{"pid":315727,"rssKiB":70752,"childFDObservation":"not measured: production victim has no diagnostic dispatcher; required FD counts are measured on sealed qualification children","brokerFDs":25,"managed":3},"brokerAlive":315502}
✔ real session heartbeat-stall: bounded failure, reap and independent victim (20695.278417ms)
ℹ {"mode":"heartbeat-stall","elapsedMs":19550.283568}
ℹ {"receipt":{"pid":315748,"code":1,"signal":null,"elapsedMs":20010.287694},"victim":{"pid":315741,"rssKiB":69940,"childFDObservation":"not measured: production victim has no diagnostic dispatcher; required FD counts are measured on sealed qualification children","brokerFDs":25,"managed":3},"brokerAlive":315502}
✔ real session partial-control: bounded failure, reap and independent victim (3183.985617ms)
ℹ {"mode":"partial-control","elapsedMs":2006.5588100000023}
ℹ {"receipt":{"pid":315797,"code":1,"signal":null,"elapsedMs":2476.9753839999976},"victim":{"pid":315790,"rssKiB":70528,"childFDObservation":"not measured: production victim has no diagnostic dispatcher; required FD counts are measured on sealed qualification children","brokerFDs":25,"managed":3},"brokerAlive":315502}
✔ real session malformed-control: bounded failure, reap and independent victim (1175.02857ms)
ℹ {"mode":"malformed-control","elapsedMs":5.722094999997353}
ℹ {"receipt":{"pid":315812,"code":1,"signal":null,"elapsedMs":455.7195500000016},"victim":{"pid":315805,"rssKiB":70772,"childFDObservation":"not measured: production victim has no diagnostic dispatcher; required FD counts are measured on sealed qualification children","brokerFDs":25,"managed":3},"brokerAlive":315502}
✔ real session replayed-control: bounded failure, reap and independent victim (1166.940522ms)
ℹ {"mode":"replayed-control","elapsedMs":6.368399999999383}
ℹ {"receipt":{"pid":315825,"code":1,"signal":null,"elapsedMs":461.81287399999565},"victim":{"pid":315818,"rssKiB":70616,"childFDObservation":"not measured: production victim has no diagnostic dispatcher; required FD counts are measured on sealed qualification children","brokerFDs":25,"managed":3},"brokerAlive":315502}
✔ real session partial-work: bounded failure, reap and independent victim (3189.850079ms)
ℹ {"mode":"partial-work","elapsedMs":2014.1055409999972}
ℹ {"receipt":{"pid":315838,"code":1,"signal":null,"elapsedMs":2482.6633220000003},"victim":{"pid":315831,"rssKiB":70380,"childFDObservation":"not measured: production victim has no diagnostic dispatcher; required FD counts are measured on sealed qualification children","brokerFDs":25,"managed":3},"brokerAlive":315502}
✔ real session malformed-work: bounded failure, reap and independent victim (1183.118574ms)
ℹ {"mode":"malformed-work","elapsedMs":7.560135000006994}
ℹ {"receipt":{"pid":315851,"code":1,"signal":null,"elapsedMs":472.79787600001146},"victim":{"pid":315844,"rssKiB":70532,"childFDObservation":"not measured: production victim has no diagnostic dispatcher; required FD counts are measured on sealed qualification children","brokerFDs":25,"managed":3},"brokerAlive":315502}
✔ real session retargeted-work: bounded failure, reap and independent victim (1197.515031ms)
ℹ {"mode":"retargeted-work","elapsedMs":4.586597000001348}
ℹ {"receipt":{"pid":315864,"code":1,"signal":null,"elapsedMs":483.3368599999958},"victim":{"pid":315857,"rssKiB":70448,"childFDObservation":"not measured: production victim has no diagnostic dispatcher; required FD counts are measured on sealed qualification children","brokerFDs":25,"managed":3},"brokerAlive":315502}
✔ real session offer-starvation: bounded failure, reap and independent victim (2178.445335ms)
ℹ {"mode":"offer-starvation","elapsedMs":1001.9705810000014}
ℹ {"receipt":{"pid":315877,"code":1,"signal":null,"elapsedMs":1479.9074950000067},"victim":{"pid":315870,"rssKiB":70528,"childFDObservation":"not measured: production victim has no diagnostic dispatcher; required FD counts are measured on sealed qualification children","brokerFDs":25,"managed":3},"brokerAlive":315502}
✔ real non-reading work socket triggers partial-write deadline and releases charged bytes (3217.163128ms)
ℹ {"socket":{"sendBuffer":212992,"receiveBuffer":212992,"queuedWrite":222720,"queuedRead":0},"wire":{"bytes":900506,"frames":2,"control":0}}
ℹ {"receipt":{"pid":315890,"code":1,"signal":null,"elapsedMs":2499.5397200000007},"victim":{"pid":315883,"rssKiB":70532,"childFDObservation":"not measured: production victim has no diagnostic dispatcher; required FD counts are measured on sealed qualification children","brokerFDs":25,"managed":3},"brokerAlive":315502}
✔ real carrier wrong-session: reject transferred rights and preserve victim (1217.074089ms)
ℹ {"receipt":{"pid":315904,"code":1,"signal":null,"elapsedMs":503.5630339999916},"victim":{"pid":315897,"rssKiB":69984,"childFDObservation":"not measured: production victim has no diagnostic dispatcher; required FD counts are measured on sealed qualification children","brokerFDs":25,"managed":3},"brokerAlive":315502}
✔ real carrier wrong-generation: reject transferred rights and preserve victim (1217.449966ms)
ℹ {"receipt":{"pid":315917,"code":1,"signal":null,"elapsedMs":497.92726300000504},"victim":{"pid":315910,"rssKiB":70764,"childFDObservation":"not measured: production victim has no diagnostic dispatcher; required FD counts are measured on sealed qualification children","brokerFDs":25,"managed":3},"brokerAlive":315502}
✔ real carrier wrong-nonce: reject transferred rights and preserve victim (1251.892928ms)
ℹ {"receipt":{"pid":315930,"code":1,"signal":null,"elapsedMs":517.8698330000043},"victim":{"pid":315923,"rssKiB":69948,"childFDObservation":"not measured: production victim has no diagnostic dispatcher; required FD counts are measured on sealed qualification children","brokerFDs":25,"managed":3},"brokerAlive":315502}
✔ real carrier replayed-packet: reject transferred rights and preserve victim (1175.126876ms)
ℹ {"receipt":{"pid":315943,"code":1,"signal":null,"elapsedMs":463.4975850000046},"victim":{"pid":315936,"rssKiB":70780,"childFDObservation":"not measured: production victim has no diagnostic dispatcher; required FD counts are measured on sealed qualification children","brokerFDs":25,"managed":3},"brokerAlive":315502}
✔ real carrier truncated-packet: reject transferred rights and preserve victim (1194.993344ms)
ℹ {"receipt":{"pid":315956,"code":1,"signal":null,"elapsedMs":472.5202949999948},"victim":{"pid":315949,"rssKiB":70608,"childFDObservation":"not measured: production victim has no diagnostic dispatcher; required FD counts are measured on sealed qualification children","brokerFDs":25,"managed":3},"brokerAlive":315502}
✔ real carrier wrong-socket-type: reject transferred rights and preserve victim (1239.32849ms)
ℹ {"receipt":{"pid":315969,"code":1,"signal":null,"elapsedMs":537.6455489999935},"victim":{"pid":315962,"rssKiB":70740,"childFDObservation":"not measured: production victim has no diagnostic dispatcher; required FD counts are measured on sealed qualification children","brokerFDs":25,"managed":3},"brokerAlive":315502}
✔ real carrier multiple-rights: reject transferred rights and preserve victim (1238.927115ms)
ℹ {"receipt":{"pid":315985,"code":1,"signal":null,"elapsedMs":508.86958699999377},"victim":{"pid":315978,"rssKiB":70388,"childFDObservation":"not measured: production victim has no diagnostic dispatcher; required FD counts are measured on sealed qualification children","brokerFDs":25,"managed":3},"brokerAlive":315502}
✔ real carrier no-rights: reject transferred rights and preserve victim (1219.391893ms)
ℹ {"receipt":{"pid":315999,"code":1,"signal":null,"elapsedMs":509.0863839999947},"victim":{"pid":315992,"rssKiB":69940,"childFDObservation":"not measured: production victim has no diagnostic dispatcher; required FD counts are measured on sealed qualification children","brokerFDs":25,"managed":3},"brokerAlive":315502}
✔ real carrier oversized-packet: reject transferred rights and preserve victim (1225.236438ms)
ℹ {"receipt":{"pid":316013,"code":1,"signal":null,"elapsedMs":518.2389880000119},"victim":{"pid":316006,"rssKiB":70628,"childFDObservation":"not measured: production victim has no diagnostic dispatcher; required FD counts are measured on sealed qualification children","brokerFDs":25,"managed":3},"brokerAlive":315502}
✔ real unreaped process remains quarantined and charged until actual exit (3262.235057ms)
ℹ {"quarantineReported":true,"actualExit":{"pid":316027,"code":null,"signal":"SIGKILL","elapsedMs":2497.9149440000037}}
✔ production reconnect never replays an in-flight committed mutation (2449.097317ms)
✔ production Host recovery uses 1/2/4/8 backoff without hello-pong budget reset or old-handle rebind (49160.661738ms)
ℹ {"recovery":[{"attempt":1,"delayMs":1174.3746720000054,"pid":316067,"generation":2},{"attempt":2,"delayMs":2191.346953,"pid":316073,"generation":3},{"attempt":3,"delayMs":4185.709524999998,"pid":316080,"generation":4},{"attempt":4,"delayMs":8176.36407499999,"pid":316086,"generation":5}]}
✔ production unload cancels queued reconnect before a replacement can launch (2137.510565ms)
✔ Host never reports DISPOSED while its actual worker remains unreaped (2135.927492ms)
✔ real session sustained queued work: bounded descriptors, RSS and released retired contexts (3749.454914ms)
ℹ {"before":{"pid":316170,"rssKiB":65440,"fds":20,"scannedFDLimit":64,"sentinelPresent":false,"childFDObservation":"actual bounded child fstat via native transport","brokerFDs":28,"managed":6},"samples":[{"pid":316170,"rssKiB":65444,"fds":23,"scannedFDLimit":64,"sentinelPresent":false,"childFDObservation":"actual bounded child fstat via native transport","brokerFDs":32,"managed":10,"socket":{"sendBuffer":212992,"receiveBuffer":212992,"queuedWrite":0,"queuedRead":0},"usage":{"ordinary":4,"nested":0,"lifecycle":0,"queued":32,"records":36,"offers":0,"failed":false},"wire":{"bytes":9216,"frames":36,"control":0}},{"pid":316170,"rssKiB":65444,"fds":23,"scannedFDLimit":64,"sentinelPresent":false,"childFDObservation":"actual bounded child fstat via native transport","brokerFDs":32,"managed":10,"socket":{"sendBuffer":212992,"receiveBuffer":212992,"queuedWrite":0,"queuedRead":0},"usage":{"ordinary":4,"nested":0,"lifecycle":0,"queued":32,"records":36,"offers":0,"failed":false},"wire":{"bytes":9216,"frames":36,"control":0}},{"pid":316170,"rssKiB":67796,"fds":23,"scannedFDLimit":64,"sentinelPresent":false,"childFDObservation":"actual bounded child fstat via native transport","brokerFDs":32,"managed":10,"socket":{"sendBuffer":212992,"receiveBuffer":212992,"queuedWrite":0,"queuedRead":0},"usage":{"ordinary":4,"nested":0,"lifecycle":0,"queued":32,"records":36,"offers":0,"failed":false},"wire":{"bytes":9216,"frames":36,"control":0}},{"pid":316170,"rssKiB":67796,"fds":23,"scannedFDLimit":64,"sentinelPresent":false,"childFDObservation":"actual bounded child fstat via native transport","brokerFDs":32,"managed":10,"socket":{"sendBuffer":212992,"receiveBuffer":212992,"queuedWrite":0,"queuedRead":0},"usage":{"ordinary":4,"nested":0,"lifecycle":0,"queued":32,"records":36,"offers":0,"failed":false},"wire":{"bytes":9216,"frames":36,"control":0}},{"pid":316170,"rssKiB":70256,"fds":23,"scannedFDLimit":64,"sentinelPresent":false,"childFDObservation":"actual bounded child fstat via native transport","brokerFDs":32,"managed":10,"socket":{"sendBuffer":212992,"receiveBuffer":212992,"queuedWrite":0,"queuedRead":0},"usage":{"ordinary":4,"nested":0,"lifecycle":0,"queued":32,"records":36,"offers":0,"failed":false},"wire":{"bytes":9216,"frames":36,"control":0}},{"pid":316170,"rssKiB":70256,"fds":23,"scannedFDLimit":64,"sentinelPresent":false,"childFDObservation":"actual bounded child fstat via native transport","brokerFDs":32,"managed":10,"socket":{"sendBuffer":212992,"receiveBuffer":212992,"queuedWrite":0,"queuedRead":0},"usage":{"ordinary":4,"nested":0,"lifecycle":0,"queued":32,"records":36,"offers":0,"failed":false},"wire":{"bytes":9216,"frames":36,"control":0}},{"pid":316170,"rssKiB":70256,"fds":23,"scannedFDLimit":64,"sentinelPresent":false,"childFDObservation":"actual bounded child fstat via native transport","brokerFDs":32,"managed":10,"socket":{"sendBuffer":212992,"receiveBuffer":212992,"queuedWrite":0,"queuedRead":0},"usage":{"ordinary":4,"nested":0,"lifecycle":0,"queued":32,"records":36,"offers":0,"failed":false},"wire":{"bytes":9216,"frames":36,"control":0}},{"pid":316170,"rssKiB":70256,"fds":23,"scannedFDLimit":64,"sentinelPresent":false,"childFDObservation":"actual bounded child fstat via native transport","brokerFDs":32,"managed":10,"socket":{"sendBuffer":212992,"receiveBuffer":212992,"queuedWrite":0,"queuedRead":0},"usage":{"ordinary":4,"nested":0,"lifecycle":0,"queued":32,"records":36,"offers":0,"failed":false},"wire":{"bytes":9216,"frames":36,"control":0}},{"pid":316170,"rssKiB":70424,"fds":23,"scannedFDLimit":64,"sentinelPresent":false,"childFDObservation":"actual bounded child fstat via native transport","brokerFDs":32,"managed":10,"socket":{"sendBuffer":212992,"receiveBuffer":212992,"queuedWrite":0,"queuedRead":0},"usage":{"ordinary":4,"nested":0,"lifecycle":0,"queued":32,"records":36,"offers":0,"failed":false},"wire":{"bytes":9216,"frames":36,"control":0}},{"pid":316170,"rssKiB":70424,"fds":23,"scannedFDLimit":64,"sentinelPresent":false,"childFDObservation":"actual bounded child fstat via native transport","brokerFDs":32,"managed":10,"socket":{"sendBuffer":212992,"receiveBuffer":212992,"queuedWrite":0,"queuedRead":0},"usage":{"ordinary":4,"nested":0,"lifecycle":0,"queued":32,"records":36,"offers":0,"failed":false},"wire":{"bytes":9216,"frames":36,"control":0}},{"pid":316170,"rssKiB":70424,"fds":23,"scannedFDLimit":64,"sentinelPresent":false,"childFDObservation":"actual bounded child fstat via native transport","brokerFDs":32,"managed":10,"socket":{"sendBuffer":212992,"receiveBuffer":212992,"queuedWrite":0,"queuedRead":0},"usage":{"ordinary":4,"nested":0,"lifecycle":0,"queued":32,"records":36,"offers":0,"failed":false},"wire":{"bytes":9216,"frames":36,"control":0}},{"pid":316170,"rssKiB":70424,"fds":23,"scannedFDLimit":64,"sentinelPresent":false,"childFDObservation":"actual bounded child fstat via native transport","brokerFDs":32,"managed":10,"socket":{"sendBuffer":212992,"receiveBuffer":212992,"queuedWrite":0,"queuedRead":0},"usage":{"ordinary":4,"nested":0,"lifecycle":0,"queued":32,"records":36,"offers":0,"failed":false},"wire":{"bytes":9216,"frames":36,"control":0}}],"after":{"pid":316170,"rssKiB":70424,"fds":20,"scannedFDLimit":64,"sentinelPresent":false,"childFDObservation":"actual bounded child fstat via native transport","brokerFDs":28,"managed":6},"identity":{"runtimeDigest":"sha256:7fde7b8afa198da66257f42ee2001d874c7355631e6d1579a5fb5ef1f246df4c","bridgeDigest":"sha256:7bb4d660d72986ad6feeb851100ce262d994db1034f2d6b41460bf578b533951","launcherDigest":"sha256:a493f78a308f49c23dd192ac8d501c727f37032794b988e6a695397ca57ee8e6","workerDigest":"sha256:02780ca85d20627b515d01f7c9092342ac2300888cfc6733f37b070944d58fdc"}}
ℹ {"receipt":{"pid":316170,"code":1,"signal":null,"elapsedMs":3009.453504999983},"victim":{"pid":316163,"rssKiB":70744,"childFDObservation":"not measured: production victim has no diagnostic dispatcher; required FD counts are measured on sealed qualification children","brokerFDs":25,"managed":3},"brokerAlive":315502}
✔ wire reference agreement and closed envelope/body: hello (33.651501ms)
✔ wire reference agreement and closed envelope/body: accepted (10.136676ms)
✔ wire reference agreement and closed envelope/body: request (6.581413ms)
✔ wire reference agreement and closed envelope/body: response (4.879036ms)
✔ wire reference agreement and closed envelope/body: error (4.230385ms)
✔ wire reference agreement and closed envelope/body: cancel (3.434597ms)
✔ wire reference agreement and closed envelope/body: stream-item (3.059381ms)
✔ wire reference agreement and closed envelope/body: stream-credit (2.505146ms)
✔ wire reference agreement and closed envelope/body: stream-end (2.998857ms)
✔ wire reference agreement and closed envelope/body: event (2.824517ms)
✔ wire reference agreement and closed envelope/body: ping (2.982576ms)
✔ wire reference agreement and closed envelope/body: pong (2.566102ms)
✔ wire reference agreement and closed envelope/body: scope-check (2.583594ms)
✔ wire reference agreement and closed envelope/body: log (3.417485ms)
✔ wire malformed and noncanonical encodings are rejected (0.693235ms)
✔ wire rejects duplicate logical handshake vectors and obsolete feature spelling (2.164735ms)
✔ carrier codec accepts only an exact complete bounded canonical packet (1.235476ms)
✔ pull reader supports every two-part body split and preserves lease ownership (160.183348ms)
✔ reader closes and releases partial assemblies on all framing failures (0.707693ms)
✔ partial deadline is monotonic and applies without new input (0.361421ms)
✔ shared budget enforces frame/byte bounds and independent control reserve (1.259661ms)
✔ endpoint fence rejects retargeting, replay, closed endpoint and sequence wrap (0.489131ms)
ℹ tests 162
ℹ suites 0
ℹ pass 162
ℹ fail 0
ℹ cancelled 0
ℹ skipped 0
ℹ todo 0
ℹ duration_ms 164923.969675

> alica-v2@0.0.0 test:g7-bootstrap
> npm run build:g7-native && PYTHONPATH=.tools/python python3 -S tests/g7/test_bootstrap.py && PYTHONPATH=.tools/python node --experimental-vm-modules --test tests/g7/*.test.mjs


> alica-v2@0.0.0 build:g7-native
> python3 tools/build-g7-native.py

{
  "qualification": "HOST-OWNERSHIP-ONLY",
  "command": [
    "/home/alica-dev/AlicaV2/.tools/zig-x86_64-linux-0.15.2/zig",
    "cc",
    "-target",
    "x86_64-linux-gnu",
    "-std=c11",
    "-O2",
    "-Wall",
    "-Wextra",
    "-Werror",
    "-fstack-protector-strong",
    "-D_FORTIFY_SOURCE=2",
    "-fPIC",
    "-shared",
    "-Wl,-z,relro,-z,now",
    "-DNAPI_VERSION=9",
    "-I/home/alica-dev/AlicaV2/.tools/node/include/node",
    "/home/alica-dev/AlicaV2/native/g7/ownership.c",
    "-o",
    "/home/alica-dev/AlicaV2/native/g7/build/ownership.node"
  ],
  "compilerArchiveSha256": "02aa270f183da276e5b5920b1dac44a63f1a49e55050ebde3aecc9eb82f93239",
  "compilerExecutableSha256": "2858dc89dbbfdd08cceda1b841e7fd0a793a1a67b49f150bc3d0d1de44ed7f51",
  "inputs": {
    "native/g7/ownership.c": "3eda0895c8839ad52f66cf7301f14598fc9c5d2fefd88e85fc3cd6f860dfb55e",
    "tools/build-g7-native.py": "a2b66b8758fe4d75dd6b906a8a57bf999e8eb1d825d0737ff2b55de6bb4542fc",
    "native/g6/toolchain.lock.json": "c3ce193c7bd0a2dfe828c688ea32966824e6f24ff75ffc52fda1b31c6b081fbb",
    "toolchain.lock.json": "078cc50770b1ede31fcf4346a1ad316c97d1ffe6d0a55fe44a929d8a1fb612f6",
    ".tools/node/include/node/js_native_api.h": "8808ef8899a1691411928ef5dd7dae0537aedc93d3a34e223b2d89692e79c788",
    ".tools/node/include/node/js_native_api_types.h": "4f19cb90d240765cc0961d92a1ee20f65fdc50db7de1ab0a5cb6bc227224e1a0",
    ".tools/node/include/node/node.h": "e7252ed1e9812d1336093315ec3f1e08296ae9965e055754f28d9b7bcbbe5d98",
    ".tools/node/include/node/node_api.h": "2d4560831e525b47b060ec8a0864ab73993df9e20215ce9f0fe7b24cd31af32a",
    ".tools/node/include/node/node_api_types.h": "a25356630d3058f0a0c8937d9f297e9471e037fda58c2696d8a505c2bd99cb00",
    ".tools/node/include/node/node_buffer.h": "48077ade87e863a88e75a74c61fd948cb9ae16d7546cc5d61e1207fc95a7ac48",
    ".tools/node/include/node/node_object_wrap.h": "47bc10f599b4f518374e13501cf05de4273dfb0a7bfe21bc72d6714f9b6336b5",
    ".tools/node/include/node/node_version.h": "bd056729fddf4bfa58687036219f07417c334c4ecfcb513ac256fa254451bfc9",
    ".tools/node/include/node/uv.h": "bb9ed99b80cd22c58361bffdfbb2aa7029ce0391cde616745c0072a6f3c03219",
    ".tools/node/include/node/v8-array-buffer.h": "5ab664c31420db10083db3efb9712666eb0fa1c14c71f4bbbf9c11f9e3ae991e",
    ".tools/node/include/node/v8-callbacks.h": "8fe95d3b62906b8b5ff5c7c7cfb02d10dcc71e1a8328728422d3887634926eb4",
    ".tools/node/include/node/v8-container.h": "30c8fce13776a8b02e0268f55ba604a0cc359f28b91bcda84c07e7d87343e1e6",
    ".tools/node/include/node/v8-context.h": "8059e175eea93b622aae4d4dbd796b39fcdd5d15fa502bfb2aa86019fa5a8e8e",
    ".tools/node/include/node/v8-cppgc.h": "112b01dbcd87a407e1e4efe467641a1da2cce2d233b2c1fe9582998205a9ba19",
    ".tools/node/include/node/v8-data.h": "e2755bf6e3ddab5fd36176b0c79ff3ac9cf01c85502a74f2973b60ff1d8d910f",
    ".tools/node/include/node/v8-date.h": "bcb25002ce911e826fe66fc8f788d3c70b17d77713cce8a43851c3fcf1390130",
    ".tools/node/include/node/v8-debug.h": "2c5776228c8a010d10e920e153c4368d35dec80a97a671c2789cca6321ab6ea8",
    ".tools/node/include/node/v8-embedder-heap.h": "94317e3b040d721f21867d5a5333fa5aa2850d0228df4c2301ac93070fa1aa61",
    ".tools/node/include/node/v8-embedder-state-scope.h": "8ac9da5d0502946981ecadec567a9e6658bb97591da5e585a3247cc7ccf924c3",
    ".tools/node/include/node/v8-exception.h": "a56b9a825bd5a95e3a091f16e1f49c9e56b0aa7392fd584d34e3bf3452b4f6f3",
    ".tools/node/include/node/v8-extension.h": "ad2783655342544e49ad5323e04aefd112facbf5f6630d2f3050fbee1da4bcd0",
    ".tools/node/include/node/v8-external.h": "234042362502bc29d2e5fa652b3ca50aeff60bbacbb045a3e9e4ca10b3bb59fd",
    ".tools/node/include/node/v8-forward.h": "13a977a548417301d77359e6116a9a06a27d3b60cdeefed2614bf832aa95fc37",
    ".tools/node/include/node/v8-function-callback.h": "0a04fb5fe15f0956db82c286cee3ab21a5630b37b1c89249a5beda79358a5064",
    ".tools/node/include/node/v8-function.h": "335c745cdc90804e34ea3694da3bd5db88492e73c4e94c5169c55b67a8604b74",
    ".tools/node/include/node/v8-handle-base.h": "a39ce35b295ac1225e6842ab5f3a422384a5c5dbe13b5c5f384a245252670b14",
    ".tools/node/include/node/v8-initialization.h": "7c88a037f0b4396f8e285ff3e62fc4c1b34ea4d8e7d5c7f149d8d1f1316df533",
    ".tools/node/include/node/v8-internal.h": "eb74fc0740b7f858a03e319e077c1698d2083325f3154c67771b120fb48f8520",
    ".tools/node/include/node/v8-isolate.h": "db213aa2a3c1e381588583ab3fbae8c282be4384d57fa498863a0065f1c8aa29",
    ".tools/node/include/node/v8-json.h": "7ac22ac74ebac312a5901478e398ef1d3a29f0ef56accb6d6736d47e0dbb4cdc",
    ".tools/node/include/node/v8-local-handle.h": "f2d45e5b71ebde65715bd08460ca1a19ac7d096f95257df33e15cea23694ba4d",
    ".tools/node/include/node/v8-locker.h": "a3f67133e57b85f46482e312ec1400ba00cf831fe4fe4556872d270b000a72e9",
    ".tools/node/include/node/v8-maybe.h": "4b34196e6643c7b0757ea2fb1179a15c031ac2961ea6f99bbeab2df816b11b00",
    ".tools/node/include/node/v8-memory-span.h": "294c6c5271329d65fcc1253f4a6c72b36fbada6eb8ac85b407ae5e583c3ba824",
    ".tools/node/include/node/v8-message.h": "ce6fcfeeafa8d6528e7be5c5b9d58f09927b88a110a0bfacb5fbb0dc9ad0aa96",
    ".tools/node/include/node/v8-microtask-queue.h": "4616dbb7376a61a1c0643e8006c14642b7c78c78e314fdf6651ddd51c961d285",
    ".tools/node/include/node/v8-microtask.h": "e055cf06808240053f30672c424716db7d87cd15029a1dbd1cf2a2f9a3b3dc3b",
    ".tools/node/include/node/v8-object.h": "fa891650c8d9279a552136e76d416ef6fafbbc73dca9db4d981644b0d42fca15",
    ".tools/node/include/node/v8-persistent-handle.h": "92dc3b3241a2e42f08e4e959b0bea9814ed2863303e5fea23c175ad019b7a0f6",
    ".tools/node/include/node/v8-platform.h": "44a7fb139483b65dd5e962665d79d25fdf632910690632222991bda5e063f326",
    ".tools/node/include/node/v8-primitive-object.h": "d9c187b42f7ee96ec20ad4d9ac91a9a1eed3efc227a831736bba362f9c2b22ba",
    ".tools/node/include/node/v8-primitive.h": "22b7f84fc79e55144323a29be18ccb657e09fa3be5d2a2fd5380cbe4c82e4a28",
    ".tools/node/include/node/v8-profiler.h": "5e4e427164d4c886edcd978100a9b43851cf754a28576a3884b9a853d43eecf6",
    ".tools/node/include/node/v8-promise.h": "d9e1d89bde1ba8998d3d9aea60f1c5635ad9b36714b91a48bf0bde9b14410908",
    ".tools/node/include/node/v8-proxy.h": "0883885e2477071a1176151443b38754edde22b04a0a05d05fe3764ae44622b5",
    ".tools/node/include/node/v8-regexp.h": "8bdbcbb83463c77495973fe30294273d00a5c5cff90e8428415f5d2f034d0a8a",
    ".tools/node/include/node/v8-sandbox.h": "e3831b68766d59f1bfeeed2f629b1d0085c02fe2543175b1acdee63dcd1aeb82",
    ".tools/node/include/node/v8-script.h": "d753f702cf724070eaa683a8314313995535384dd74ca7b5a54a3f06152d5b0a",
    ".tools/node/include/node/v8-snapshot.h": "4228f27fc7794598efdc0d465268d70707212155b12a7c347d5fd8a0c137c779",
    ".tools/node/include/node/v8-source-location.h": "4e7890937c1d3de89bce3ff8749f9e6560994251385acf927b599f1f77a66a66",
    ".tools/node/include/node/v8-statistics.h": "f9547cff9044e7a8a518287ff20867a29a2c198a87ec070fd8b252825d997dac",
    ".tools/node/include/node/v8-template.h": "3527a7124e8fdb555102f1d9616a6010aa8de2bd94cfbb07496332b6afaacbc7",
    ".tools/node/include/node/v8-traced-handle.h": "c190953ea39cdfed8058e67b23c74255376c065c8c565c9f821fa467997756f8",
    ".tools/node/include/node/v8-typed-array.h": "4af778470c542677ea099ca334a042c448ce3b9f4d3b96a7fa6d599492651c64",
    ".tools/node/include/node/v8-unwinder.h": "2e27b3e40167e2eeb3d2ba53ad4723ed41d12dd5a1fe2d572344ab0062ca7756",
    ".tools/node/include/node/v8-value-serializer.h": "bc1d30d03ee47dd548b3ce30609a66fc47d252b3454603dffa28a3a9c1dd1cb6",
    ".tools/node/include/node/v8-value.h": "4bdb297358d309e003ea09279f2cf0e94024dbdafdd34a106513344b70d1685c",
    ".tools/node/include/node/v8-version.h": "7a945b923eec649417fc366a50b1439af006869ca764f37d1d07be15eed47802",
    ".tools/node/include/node/v8-wasm.h": "f6e41223234a00ea662b8706cc080acccca476a9c5d253e9ad2347eb3fcf12c1",
    ".tools/node/include/node/v8-weak-callback-info.h": "ffe109dcb5b0364c7d0653470c845f01c10573e6a5ab369f4dc7a0ccedc689d8",
    ".tools/node/include/node/v8.h": "e27a005daa45f342845ffb9b33409686c380b1d5a97f46f3ab4749517a213d25",
    ".tools/node/include/node/v8config.h": "7454d35a34b52b23a50f9ef2742dc0c57025cd9eb1f85c27b7618fe2b269bacf",
    ".tools/node/include/node/zconf.h": "5ad08c16565403aa7823d165050c5bfac211b8748717eec8a2bb8bc6efd56981",
    ".tools/node/include/node/zlib.h": "0ff41598d145693759a8322bb90bc4f2c57dcdcb3635fdf5b2195bf13df15b54"
  },
  "outputSha256": "ee9831332c517f4e8a9ab85b28a726a9d4fae9b7ccedc1d503d5c459c221793a"
}
test_canonical_golden_vectors (__main__.BootstrapTests.test_canonical_golden_vectors) ... ok
test_crash_before_publish_preserves_staging_without_accepted_target (__main__.BootstrapTests.test_crash_before_publish_preserves_staging_without_accepted_target) ... ok
test_depth (__main__.BootstrapTests.test_depth) ... ok
test_distinct_keys_and_clock (__main__.BootstrapTests.test_distinct_keys_and_clock) ... ok
test_duplicate_keys_and_oversize (__main__.BootstrapTests.test_duplicate_keys_and_oversize) ... ok
test_existing_symlink_target_refused (__main__.BootstrapTests.test_existing_symlink_target_refused) ... ok
test_file_checks (__main__.BootstrapTests.test_file_checks) ... ok
test_initial_publication_and_no_overwrite (__main__.BootstrapTests.test_initial_publication_and_no_overwrite) ... ok
test_invalid_json_values (__main__.BootstrapTests.test_invalid_json_values) ... ok
test_pinned_record (__main__.BootstrapTests.test_pinned_record) ... ok
test_separate_signature_domains (__main__.BootstrapTests.test_separate_signature_domains) ... ok

----------------------------------------------------------------------
Ran 11 tests in 0.023s

OK
✔ A1+B1 schemas: closed v1, exact cloned request, constrained v2 pairs and strict client version (51.504597ms)
actual SO_PEERCRED admin.sock [316264, 1000, 1000]
actual SO_PEERCRED admin-v2.sock [316264, 1000, 1000]
✔ A1: every header/body split, coalesced/trailing frames, strict parser, exact ceiling, credentials/modes and wrong endpoints (3795.078685ms)
✔ A1: delayed trailing byte/second frame and unsealed start/stop have no pre-EOF effects (6559.790989ms)
actual admission deadline observations ms: [
  30050.919795999995,
  30051.185267000004,
  30051.061424,
  30050.971283000003,
  30050.884420000002,
  30050.735299,
  30050.631644,
  30050.542947
]
✔ A1: aggregate eight admitted sockets, actual 30000ms absolute unsealed mutation deadlines; bytes/EOF never reset (33154.198527ms)
actual forced cleanup deadline ms: 30036.929795999997 pidfd: HELD
EXIT
✔ A1+B1: one mutation slot across endpoints; dispatched disconnect does not cancel; actual forced cleanup deadline retains custody (32698.611207ms)
late EOF admission deadline ms: 30031.056413 cleanup ms: 30080.322763999997
✔ A1: late EOF does not reset admission deadline or cancel an already dispatched stop (37685.387015ms)
pidfd receipts: HELD
EXIT boundary: { pid: 317586, boundary: 'after-file-fsync' } prior: false
✔ B1: held pidfd, stopped/killed actual accepted after-file-fsync, first publication (2802.027146ms)
pidfd receipts: HELD
EXIT boundary: { pid: 317639, boundary: 'before-rename' } prior: false
✔ B1: held pidfd, stopped/killed actual accepted before-rename, first publication (2758.297258ms)
pidfd receipts: HELD
EXIT boundary: { pid: 317693, boundary: 'after-rename' } prior: false
✔ B1: held pidfd, stopped/killed actual accepted after-rename, first publication (2893.474631ms)
pidfd receipts: HELD
EXIT boundary: { pid: 317768, boundary: 'before-directory-fsync' } prior: false
✔ B1: held pidfd, stopped/killed actual accepted before-directory-fsync, first publication (2714.200939ms)
pidfd receipts: HELD
EXIT boundary: { pid: 317829, boundary: 'after-directory-fsync' } prior: false
✔ B1: held pidfd, stopped/killed actual accepted after-directory-fsync, first publication (2776.485453ms)
pidfd receipts: HELD
EXIT boundary: { pid: 317934, boundary: 'after-file-fsync' } prior: true
✔ B1: held pidfd, stopped/killed actual accepted after-file-fsync, prior bytes successor fault (3229.057061ms)
pidfd receipts: HELD
EXIT boundary: { pid: 317997, boundary: 'before-rename' } prior: true
✔ B1: held pidfd, stopped/killed actual accepted before-rename, prior bytes successor fault (3233.020424ms)
pidfd receipts: HELD
EXIT boundary: { pid: 318075, boundary: 'after-rename' } prior: true
✔ B1: held pidfd, stopped/killed actual accepted after-rename, prior bytes successor fault (3167.928102ms)
pidfd receipts: HELD
EXIT boundary: { pid: 318135, boundary: 'before-directory-fsync' } prior: true
✔ B1: held pidfd, stopped/killed actual accepted before-directory-fsync, prior bytes successor fault (3348.064992ms)
pidfd receipts: HELD
EXIT boundary: { pid: 318218, boundary: 'after-directory-fsync' } prior: true
✔ B1: held pidfd, stopped/killed actual accepted after-directory-fsync, prior bytes successor fault (3212.343062ms)
✔ B1: owner death before readiness returns unknown on v2, close on v1, no publication or restart (676.54725ms)
✔ B1: successor missing accepted data preserves original, no stale response/replay (3079.119887ms)
✔ B1: successor corrupt accepted data preserves original, no stale response/replay (3227.444797ms)
✔ B1 client: rejects wrong version/binding, duplicate/trailing response and never connects fallback/replays (9.916551ms)
✔ Python root signatures are accepted by the unchanged production Kernel verifier (18.266795ms)
✔ root policy authorizes only the designated publisher and IPC execution (0.920193ms)
✔ signature domains are not interchangeable (0.984302ms)
✔ tampered policy is rejected (2.191697ms)
✔ prohibited inproc trust expansion is rejected (1.673571ms)
✔ root substitution is rejected (1.406579ms)
✔ wrong public bytes under approved key ID are rejected (0.989725ms)
✔ missing signature is rejected (2.33687ms)
✔ noncanonical signature encoding is rejected (1.642021ms)
✔ tampered revocation metadata is rejected (3.42064ms)
✔ metadata issued in the future is rejected (0.656596ms)
✔ expired revocation metadata is rejected (1.755755ms)
✔ old policy age also blocks activation despite nominal policy expiry (2.038487ms)
✔ unknown policy fields are rejected (2.967027ms)
✔ backward clock movement fails closed (7.908571ms)
✔ existing high-water state cannot be reset using initialize=true (9.563478ms)
✔ in-process IPC install: actual echo and unchanged consumer readiness, exact frozen selection, lifetime ownership and real shutdown (3342.230267ms)
✔ external SIGKILL at activating-durable preserves selection and requires operator without inventing reap (1274.046546ms)
✔ external SIGKILL at accepted-rename preserves selection and requires operator without inventing reap (3423.015699ms)
✔ external SIGKILL at committed-durable preserves selection and requires operator without inventing reap (3349.825841ms)
✔ fresh recovery rejects committed corruption: wrong-sequence (2694.779248ms)
✔ fresh recovery rejects committed corruption: wrong-release (2566.943026ms)
✔ fresh recovery rejects committed corruption: unknown-field (2588.559767ms)
✔ fresh recovery rejects committed corruption: missing-selection (2636.065718ms)
✔ fresh recovery rejects committed corruption: corrupt-journal (2552.630516ms)
✔ real provider activation failure never publishes accepted selection and records clean rollback (869.531998ms)
✔ post-activation recovery still enforces Kernel same-version policy digest continuity (2651.373301ms)
✔ expired grants cannot continue to report a ready RUNNING Cell (7417.803754ms)
✔ real syscall fault remains conservative and cannot publish later: accepted-rename (5105.999882ms)
✔ real syscall fault remains conservative and cannot publish later: accepted-directory (4912.755663ms)
✔ real syscall fault remains conservative and cannot publish later: journal-link (5169.921822ms)
✔ real syscall fault remains conservative and cannot publish later: enospc (2662.187291ms)
✔ real syscall fault remains conservative and cannot publish later: accepted-file-delay (35930.196946ms)
✔ activation hangs: actual IPC, no late accepted publication (32888.432665ms)
✔ activation resolves late: actual IPC, no late accepted publication (33321.043951ms)
✔ readiness shares activation budget: actual IPC, no late accepted publication (32953.342342ms)
✔ throwing IPC activation preserves clean same-object status and safe conflict on retained candidate (1115.653595ms)
✔ actual IPC readiness fails closed: throw new Error("readiness failure"); (4074.633721ms)
✔ actual IPC readiness fails closed: await new Promise(r => setTimeout(r, 1500)); return x; (5336.879156ms)
✔ actual IPC readiness fails closed: await new Promise(() => {}); (5020.65132ms)
✔ actual hanging IPC disposer cannot claim STOPPED or reopen admission (5476.695258ms)
✔ actual committed corruption has structured conservative error and is not repaired (2665.616964ms)
✔ real staged transaction, separate-process status/recovery, persistent identity/floor and no accepted selection (1322.877271ms)
✔ OS flock contention is immediate across processes and releases on SIGKILL without PID guessing (376.784856ms)
✔ external SIGKILL at staging-durable with fresh-process readback (771.790741ms)
✔ external SIGKILL at verified-durable with fresh-process readback (893.885874ms)
✔ external SIGKILL at journal-link with fresh-process readback (768.731342ms)
✔ external SIGKILL at floor-rename with fresh-process readback (720.920859ms)
✔ private-root attack rejects symlink-root (69.417146ms)
✔ private-root attack rejects root-mode (67.877026ms)
✔ private-root attack rejects identity-hardlink (75.162233ms)
✔ private-root attack rejects floor-symlink (72.920572ms)
✔ private-root attack rejects floor-mode (75.071624ms)
✔ private-root attack rejects unknown-root (72.530738ms)
✔ private-root attack rejects missing-kernel (66.670114ms)
✔ private-root attack rejects accepted-selection (83.583769ms)
✔ stage rejects wrong-root without accepted publication (75.39964ms)
✔ stage rejects clock-floor without accepted publication (61.906453ms)
✔ stage rejects metadata-floor without accepted publication (66.357574ms)
✔ stage rejects intent-profile without accepted publication (86.006672ms)
✔ stage rejects intent-operation without accepted publication (189.536157ms)
✔ stage rejects intent-duplicate without accepted publication (74.800211ms)
✔ stage rejects intent-secret without accepted publication (79.265467ms)
✔ stage rejects source-corruption without accepted publication (71.367247ms)
✔ journal corruption, unknown shape, checksum-valid illegal edge and rollback deny (2351.720626ms)
✔ install, upgrade, start, stop, verify and backup are explicitly unavailable; no root mutation (1839.773513ms)
✔ anonymous packet channel authenticates exact real child credentials; pidfd pins lifetime (36.107385ms)
✔ same-uid grandchild cannot forge exact coordinator credentials on inherited channel (27.908338ms)
✔ rejects unauthenticated ancillary/truncated/empty packet: rights (23.477826ms)
✔ rejects unauthenticated ancillary/truncated/empty packet: oversize (22.817774ms)
✔ rejects unauthenticated ancillary/truncated/empty packet: empty (27.684296ms)
✔ cross-process exact reinstall: actual original Cell/Kernel bytes and inodes preserved, fence retained (3831.869435ms)
✔ cross-process rejects same-version-equivocation (3631.913608ms)
✔ cross-process rejects revoked-bundle (3761.678864ms)
✔ cross-process rejects authorization (3719.807876ms)
✔ cross-process rejects archive (3591.337629ms)
✔ cross-process rejects forged-clean (3620.805667ms)
✔ cross-process rejects kill-coordinator (3568.113463ms)
✔ continuous separate flock competitor and concurrent constructors cannot enter owned lifecycle (6215.692224ms)
✔ maintenance parent death contains exact pidfd-pinned coordinator; fence is not clean authority (3243.40408ms)
✔ buffered authentic CLEAN returned after real cleanup deadline is not authority (34320.712397ms)
✔ owned upgrade denies bad-target-grants without reviving or replacing prior (3811.899224ms)
✔ owned upgrade denies bad-target-readiness without reviving or replacing prior (4671.398885ms)
✔ owned upgrade denies bad-target-call without reviving or replacing prior (5899.981043ms)
✔ owned upgrade commits a distinct immutable target with original prior history and actual new IPC readiness (5895.393757ms)
✔ owned upgrade conservative publication: crash-before-accepted (6054.92559ms)
✔ owned upgrade conservative publication: crash-after-accepted (5975.250572ms)
✔ owned upgrade conservative publication: crash-after-accepted-fsync (6322.51077ms)
✔ owned upgrade conservative publication: uncertain-rename (6300.74634ms)
✔ owned upgrade conservative publication: uncertain-directory-fsync (6474.950892ms)
✔ owned upgrade conservative publication: crash-before-commit (6259.873122ms)
✔ owned upgrade conservative publication: crash-after-commit (6535.848107ms)
✔ owned upgrade conservative publication: uncertain-commit-fsync (6980.676277ms)
✔ independent watchdog contains synchronous block-cleanup at real deadline (33867.99256ms)
✔ independent watchdog contains synchronous block-activation at real deadline (34298.160179ms)
✔ independent watchdog contains synchronous block-maintenance at real deadline (303758.355924ms)
✔ native custody requires matching private inode and the actual held flock description (2.998356ms)
✔ exact reinstall under continuous same-owner clean custody is a byte/inode/mtime preserving no-op, repeatedly (2790.91723ms)
✔ exact reinstall fails closed without writes: retained-artifact (2545.307191ms)
✔ exact reinstall fails closed without writes: retained-extra (2357.530565ms)
✔ exact reinstall fails closed without writes: retained-missing (2383.654214ms)
✔ exact reinstall fails closed without writes: authorization (2392.97249ms)
✔ exact reinstall fails closed without writes: accepted (2487.319236ms)
✔ exact reinstall fails closed without writes: journal (2290.698309ms)
✔ exact reinstall fails closed without writes: kernel-malformed (2462.694752ms)
✔ exact reinstall fails closed without writes: kernel-backward-clock (2385.112832ms)
✔ exact reinstall fails closed without writes: floor-backward-clock (2510.905898ms)
✔ exact reinstall fails closed without writes: expired (2594.443532ms)
✔ exact reinstall fails closed without writes: revoked-bundle (2638.494476ms)
✔ exact reinstall fails closed without writes: revoked-publisher (2570.548549ms)
✔ exact reinstall fails closed without writes: revoked-package (2664.878875ms)
✔ exact reinstall fails closed without writes: same-version-equivocation (2398.390082ms)
✔ exact reinstall fails closed without writes: missing-trust (2425.817797ms)
✔ exact reinstall fails closed without writes: candidate-tamper (2220.961333ms)
✔ exact reinstall fails closed without writes: different-valid-candidate (2281.947854ms)
✔ normal owner close/reopen cannot reconstruct clean custody from accepted bytes or journal (2245.955084ms)
✔ unmodified CLI path establishes custody from inception and refuses later residue adoption (3997.902707ms)
✔ owned coordinator: independent custodian and owner normal reaps precede real stopped verification; original Cell preserved (3841.440245ms)
✔ owned coordinator loss retains fence at before-fsync-1 (409.31001ms)
✔ owned coordinator loss retains fence at after-fsync-1 (423.768464ms)
✔ owned coordinator loss retains fence at before-fsync-2 (431.422867ms)
✔ owned coordinator loss retains fence at after-fsync-2 (401.63528ms)
✔ owned coordinator loss retains fence at before-fsync-3 (384.390129ms)
✔ owned coordinator loss retains fence at after-fsync-3 (427.059382ms)
✔ owned coordinator loss retains fence at before-READY (3025.576082ms)
✔ owned coordinator loss retains fence at after-READY (2904.932564ms)
✔ owned coordinator loss retains fence at before-SEALED (2895.561159ms)
✔ owned coordinator loss retains fence at after-SEALED (2852.590799ms)
✔ owned coordinator loss retains fence at before-CLEAN (3074.343518ms)
✔ owned coordinator loss retains fence at after-CLEAN (3266.624023ms)
✔ owned coordinator loss retains fence at after-reap (3044.074856ms)
✔ owned coordinator loss retains fence at before-maintenance (3085.570547ms)
✔ owned coordinator loss retains fence at after-maintenance (3507.259588ms)
✔ custodian abnormal death cannot become stopped permission at before-fsync-1 (248.306257ms)
✔ custodian abnormal death cannot become stopped permission at after-fsync-1 (215.805601ms)
✔ custodian abnormal death cannot become stopped permission at before-fsync-2 (219.438823ms)
✔ custodian abnormal death cannot become stopped permission at after-fsync-2 (223.905472ms)
✔ custodian abnormal death cannot become stopped permission at before-fsync-3 (209.033971ms)
✔ custodian abnormal death cannot become stopped permission at after-fsync-3 (236.934905ms)
✔ custodian abnormal death cannot become stopped permission at before-READY (2654.768791ms)
✔ custodian abnormal death cannot become stopped permission at before-SEALED (3068.042295ms)
✔ custodian abnormal death cannot become stopped permission at after-SEALED (3077.433288ms)
✔ custodian abnormal death cannot become stopped permission at before-CLEAN (3028.065334ms)
✔ custodian abnormal death cannot become stopped permission at after-CLEAN (2902.87858ms)
✔ exact owner pidfd death denies maintenance at after-READY (2733.974079ms)
✔ exact owner pidfd death denies maintenance at before-SEALED (2657.719779ms)
✔ exact owner pidfd death denies maintenance at after-SEALED (2794.66829ms)
✔ requests queued before seal cannot restart after the seal linearization point (3213.768056ms)
✔ sealing excludes concurrent v1/v2 starts stops and mutations without a successor (3210.41382ms)
✔ stopped verification rejects retained tamper without Cell writes (3150.513424ms)
✔ stopped verification rejects archive tamper without Cell writes (3306.501553ms)
✔ stopped verification rejects current-trust tamper without Cell writes (3416.546568ms)
test_actual_guarded_parent_death_contains_child_with_held_pidfd (__main__.Channels.test_actual_guarded_parent_death_contains_child_with_held_pidfd) ... ok
test_authenticated_receive_return_late_is_not_permission (__main__.Channels.test_authenticated_receive_return_late_is_not_permission) ... ok
test_forced_child_exit_is_never_normal_reap (__main__.Channels.test_forced_child_exit_is_never_normal_reap) ... ok
test_late_real_normal_exit_is_not_a_reap_permit (__main__.Channels.test_late_real_normal_exit_is_not_a_reap_permit) ... ok
test_non_parent_guard_is_rejected (__main__.Channels.test_non_parent_guard_is_rejected) ... ok
test_plain_inherited_stream_fd_and_closed_channel_are_not_credentials (__main__.Channels.test_plain_inherited_stream_fd_and_closed_channel_are_not_credentials) ... ok
test_real_child_credentials_and_held_pidfd_normal_reap (__main__.Channels.test_real_child_credentials_and_held_pidfd_normal_reap) ... ok
test_socketpair_creator_is_not_actual_child_credential (__main__.Channels.test_socketpair_creator_is_not_actual_child_credential) ... ok
test_syscall_return_late_normal_reap_is_not_permission (__main__.Channels.test_syscall_return_late_normal_reap_is_not_permission) ... ok

----------------------------------------------------------------------
Ran 9 tests in 0.151s

OK

✔ stopped verification rejects authorization tamper without Cell writes (3537.423749ms)
✔ real Unix credentials reject forged/unowned/closed inherited channels and abnormal/late pidfd reaps (255.45722ms)
✔ independent stopped worker blocked IO expires unchanged verification budget without release (302945.003763ms)
✔ coordinator death kills the guarded independent stopped worker while retaining residue (3411.517069ms)
✔ real owner blocked IO expires unchanged cleanup budget without offline admission (32759.41014ms)
✔ real owner blocked IO expires unchanged verification budget without offline admission (300241.397569ms)
✔ buffered genuine CLEAN and normal child exit cannot certify after the unchanged reap deadline (33335.774889ms)
✔ blocked seal acknowledgement expires the actual unchanged cleanup budget without maintenance (32699.274382ms)
✔ R1 actual deterministic USTAR assembly, signature and graph inspection is read-only (39.057452ms)
✔ R1 denies wrong-domain (5.712355ms)
✔ R1 denies expired (5.227893ms)
✔ R1 denies revoked-signer (9.422171ms)
✔ R1 denies future-floor (4.772566ms)
✔ R1 denies old-policy (7.054482ms)
✔ R1 denies wrong-root (3.637348ms)
✔ R1 denies inproc-authority (4.462523ms)
✔ R1 rejects duplicate-key through real archive decoding (8.825678ms)
✔ R1 rejects unsafe-integer through real archive decoding (8.066078ms)
✔ R1 rejects bad-unicode through real archive decoding (7.480747ms)
✔ R1 rejects depth through real archive decoding (7.732329ms)
✔ R1 rejects utf8 through real archive decoding (9.431579ms)
✔ R1 rejects size through real archive decoding (12.06609ms)
✔ R1 rejects unknown closed lock fields and wrong policy binding (15.319385ms)
✔ USTAR rejects checksum (1.825707ms)
✔ USTAR rejects symlink (1.803917ms)
✔ USTAR rejects hardlink (1.497109ms)
✔ USTAR rejects directory (1.923602ms)
✔ USTAR rejects pax (1.430934ms)
✔ USTAR rejects gnu (1.558906ms)
✔ USTAR rejects base256 (1.956123ms)
✔ USTAR rejects nul-alias (2.648677ms)
✔ USTAR rejects traversal (1.555138ms)
✔ USTAR rejects padding (1.643223ms)
✔ USTAR rejects tail (1.466651ms)
✔ USTAR rejects link-target (1.977133ms)
✔ USTAR exact EOF, duplicate/case aliases, path bounds and symlink input (5.674454ms)
✔ USTAR rechecks descriptor bytes after source modification (2.138477ms)
✔ durable owner-only no-follow writes and exclusive publication (9.473858ms)
✔ real SIGKILL at durable replacement open (501.7203ms)
✔ real SIGKILL at durable replacement write (506.761403ms)
✔ real SIGKILL at durable replacement file-fsync (493.751456ms)
✔ real SIGKILL at durable replacement rename (480.527085ms)
✔ real SIGKILL at durable replacement directory-fsync (534.434227ms)
✔ public Kernel admission boundary: release-wide signature is not a per-package signature (23.746262ms)
✔ read-only inspection CLI actually runs and redacts failure paths (533.839448ms)
✔ trust verifier does not write floors (3.027792ms)
✔ USTAR enforces real input size, entry count and parent aliases (1565.405005ms)
✔ USTAR supports canonical long paths without prefix aliases (5.681738ms)
✔ release inventory rejects corrupt payloads, extra files and missing inventory members (14.209324ms)
✔ public release admission: authentic archive inspection, exact resolution and unchanged IPC consumer (2626.096613ms)
ℹ Real IPC provider -> unchanged compiled consumer -> client: five consumerSuite cases; selected copies survived input mutation. Not Cell activation.
✔ admission callback helper is runtime-private, not a public verification bypass (26.765337ms)
✔ public release admission rejects prefix-other-package (17.178154ms)
✔ public release admission rejects prefix-traversal (19.825839ms)
✔ public release admission rejects prefix-case (13.876739ms)
✔ public release admission rejects prefix-missing (11.470297ms)
✔ public release admission rejects prefix-empty (13.408527ms)
✔ public release admission rejects raw-index-whitespace (14.405935ms)
✔ public release admission rejects raw-profile-whitespace (13.54215ms)
✔ public release admission rejects wrong-profile (13.672013ms)
✔ public release admission rejects code-byte (13.38915ms)
✔ public release admission rejects missing-file (13.618984ms)
✔ public release admission rejects extra-file (16.395931ms)
✔ public release admission rejects file-alias (13.758646ms)
✔ public release admission rejects package-transplant (13.669378ms)
✔ public release admission rejects signature-substitution (16.699483ms)
✔ public release admission rejects wrong-signer (16.606197ms)
✔ public release admission rejects wrong-domain (15.501049ms)
✔ public release admission rejects release-substitution (16.025074ms)
✔ public release admission rejects one-file-resource-limit (15.027867ms)
✔ public release admission rejects flat-envelope-on-release-api (12.152932ms)
✔ signed release rejects extra-selected-artifact (13.041196ms)
✔ signed release rejects wrong-kind (15.696213ms)
✔ signed release rejects duplicate-path (16.002691ms)
✔ signed release rejects case-alias (16.446478ms)
✔ signed release rejects parent-alias (11.457434ms)
✔ signed release rejects missing-index (13.112449ms)
✔ signed release rejects index-length (13.992968ms)
✔ signed release rejects index-digest (12.919075ms)
✔ signed release rejects profile-kind (13.38853ms)
✔ signed release rejects profile-length (15.485098ms)
✔ signed release rejects profile-digest (14.119074ms)
✔ signed release rejects duplicate-selection (12.875483ms)
✔ signed release rejects wrong-canonical-package (11.160253ms)
✔ signed release rejects wrong-canonical-profile (13.6013ms)
✔ signed release rejects duplicate-index-file (22.333191ms)
✔ current revocation denies release signer at discovery and after admission (37.137296ms)
✔ current revocation denies release release at discovery and after admission (34.16042ms)
✔ current revocation denies release package at discovery and after admission (41.258496ms)
✔ current revocation denies release profile at discovery and after admission (36.167129ms)
✔ current revocation denies release index-raw at discovery and after admission (37.427743ms)
✔ current revocation denies release code-raw at discovery and after admission (46.716282ms)
✔ expiry and backward clock deny new release admission without resetting floors (16.888969ms)
✔ mixed authentic releases cannot transplant signatures, profiles or changed package bytes (86.377049ms)
✔ legacy flat discovery retains positive behavior and stable release-wide rejection (43.015074ms)
✔ unrelated runtime bytes remain inspector responsibility, not selected-package verification (24.022351ms)
✔ selected package aggregate bound remains 16 MiB with individually bounded files (75.162043ms)
✔ actual locked runtime dependency bytes: deterministic materialization, complete file/license inventory, isolated staged AJV execution (315.133856ms)
✔ dependency subassembly refuses missing-lock-edge before output (39.442316ms)
✔ dependency subassembly refuses version before output (26.264033ms)
✔ dependency subassembly refuses license before output (30.441559ms)
✔ dependency subassembly refuses symlink before output (30.060511ms)
✔ dependency subassembly refuses dynamic-category before output (20.877902ms)
✔ continuous original Cell: serve, admin stop/start v1/v2, exact reinstall, real upgrade, repeated serving and maintenance (17555.883049ms)
✔ public cycle CLI restarts actual prior and target twice under continuous custody (14031.663092ms)
✔ maintenance rechecks current revoked; original accepted artifacts remain intact (6123.377309ms)
✔ maintenance rechecks current equivocation; original accepted artifacts remain intact (6095.840289ms)
✔ maintenance rechecks current grants; original accepted artifacts remain intact (6641.996521ms)
✔ successor rechecks current revoked; original accepted artifacts remain intact (4226.379285ms)
✔ successor rechecks current equivocation; original accepted artifacts remain intact (4024.855427ms)
✔ successor rechecks current grants; original accepted artifacts remain intact (3976.71881ms)
✔ repeated maintenance real target denies bad-target-grants (6260.592627ms)
✔ repeated maintenance real target denies bad-target-readiness (7009.537329ms)
✔ repeated maintenance real target denies bad-target-call (8163.57333ms)
✔ explicit prior recovery after real clean target abort: bad-target-readiness (10144.201475ms)
✔ explicit prior recovery after real clean target abort: bad-target-call (11425.113054ms)
✔ explicit prior recovery refuses revoked (8178.40935ms)
✔ explicit prior recovery refuses equivocation (8249.878261ms)
✔ explicit prior recovery refuses grants (8227.601689ms)
✔ explicit prior recovery refuses expired (8163.251956ms)
✔ explicit prior recovery refuses stale (8163.643514ms)
✔ explicit prior recovery refuses no-explicit-choice (8248.855933ms)
✔ explicit prior recovery refuses no-mutation-replay (8270.374151ms)
✔ explicit prior recovery refuses target-instead (8191.739901ms)
✔ continuous custody fails closed at forged-selection (4180.003517ms)
✔ continuous custody fails closed at kill-owner (4112.677288ms)
✔ continuous custody fails closed at kill-coordinator (6072.342358ms)
✔ continuous custody fails closed at crash-before-serve (3803.380041ms)
✔ continuous custody fails closed at crash-after-serve (3908.724917ms)
✔ continuous custody fails closed at forged-clean (6352.88282ms)
✔ continuous custody fails closed at crash-after-clean (6425.335964ms)
✔ repeated upgrade uncertain commit retains original history: crash-before-accepted (8041.750794ms)
✔ repeated upgrade uncertain commit retains original history: crash-after-accepted (8007.209458ms)
✔ repeated upgrade uncertain commit retains original history: uncertain-rename (8460.162205ms)
✔ repeated upgrade uncertain commit retains original history: uncertain-fsync (8309.190321ms)
✔ repeated upgrade uncertain commit retains original history: crash-after-commit (8160.650276ms)
✔ independent unchanged watchdog contains actual repeated block-activation (33863.784255ms)
✔ independent unchanged watchdog contains actual repeated block-cleanup (35753.215114ms)
✔ independent unchanged watchdog contains actual repeated block-normal-exit (35892.212492ms)
✔ independent unchanged watchdog contains actual repeated late-clean (36216.5646ms)
✔ independent unchanged watchdog contains actual repeated block-maintenance (306501.89492ms)
✔ successor real filesystem crash preserves original fence: fence-before-retire-link (3537.492022ms)
✔ successor real filesystem crash preserves original fence: fence-after-retire-link (3595.897184ms)
✔ successor real filesystem crash preserves original fence: fence-after-retire-fsync (3550.417861ms)
✔ successor real filesystem crash preserves original fence: fence-after-incarnation-unlink (3582.438231ms)
✔ successor real filesystem crash preserves original fence: fence-after-v1-unlink (3606.136734ms)
✔ successor real filesystem crash preserves original fence: fence-after-v2-unlink (3585.929896ms)
✔ successor real filesystem crash preserves original fence: fence-after-new-incarnation-fsync (3470.444268ms)
✔ actual successor runtime death before its readiness snapshot cannot certify serving (5916.646066ms)
✔ successor shared eight admissions, EOF sealing, wrong version and stale incarnation retain exact wire behavior (8579.932916ms)
✔ same flock competitor excluded through serving, actual upgrade and repeated owned reaps (10773.409595ms)
✔ public foreground serve closes by actual seal/reaps, not signal-as-clean (6180.487386ms)
✔ clean stop then authenticated same-revision start uses preserved bytes and new exact owner (8018.428258ms)
✔ same-revision start: expired grants stay FAILED until clean stop and fresh issuance (12530.551904ms)
✔ same-revision start rechecks newer current revocation while preserving accepted bytes and floor monotonicity (5416.447013ms)
✔ same-revision start refuses fresh validation failure: authorization (3015.609341ms)
✔ same-revision start refuses fresh validation failure: trust-signature (3126.812927ms)
✔ same-revision start refuses fresh validation failure: revoked-bundle (3080.802516ms)
✔ same-revision start refuses fresh validation failure: expired-trust (3044.711971ms)
✔ same-revision start refuses fresh validation failure: policy-continuity (3326.977712ms)
✔ same-revision start refuses fresh validation failure: accepted-sequence (3192.878766ms)
✔ same-revision start refuses fresh validation failure: missing-selection (2999.021649ms)
✔ same-revision start refuses fresh validation failure: journal (3114.100725ms)
✔ same-revision start refuses fresh validation failure: artifact (2980.691845ms)
✔ same-revision start refuses fresh validation failure: extra-file (3142.477705ms)
✔ same-revision start refuses fresh validation failure: symlink (3022.805152ms)
✔ same-revision start refuses fresh validation failure: future-floor (3073.476652ms)
✔ same-revision start refuses fresh validation failure: kernel-residue (2860.992314ms)
✔ same-revision start waits for actual prior owner reap, not its clean stopped message (2710.172855ms)
✔ same-revision successor launch is not readiness; concurrent start conflicts and disconnect is not cancellation (7548.058723ms)
✔ same-revision successor retains parent-death guard while blocked and residue denies takeover (3168.136559ms)
✔ actual publication rename uncertainty forbids start and preserves selection without rollback (2645.217298ms)
✔ actual floor-publication rename uncertainty forbids start and preserves selection without rollback (3156.449614ms)
✔ same accepted provider fails actual successor activation without replacing artifacts (11124.476158ms)
✔ same accepted provider fails actual successor readiness without replacing artifacts (12284.389205ms)
✔ same-revision successor external 30s expiry is sticky and cannot authorize another owner (33069.223279ms)
✔ same-revision successor-cleanup external 30s expiry is sticky and cannot authorize another owner (35193.734869ms)
✔ clean stopped residue is not a restart permit after supervisor death (2817.856025ms)
✔ restricted framing requires write EOF; delayed trailing bytes never execute stop (32919.91172ms)
✔ supervised real IPC install, exact local admin status/stop, retained custody (2687.120333ms)
✔ external SIGKILL of actual owner never proves descendants reaped; fence survives supervisor death (2807.436268ms)
✔ real synchronous FIFO IO during outer cleanup: responsive admin, 30s external expiry, no restart (32511.38492ms)
✔ activation blocked in real synchronous IO is externally killed without publication or new admission (30874.3049ms)
✔ actual Unix peer credentials, malformed/duplicate/oversized frames and eight-connection ceiling (3015.562352ms)
✔ launcher exits before real first-install completes; owner remains alive for authenticated status and clean stop (2629.827276ms)
✔ supervisor SIGKILL terminates the blocked owner without an event-loop callback (689.450396ms)
ℹ tests 357
ℹ suites 0
ℹ pass 357
ℹ fail 0
ℹ cancelled 0
ℹ skipped 0
ℹ todo 0
ℹ duration_ms 965538.53282

> alica-v2@0.0.0 test:g7-contracts
> PYTHONPATH=.tools/python python3 -S tests/g7/test_contract_model.py

test_admin_v2_clone_and_pairs (__main__.Contracts.test_admin_v2_clone_and_pairs) ... ok
test_all_objects_closed (__main__.Contracts.test_all_objects_closed) ... ok
test_chain_skips_and_forks (__main__.Contracts.test_chain_skips_and_forks) ... ok
test_checksum_tampering (__main__.Contracts.test_checksum_tampering) ... ok
test_commit_only_after_activation (__main__.Contracts.test_commit_only_after_activation) ... ok
test_crash_model_after_publication_does_not_claim_running (__main__.Contracts.test_crash_model_after_publication_does_not_claim_running) ... ok
test_crash_model_before_publication_preserves_prior_selection (__main__.Contracts.test_crash_model_before_publication_preserves_prior_selection) ... ok
test_crash_model_corrupt_selection_fails_closed (__main__.Contracts.test_crash_model_corrupt_selection_fails_closed) ... ok
test_crash_model_trust_and_reap_required (__main__.Contracts.test_crash_model_trust_and_reap_required) ... ok
test_edge_ABORTED_ABORTED (__main__.Contracts.test_edge_ABORTED_ABORTED) ... ok
test_edge_ABORTED_ACTIVATING (__main__.Contracts.test_edge_ABORTED_ACTIVATING) ... ok
test_edge_ABORTED_COMMITTED (__main__.Contracts.test_edge_ABORTED_COMMITTED) ... ok
test_edge_ABORTED_NEEDS_OPERATOR (__main__.Contracts.test_edge_ABORTED_NEEDS_OPERATOR) ... ok
test_edge_ABORTED_RECOVERING (__main__.Contracts.test_edge_ABORTED_RECOVERING) ... ok
test_edge_ABORTED_STAGING (__main__.Contracts.test_edge_ABORTED_STAGING) ... ok
test_edge_ABORTED_VERIFIED (__main__.Contracts.test_edge_ABORTED_VERIFIED) ... ok
test_edge_ACTIVATING_ABORTED (__main__.Contracts.test_edge_ACTIVATING_ABORTED) ... ok
test_edge_ACTIVATING_ACTIVATING (__main__.Contracts.test_edge_ACTIVATING_ACTIVATING) ... ok
test_edge_ACTIVATING_COMMITTED (__main__.Contracts.test_edge_ACTIVATING_COMMITTED) ... ok
test_edge_ACTIVATING_NEEDS_OPERATOR (__main__.Contracts.test_edge_ACTIVATING_NEEDS_OPERATOR) ... ok
test_edge_ACTIVATING_RECOVERING (__main__.Contracts.test_edge_ACTIVATING_RECOVERING) ... ok
test_edge_ACTIVATING_STAGING (__main__.Contracts.test_edge_ACTIVATING_STAGING) ... ok
test_edge_ACTIVATING_VERIFIED (__main__.Contracts.test_edge_ACTIVATING_VERIFIED) ... ok
test_edge_COMMITTED_ABORTED (__main__.Contracts.test_edge_COMMITTED_ABORTED) ... ok
test_edge_COMMITTED_ACTIVATING (__main__.Contracts.test_edge_COMMITTED_ACTIVATING) ... ok
test_edge_COMMITTED_COMMITTED (__main__.Contracts.test_edge_COMMITTED_COMMITTED) ... ok
test_edge_COMMITTED_NEEDS_OPERATOR (__main__.Contracts.test_edge_COMMITTED_NEEDS_OPERATOR) ... ok
test_edge_COMMITTED_RECOVERING (__main__.Contracts.test_edge_COMMITTED_RECOVERING) ... ok
test_edge_COMMITTED_STAGING (__main__.Contracts.test_edge_COMMITTED_STAGING) ... ok
test_edge_COMMITTED_VERIFIED (__main__.Contracts.test_edge_COMMITTED_VERIFIED) ... ok
test_edge_NEEDS_OPERATOR_ABORTED (__main__.Contracts.test_edge_NEEDS_OPERATOR_ABORTED) ... ok
test_edge_NEEDS_OPERATOR_ACTIVATING (__main__.Contracts.test_edge_NEEDS_OPERATOR_ACTIVATING) ... ok
test_edge_NEEDS_OPERATOR_COMMITTED (__main__.Contracts.test_edge_NEEDS_OPERATOR_COMMITTED) ... ok
test_edge_NEEDS_OPERATOR_NEEDS_OPERATOR (__main__.Contracts.test_edge_NEEDS_OPERATOR_NEEDS_OPERATOR) ... ok
test_edge_NEEDS_OPERATOR_RECOVERING (__main__.Contracts.test_edge_NEEDS_OPERATOR_RECOVERING) ... ok
test_edge_NEEDS_OPERATOR_STAGING (__main__.Contracts.test_edge_NEEDS_OPERATOR_STAGING) ... ok
test_edge_NEEDS_OPERATOR_VERIFIED (__main__.Contracts.test_edge_NEEDS_OPERATOR_VERIFIED) ... ok
test_edge_RECOVERING_ABORTED (__main__.Contracts.test_edge_RECOVERING_ABORTED) ... ok
test_edge_RECOVERING_ACTIVATING (__main__.Contracts.test_edge_RECOVERING_ACTIVATING) ... ok
test_edge_RECOVERING_COMMITTED (__main__.Contracts.test_edge_RECOVERING_COMMITTED) ... ok
test_edge_RECOVERING_NEEDS_OPERATOR (__main__.Contracts.test_edge_RECOVERING_NEEDS_OPERATOR) ... ok
test_edge_RECOVERING_RECOVERING (__main__.Contracts.test_edge_RECOVERING_RECOVERING) ... ok
test_edge_RECOVERING_STAGING (__main__.Contracts.test_edge_RECOVERING_STAGING) ... ok
test_edge_RECOVERING_VERIFIED (__main__.Contracts.test_edge_RECOVERING_VERIFIED) ... ok
test_edge_STAGING_ABORTED (__main__.Contracts.test_edge_STAGING_ABORTED) ... ok
test_edge_STAGING_ACTIVATING (__main__.Contracts.test_edge_STAGING_ACTIVATING) ... ok
test_edge_STAGING_COMMITTED (__main__.Contracts.test_edge_STAGING_COMMITTED) ... ok
test_edge_STAGING_NEEDS_OPERATOR (__main__.Contracts.test_edge_STAGING_NEEDS_OPERATOR) ... ok
test_edge_STAGING_RECOVERING (__main__.Contracts.test_edge_STAGING_RECOVERING) ... ok
test_edge_STAGING_STAGING (__main__.Contracts.test_edge_STAGING_STAGING) ... ok
test_edge_STAGING_VERIFIED (__main__.Contracts.test_edge_STAGING_VERIFIED) ... ok
test_edge_VERIFIED_ABORTED (__main__.Contracts.test_edge_VERIFIED_ABORTED) ... ok
test_edge_VERIFIED_ACTIVATING (__main__.Contracts.test_edge_VERIFIED_ACTIVATING) ... ok
test_edge_VERIFIED_COMMITTED (__main__.Contracts.test_edge_VERIFIED_COMMITTED) ... ok
test_edge_VERIFIED_NEEDS_OPERATOR (__main__.Contracts.test_edge_VERIFIED_NEEDS_OPERATOR) ... ok
test_edge_VERIFIED_RECOVERING (__main__.Contracts.test_edge_VERIFIED_RECOVERING) ... ok
test_edge_VERIFIED_STAGING (__main__.Contracts.test_edge_VERIFIED_STAGING) ... ok
test_edge_VERIFIED_VERIFIED (__main__.Contracts.test_edge_VERIFIED_VERIFIED) ... ok
test_frozen_bundle_path_subset (__main__.Contracts.test_frozen_bundle_path_subset) ... ok
test_missing_0_cellId (__main__.Contracts.test_missing_0_cellId) ... ok
test_missing_0_release (__main__.Contracts.test_missing_0_release) ... ok
test_missing_0_schemaVersion (__main__.Contracts.test_missing_0_schemaVersion) ... ok
test_missing_0_sequence (__main__.Contracts.test_missing_0_sequence) ... ok
test_missing_0_transactionId (__main__.Contracts.test_missing_0_transactionId) ... ok
test_missing_0_trustFloor (__main__.Contracts.test_missing_0_trustFloor) ... ok
test_missing_1_checksum (__main__.Contracts.test_missing_1_checksum) ... ok
test_missing_1_record (__main__.Contracts.test_missing_1_record) ... ok
test_missing_2_capabilities (__main__.Contracts.test_missing_2_capabilities) ... ok
test_missing_2_events (__main__.Contracts.test_missing_2_events) ... ok
test_missing_2_profileDigest (__main__.Contracts.test_missing_2_profileDigest) ... ok
test_missing_2_schemaVersion (__main__.Contracts.test_missing_2_schemaVersion) ... ok
test_missing_2_secrets (__main__.Contracts.test_missing_2_secrets) ... ok
test_missing_3_expectedSequence (__main__.Contracts.test_missing_3_expectedSequence) ... ok
test_missing_3_incarnation (__main__.Contracts.test_missing_3_incarnation) ... ok
test_missing_3_operation (__main__.Contracts.test_missing_3_operation) ... ok
test_missing_3_requestId (__main__.Contracts.test_missing_3_requestId) ... ok
test_missing_3_schemaVersion (__main__.Contracts.test_missing_3_schemaVersion) ... ok
test_missing_4_acceptedDigest (__main__.Contracts.test_missing_4_acceptedDigest) ... ok
test_missing_4_code (__main__.Contracts.test_missing_4_code) ... ok
test_missing_4_incarnation (__main__.Contracts.test_missing_4_incarnation) ... ok
test_missing_4_requestId (__main__.Contracts.test_missing_4_requestId) ... ok
test_missing_4_schemaVersion (__main__.Contracts.test_missing_4_schemaVersion) ... ok
test_missing_4_sequence (__main__.Contracts.test_missing_4_sequence) ... ok
test_missing_4_status (__main__.Contracts.test_missing_4_status) ... ok
test_missing_5_accepted (__main__.Contracts.test_missing_5_accepted) ... ok
test_missing_5_backupId (__main__.Contracts.test_missing_5_backupId) ... ok
test_missing_5_cellId (__main__.Contracts.test_missing_5_cellId) ... ok
test_missing_5_createdAtMs (__main__.Contracts.test_missing_5_createdAtMs) ... ok
test_missing_5_files (__main__.Contracts.test_missing_5_files) ... ok
test_missing_5_format (__main__.Contracts.test_missing_5_format) ... ok
test_missing_5_recoveryKeyId (__main__.Contracts.test_missing_5_recoveryKeyId) ... ok
test_missing_5_schemaVersion (__main__.Contracts.test_missing_5_schemaVersion) ... ok
test_missing_5_trustFloor (__main__.Contracts.test_missing_5_trustFloor) ... ok
test_missing_6_approvedAtMs (__main__.Contracts.test_missing_6_approvedAtMs) ... ok
test_missing_6_authorizationDigest (__main__.Contracts.test_missing_6_authorizationDigest) ... ok
test_missing_6_backupCipherDigest (__main__.Contracts.test_missing_6_backupCipherDigest) ... ok
test_missing_6_cellId (__main__.Contracts.test_missing_6_cellId) ... ok
test_missing_6_minimumFloor (__main__.Contracts.test_missing_6_minimumFloor) ... ok
test_missing_6_schemaVersion (__main__.Contracts.test_missing_6_schemaVersion) ... ok
test_missing_6_sourceStopped (__main__.Contracts.test_missing_6_sourceStopped) ... ok
test_real_admin_parser_bounds_and_endpoint_validation (__main__.Contracts.test_real_admin_parser_bounds_and_endpoint_validation) ... ok
test_restore_requires_source_stopped (__main__.Contracts.test_restore_requires_source_stopped) ... ok
test_schema_and_generated_files_match (__main__.Contracts.test_schema_and_generated_files_match) ... ok
test_secret_and_event_grants_are_not_implicitly_supported (__main__.Contracts.test_secret_and_event_grants_are_not_implicitly_supported) ... ok
test_trust_never_rolls_back (__main__.Contracts.test_trust_never_rolls_back) ... ok
test_uncertain_cleanup_cannot_be_successful_abort (__main__.Contracts.test_uncertain_cleanup_cannot_be_successful_abort) ... ok
test_unknown_0 (__main__.Contracts.test_unknown_0) ... ok
test_unknown_1 (__main__.Contracts.test_unknown_1) ... ok
test_unknown_2 (__main__.Contracts.test_unknown_2) ... ok
test_unknown_3 (__main__.Contracts.test_unknown_3) ... ok
test_unknown_4 (__main__.Contracts.test_unknown_4) ... ok
test_unknown_5 (__main__.Contracts.test_unknown_5) ... ok
test_unknown_6 (__main__.Contracts.test_unknown_6) ... ok
test_unknown_nested_authority_is_rejected (__main__.Contracts.test_unknown_nested_authority_is_rejected) ... ok
test_valid_0 (__main__.Contracts.test_valid_0) ... ok
test_valid_1 (__main__.Contracts.test_valid_1) ... ok
test_valid_2 (__main__.Contracts.test_valid_2) ... ok
test_valid_3 (__main__.Contracts.test_valid_3) ... ok
test_valid_4 (__main__.Contracts.test_valid_4) ... ok
test_valid_5 (__main__.Contracts.test_valid_5) ... ok
test_valid_6 (__main__.Contracts.test_valid_6) ... ok

----------------------------------------------------------------------
Ran 121 tests in 0.306s

OK
