
> alica-v2@0.0.0 test:g6-native
> node --experimental-vm-modules --test tests/ipc/*.test.mjs

✔ session qualification permissions are exact and do not leak to adjacent tests or SDK (32.010914ms)
✔ isolation regressions retain exact private importer-target permissions (10.080495ms)
✔ private component tests can import only their enumerated runtime modules (1.105602ms)
✔ component exceptions do not authorize private Host, Trust or transport imports (2.91638ms)
✔ adjacent tests and plugin packages cannot inherit component exceptions (2.765145ms)
✔ scope qualification permissions remain exact importer-target pairs (1.422698ms)
✔ scheduler and reap exceptions do not widen external dependency permissions (0.946011ms)
(node:204335) ExperimentalWarning: VM Modules is an experimental feature and might change at any time
(Use `node --trace-warnings ...` to show where the warning was created)
✔ unchanged public KernelContext consumer: inproc signed factory (1124.424878ms)
IPC_DIAG finish 5a725661e3b4a7c9fcc441b5ba0eecc7344a5711d8a2b473eb60e6a58040b886 c1 complete
IPC_DIAG finish 0710a42e1e7ead2bb3aa75bedfc00afa0f95c5dcee9639d65361ec2ea09d6ef7 c1 complete
IPC_DIAG finish 5a725661e3b4a7c9fcc441b5ba0eecc7344a5711d8a2b473eb60e6a58040b886 c2 complete
IPC_DIAG finish 0710a42e1e7ead2bb3aa75bedfc00afa0f95c5dcee9639d65361ec2ea09d6ef7 c2 complete
IPC_DIAG finish 5a725661e3b4a7c9fcc441b5ba0eecc7344a5711d8a2b473eb60e6a58040b886 c3 complete
IPC_DIAG finish 5a725661e3b4a7c9fcc441b5ba0eecc7344a5711d8a2b473eb60e6a58040b886 c4 complete
IPC_DIAG finish 5a725661e3b4a7c9fcc441b5ba0eecc7344a5711d8a2b473eb60e6a58040b886 c5 complete
IPC_DIAG finish 5a725661e3b4a7c9fcc441b5ba0eecc7344a5711d8a2b473eb60e6a58040b886 c6 complete
IPC_DIAG finish 0710a42e1e7ead2bb3aa75bedfc00afa0f95c5dcee9639d65361ec2ea09d6ef7 c3 complete
IPC_DIAG finish 0710a42e1e7ead2bb3aa75bedfc00afa0f95c5dcee9639d65361ec2ea09d6ef7 c4 complete
IPC_DIAG finish 0710a42e1e7ead2bb3aa75bedfc00afa0f95c5dcee9639d65361ec2ea09d6ef7 c5 complete
IPC_DIAG finish 0710a42e1e7ead2bb3aa75bedfc00afa0f95c5dcee9639d65361ec2ea09d6ef7 c6 complete
IPC_DIAG finish 5a725661e3b4a7c9fcc441b5ba0eecc7344a5711d8a2b473eb60e6a58040b886 c8 complete
IPC_DIAG finish 5a725661e3b4a7c9fcc441b5ba0eecc7344a5711d8a2b473eb60e6a58040b886 c7 complete
IPC_DIAG finish 0710a42e1e7ead2bb3aa75bedfc00afa0f95c5dcee9639d65361ec2ea09d6ef7 c7 complete
IPC_DIAG finish 5a725661e3b4a7c9fcc441b5ba0eecc7344a5711d8a2b473eb60e6a58040b886 c9 complete
IPC_DIAG finish 0710a42e1e7ead2bb3aa75bedfc00afa0f95c5dcee9639d65361ec2ea09d6ef7 c8 complete
IPC_DIAG finish 5a725661e3b4a7c9fcc441b5ba0eecc7344a5711d8a2b473eb60e6a58040b886 c10 complete
IPC_DIAG finish 0710a42e1e7ead2bb3aa75bedfc00afa0f95c5dcee9639d65361ec2ea09d6ef7 c9 complete
IPC_DIAG finish 5a725661e3b4a7c9fcc441b5ba0eecc7344a5711d8a2b473eb60e6a58040b886 c12 complete
IPC_DIAG finish 5a725661e3b4a7c9fcc441b5ba0eecc7344a5711d8a2b473eb60e6a58040b886 c11 complete
IPC_DIAG finish 0710a42e1e7ead2bb3aa75bedfc00afa0f95c5dcee9639d65361ec2ea09d6ef7 c10 complete
IPC_DIAG finish 5a725661e3b4a7c9fcc441b5ba0eecc7344a5711d8a2b473eb60e6a58040b886 c13 complete
IPC_DIAG finish 0710a42e1e7ead2bb3aa75bedfc00afa0f95c5dcee9639d65361ec2ea09d6ef7 c11 complete
IPC_DIAG finish 5a725661e3b4a7c9fcc441b5ba0eecc7344a5711d8a2b473eb60e6a58040b886 c14 complete
IPC_DIAG finish 5a725661e3b4a7c9fcc441b5ba0eecc7344a5711d8a2b473eb60e6a58040b886 c15 complete
IPC_DIAG finish 0710a42e1e7ead2bb3aa75bedfc00afa0f95c5dcee9639d65361ec2ea09d6ef7 c12 complete
IPC_DIAG finish 5a725661e3b4a7c9fcc441b5ba0eecc7344a5711d8a2b473eb60e6a58040b886 c16 complete
IPC_DIAG finish 0710a42e1e7ead2bb3aa75bedfc00afa0f95c5dcee9639d65361ec2ea09d6ef7 c13 complete
IPC_DIAG finish 5a725661e3b4a7c9fcc441b5ba0eecc7344a5711d8a2b473eb60e6a58040b886 c17 complete
IPC_DIAG finish 0710a42e1e7ead2bb3aa75bedfc00afa0f95c5dcee9639d65361ec2ea09d6ef7 c14 complete
IPC_DIAG finish 5a725661e3b4a7c9fcc441b5ba0eecc7344a5711d8a2b473eb60e6a58040b886 c18 complete
IPC_DIAG finish 0710a42e1e7ead2bb3aa75bedfc00afa0f95c5dcee9639d65361ec2ea09d6ef7 c15 complete
IPC_DIAG finish 5a725661e3b4a7c9fcc441b5ba0eecc7344a5711d8a2b473eb60e6a58040b886 c19 complete
IPC_DIAG finish 0710a42e1e7ead2bb3aa75bedfc00afa0f95c5dcee9639d65361ec2ea09d6ef7 c16 complete
IPC_DIAG finish 5a725661e3b4a7c9fcc441b5ba0eecc7344a5711d8a2b473eb60e6a58040b886 c20 complete
IPC_DIAG finish 0710a42e1e7ead2bb3aa75bedfc00afa0f95c5dcee9639d65361ec2ea09d6ef7 c17 complete
IPC_DIAG finish 5a725661e3b4a7c9fcc441b5ba0eecc7344a5711d8a2b473eb60e6a58040b886 c22 complete
IPC_DIAG finish 5a725661e3b4a7c9fcc441b5ba0eecc7344a5711d8a2b473eb60e6a58040b886 c23 complete
IPC_DIAG finish 0710a42e1e7ead2bb3aa75bedfc00afa0f95c5dcee9639d65361ec2ea09d6ef7 c18 complete
IPC_DIAG finish 5a725661e3b4a7c9fcc441b5ba0eecc7344a5711d8a2b473eb60e6a58040b886 c21 complete
IPC_DIAG finish 5a725661e3b4a7c9fcc441b5ba0eecc7344a5711d8a2b473eb60e6a58040b886 c24 complete
IPC_DIAG finish 0710a42e1e7ead2bb3aa75bedfc00afa0f95c5dcee9639d65361ec2ea09d6ef7 c19 complete
IPC_DIAG finish 5a725661e3b4a7c9fcc441b5ba0eecc7344a5711d8a2b473eb60e6a58040b886 c25 complete
IPC_DIAG finish 0710a42e1e7ead2bb3aa75bedfc00afa0f95c5dcee9639d65361ec2ea09d6ef7 c20 complete
IPC_DIAG finish 5a725661e3b4a7c9fcc441b5ba0eecc7344a5711d8a2b473eb60e6a58040b886 c26 complete
IPC_DIAG finish 0710a42e1e7ead2bb3aa75bedfc00afa0f95c5dcee9639d65361ec2ea09d6ef7 c21 complete
IPC_DIAG finish 5a725661e3b4a7c9fcc441b5ba0eecc7344a5711d8a2b473eb60e6a58040b886 c27 complete
IPC_DIAG finish 0710a42e1e7ead2bb3aa75bedfc00afa0f95c5dcee9639d65361ec2ea09d6ef7 c22 complete
IPC_DIAG finish 5a725661e3b4a7c9fcc441b5ba0eecc7344a5711d8a2b473eb60e6a58040b886 c28 complete
IPC_DIAG finish 0710a42e1e7ead2bb3aa75bedfc00afa0f95c5dcee9639d65361ec2ea09d6ef7 c23 complete
IPC_DIAG finish 0710a42e1e7ead2bb3aa75bedfc00afa0f95c5dcee9639d65361ec2ea09d6ef7 c24 CANCELLED
IPC_DIAG finish 5a725661e3b4a7c9fcc441b5ba0eecc7344a5711d8a2b473eb60e6a58040b886 c29 CANCELLED
IPC_DIAG finish 5a725661e3b4a7c9fcc441b5ba0eecc7344a5711d8a2b473eb60e6a58040b886 c30 complete
IPC_DIAG finish 0710a42e1e7ead2bb3aa75bedfc00afa0f95c5dcee9639d65361ec2ea09d6ef7 c25 complete
IPC_DIAG finish 0710a42e1e7ead2bb3aa75bedfc00afa0f95c5dcee9639d65361ec2ea09d6ef7 c26 complete
IPC_DIAG finish 5a725661e3b4a7c9fcc441b5ba0eecc7344a5711d8a2b473eb60e6a58040b886 c31 complete
IPC_DIAG finish 0710a42e1e7ead2bb3aa75bedfc00afa0f95c5dcee9639d65361ec2ea09d6ef7 c27 complete
IPC_DIAG finish 0710a42e1e7ead2bb3aa75bedfc00afa0f95c5dcee9639d65361ec2ea09d6ef7 c28 complete
IPC_DIAG fail org.alica.sdkproxy Error
    at PhysicalSession.fail (file:///home/alica-dev/AlicaV2/packages/kernel/dist/g6/session.js:451:70)
    at file:///home/alica-dev/AlicaV2/packages/kernel/dist/g6/session.js:517:22
    at async HostIPC.shutdown (file:///home/alica-dev/AlicaV2/packages/kernel/dist/g6/host-adapter.js:232:13)
    at async file:///home/alica-dev/AlicaV2/packages/kernel/dist/index.js:1280:21
    at async file:///home/alica-dev/AlicaV2/packages/kernel/dist/index.js:1266:21
    at async consumer (file:///home/alica-dev/AlicaV2/tests/ipc/host-sdk.test.mjs:205:18)
    at async TestContext.<anonymous> (file:///home/alica-dev/AlicaV2/tests/ipc/host-sdk.test.mjs:214:7)
    at async Test.run (node:internal/test_runner/test:1409:7)
    at async Test.processPendingSubtests (node:internal/test_runner/test:974:7)
IPC_DIAG dead org.alica.sdkproxy 1 null
IPC_DIAG finish 5a725661e3b4a7c9fcc441b5ba0eecc7344a5711d8a2b473eb60e6a58040b886 c32 complete
IPC_DIAG fail org.alica.sdkprovider Error
    at PhysicalSession.fail (file:///home/alica-dev/AlicaV2/packages/kernel/dist/g6/session.js:451:70)
    at file:///home/alica-dev/AlicaV2/packages/kernel/dist/g6/session.js:517:22
    at async HostIPC.shutdown (file:///home/alica-dev/AlicaV2/packages/kernel/dist/g6/host-adapter.js:232:13)
    at async file:///home/alica-dev/AlicaV2/packages/kernel/dist/index.js:1280:21
    at async consumer (file:///home/alica-dev/AlicaV2/tests/ipc/host-sdk.test.mjs:205:18)
    at async TestContext.<anonymous> (file:///home/alica-dev/AlicaV2/tests/ipc/host-sdk.test.mjs:214:7)
    at async Test.run (node:internal/test_runner/test:1409:7)
    at async Test.processPendingSubtests (node:internal/test_runner/test:974:7)
IPC_DIAG dead org.alica.sdkprovider 1 null
✔ unchanged public KernelContext consumer: ipc signed factory (4835.920544ms)
✔ IPC execution requires explicit signed publisher execution-mode authorization (21.235332ms)
IPC_DIAG finish 1afbdcdaa46fe48916ace80de1ae895b86a14c5c754b19b2beb68056b5d7245f c1 complete
IPC_DIAG finish 97b74623ad000ec6a8d35532e8c4db0665b76e1d9995aba84fda0aca6b8a7219 c1 complete
IPC_DIAG finish 1afbdcdaa46fe48916ace80de1ae895b86a14c5c754b19b2beb68056b5d7245f c2 complete
IPC_DIAG finish 97b74623ad000ec6a8d35532e8c4db0665b76e1d9995aba84fda0aca6b8a7219 c2 complete
IPC_DIAG finish 1afbdcdaa46fe48916ace80de1ae895b86a14c5c754b19b2beb68056b5d7245f c3 complete
IPC_DIAG finish 97b74623ad000ec6a8d35532e8c4db0665b76e1d9995aba84fda0aca6b8a7219 c3 complete
IPC_DIAG finish 1afbdcdaa46fe48916ace80de1ae895b86a14c5c754b19b2beb68056b5d7245f c4 complete
IPC_DIAG finish 97b74623ad000ec6a8d35532e8c4db0665b76e1d9995aba84fda0aca6b8a7219 c4 complete
IPC_DIAG finish 1afbdcdaa46fe48916ace80de1ae895b86a14c5c754b19b2beb68056b5d7245f c5 complete
IPC_DIAG finish 97b74623ad000ec6a8d35532e8c4db0665b76e1d9995aba84fda0aca6b8a7219 c5 complete
IPC_DIAG finish 97b74623ad000ec6a8d35532e8c4db0665b76e1d9995aba84fda0aca6b8a7219 c6 complete
IPC_DIAG fail org.alica.sdkproxy Error
    at PhysicalSession.fail (file:///home/alica-dev/AlicaV2/packages/kernel/dist/g6/session.js:451:70)
    at file:///home/alica-dev/AlicaV2/packages/kernel/dist/g6/session.js:517:22
    at async HostIPC.shutdown (file:///home/alica-dev/AlicaV2/packages/kernel/dist/g6/host-adapter.js:232:13)
    at async file:///home/alica-dev/AlicaV2/packages/kernel/dist/index.js:1280:21
    at async file:///home/alica-dev/AlicaV2/packages/kernel/dist/index.js:1266:21
    at async Host.closeScope (file:///home/alica-dev/AlicaV2/packages/kernel/dist/index.js:1342:21)
    at async Host.shutdown (file:///home/alica-dev/AlicaV2/packages/kernel/dist/index.js:1426:9)
    at async TestContext.stop (file:///home/alica-dev/AlicaV2/tools/g3-fixtures.mjs:218:5)
    at async TestHook.run (node:internal/test_runner/test:1409:7)
    at async Test.runHook (node:internal/test_runner/test:1289:9)
IPC_DIAG dead org.alica.sdkproxy 1 null
IPC_DIAG finish 1afbdcdaa46fe48916ace80de1ae895b86a14c5c754b19b2beb68056b5d7245f c6 complete
IPC_DIAG fail org.alica.sdkprovider Error
    at PhysicalSession.fail (file:///home/alica-dev/AlicaV2/packages/kernel/dist/g6/session.js:451:70)
    at file:///home/alica-dev/AlicaV2/packages/kernel/dist/g6/session.js:517:22
    at async HostIPC.shutdown (file:///home/alica-dev/AlicaV2/packages/kernel/dist/g6/host-adapter.js:232:13)
    at async file:///home/alica-dev/AlicaV2/packages/kernel/dist/index.js:1280:21
    at async Host.closeScope (file:///home/alica-dev/AlicaV2/packages/kernel/dist/index.js:1342:21)
    at async Host.shutdown (file:///home/alica-dev/AlicaV2/packages/kernel/dist/index.js:1426:9)
    at async TestContext.stop (file:///home/alica-dev/AlicaV2/tools/g3-fixtures.mjs:218:5)
    at async TestHook.run (node:internal/test_runner/test:1409:7)
    at async Test.runHook (node:internal/test_runner/test:1289:9)
    at async after (node:internal/test_runner/test:1342:9)
IPC_DIAG dead org.alica.sdkprovider 1 null
✔ real Host IPC rejects delayed continuations rather than opening replacement tasks (1602.73124ms)
IPC_DIAG finish b56f738d9565f225a013a8857002020c22a8c72efd2456c20b7a1c62d8d694be c1 complete
IPC_DIAG finish b56f738d9565f225a013a8857002020c22a8c72efd2456c20b7a1c62d8d694be c2 complete
IPC_DIAG finish b56f738d9565f225a013a8857002020c22a8c72efd2456c20b7a1c62d8d694be c3 complete
IPC_DIAG finish b56f738d9565f225a013a8857002020c22a8c72efd2456c20b7a1c62d8d694be c4 complete
IPC_DIAG fail org.alica.hostile Error
    at PhysicalSession.fail (file:///home/alica-dev/AlicaV2/packages/kernel/dist/g6/session.js:451:70)
    at file:///home/alica-dev/AlicaV2/packages/kernel/dist/g6/session.js:517:22
    at async HostIPC.shutdown (file:///home/alica-dev/AlicaV2/packages/kernel/dist/g6/host-adapter.js:232:13)
    at async file:///home/alica-dev/AlicaV2/packages/kernel/dist/index.js:1280:21
    at async TestContext.<anonymous> (file:///home/alica-dev/AlicaV2/tests/ipc/host-sdk.test.mjs:305:19)
    at async Test.run (node:internal/test_runner/test:1409:7)
    at async Test.processPendingSubtests (node:internal/test_runner/test:974:7)
IPC_DIAG dead org.alica.hostile 1 null
✔ signed real Host IPC package cannot read operator files, write or spawn (744.85179ms)
IPC_DIAG finish 9e01679fdfdc4b92d3530566123f3bdcc0f9fcd615e6aa12e376bd0970262204 c1 complete
IPC_DIAG finish 38763361bbe983fa852ddcfb6956074966ddb0b68f1ecade6011930dc4fae62f r1 DEADLINE_EXCEEDED
IPC_DIAG finish 38763361bbe983fa852ddcfb6956074966ddb0b68f1ecade6011930dc4fae62f c1 complete
IPC_DIAG finish 9e01679fdfdc4b92d3530566123f3bdcc0f9fcd615e6aa12e376bd0970262204 c2 complete
IPC_DIAG finish 9e01679fdfdc4b92d3530566123f3bdcc0f9fcd615e6aa12e376bd0970262204 c3 complete
IPC_DIAG fail org.alica.isolation Error
    at PhysicalSession.fail (file:///home/alica-dev/AlicaV2/packages/kernel/dist/g6/session.js:451:70)
    at file:///home/alica-dev/AlicaV2/packages/kernel/dist/g6/session.js:517:22
    at async HostIPC.shutdown (file:///home/alica-dev/AlicaV2/packages/kernel/dist/g6/host-adapter.js:232:13)
    at async file:///home/alica-dev/AlicaV2/packages/kernel/dist/index.js:1280:21
    at async Host.closeScope (file:///home/alica-dev/AlicaV2/packages/kernel/dist/index.js:1342:21)
    at async Host.shutdown (file:///home/alica-dev/AlicaV2/packages/kernel/dist/index.js:1426:9)
    at async TestContext.stop (file:///home/alica-dev/AlicaV2/tools/g3-fixtures.mjs:218:5)
    at async TestHook.run (node:internal/test_runner/test:1409:7)
    at async Test.runHook (node:internal/test_runner/test:1289:9)
    at async after (node:internal/test_runner/test:1342:9)
IPC_DIAG dead org.alica.isolation 1 null
IPC_DIAG fail org.alica.isolation Error
    at PhysicalSession.fail (file:///home/alica-dev/AlicaV2/packages/kernel/dist/g6/session.js:451:70)
    at file:///home/alica-dev/AlicaV2/packages/kernel/dist/g6/session.js:517:22
    at process.processTicksAndRejections (node:internal/process/task_queues:104:5)
    at async TestContext.<anonymous> (file:///home/alica-dev/AlicaV2/tests/ipc/isolation.test.mjs:75:5)
    at async TestHook.run (node:internal/test_runner/test:1409:7)
    at async Test.runHook (node:internal/test_runner/test:1289:9)
    at async after (node:internal/test_runner/test:1342:9)
    at async Test.run (node:internal/test_runner/test:1428:7)
    at async startSubtestAfterBootstrap (node:internal/test_runner/harness:387:3)
IPC_DIAG dead org.alica.isolation 1 null
✔ pre-offer phase 3 DEADLINE_EXCEEDED preserves the real session and releases admission (1216.567429ms)
IPC_DIAG finish 38f64d84503035247526cd5f57e3c78486d81a09864724a795172acf35f7e8d5 c1 complete
IPC_DIAG finish bb17983ba8e1a52055b2be539bc0b34c88884f38189c8041924c51ccf430de25 r1 DEADLINE_EXCEEDED
IPC_DIAG finish bb17983ba8e1a52055b2be539bc0b34c88884f38189c8041924c51ccf430de25 c1 complete
IPC_DIAG finish 38f64d84503035247526cd5f57e3c78486d81a09864724a795172acf35f7e8d5 c2 complete
IPC_DIAG finish 38f64d84503035247526cd5f57e3c78486d81a09864724a795172acf35f7e8d5 c3 complete
IPC_DIAG fail org.alica.isolation Error
    at PhysicalSession.fail (file:///home/alica-dev/AlicaV2/packages/kernel/dist/g6/session.js:451:70)
    at file:///home/alica-dev/AlicaV2/packages/kernel/dist/g6/session.js:517:22
    at async HostIPC.shutdown (file:///home/alica-dev/AlicaV2/packages/kernel/dist/g6/host-adapter.js:232:13)
    at async file:///home/alica-dev/AlicaV2/packages/kernel/dist/index.js:1280:21
    at async Host.closeScope (file:///home/alica-dev/AlicaV2/packages/kernel/dist/index.js:1342:21)
    at async Host.shutdown (file:///home/alica-dev/AlicaV2/packages/kernel/dist/index.js:1426:9)
    at async TestContext.stop (file:///home/alica-dev/AlicaV2/tools/g3-fixtures.mjs:218:5)
    at async TestHook.run (node:internal/test_runner/test:1409:7)
    at async Test.runHook (node:internal/test_runner/test:1289:9)
    at async after (node:internal/test_runner/test:1342:9)
IPC_DIAG dead org.alica.isolation 1 null
IPC_DIAG fail org.alica.isolation Error
    at PhysicalSession.fail (file:///home/alica-dev/AlicaV2/packages/kernel/dist/g6/session.js:451:70)
    at file:///home/alica-dev/AlicaV2/packages/kernel/dist/g6/session.js:517:22
    at process.processTicksAndRejections (node:internal/process/task_queues:104:5)
    at async TestContext.<anonymous> (file:///home/alica-dev/AlicaV2/tests/ipc/isolation.test.mjs:75:5)
    at async TestHook.run (node:internal/test_runner/test:1409:7)
    at async Test.runHook (node:internal/test_runner/test:1289:9)
    at async after (node:internal/test_runner/test:1342:9)
    at async Test.run (node:internal/test_runner/test:1428:7)
    at async Test.processPendingSubtests (node:internal/test_runner/test:974:7)
IPC_DIAG dead org.alica.isolation 1 null
✔ pre-offer phase 4 DEADLINE_EXCEEDED preserves the real session and releases admission (1236.525948ms)
IPC_DIAG finish aa921462b7b05d6a42617be991ba129396af50ab227fb2fe8c615fde635fafac c1 complete
IPC_DIAG finish 41a8c932cd7e3c64367f6420dc9a748bf326fb4be0247731c05082a53cbc42da r1 PERMISSION_DENIED
IPC_DIAG finish 41a8c932cd7e3c64367f6420dc9a748bf326fb4be0247731c05082a53cbc42da c1 complete
IPC_DIAG finish aa921462b7b05d6a42617be991ba129396af50ab227fb2fe8c615fde635fafac c2 complete
IPC_DIAG finish aa921462b7b05d6a42617be991ba129396af50ab227fb2fe8c615fde635fafac c3 complete
IPC_DIAG fail org.alica.isolation Error
    at PhysicalSession.fail (file:///home/alica-dev/AlicaV2/packages/kernel/dist/g6/session.js:451:70)
    at file:///home/alica-dev/AlicaV2/packages/kernel/dist/g6/session.js:517:22
    at async HostIPC.shutdown (file:///home/alica-dev/AlicaV2/packages/kernel/dist/g6/host-adapter.js:232:13)
    at async file:///home/alica-dev/AlicaV2/packages/kernel/dist/index.js:1280:21
    at async Host.closeScope (file:///home/alica-dev/AlicaV2/packages/kernel/dist/index.js:1342:21)
    at async Host.shutdown (file:///home/alica-dev/AlicaV2/packages/kernel/dist/index.js:1426:9)
    at async TestContext.stop (file:///home/alica-dev/AlicaV2/tools/g3-fixtures.mjs:218:5)
    at async TestHook.run (node:internal/test_runner/test:1409:7)
    at async Test.runHook (node:internal/test_runner/test:1289:9)
    at async after (node:internal/test_runner/test:1342:9)
IPC_DIAG dead org.alica.isolation 1 null
IPC_DIAG fail org.alica.isolation Error
    at PhysicalSession.fail (file:///home/alica-dev/AlicaV2/packages/kernel/dist/g6/session.js:451:70)
    at file:///home/alica-dev/AlicaV2/packages/kernel/dist/g6/session.js:517:22
    at process.processTicksAndRejections (node:internal/process/task_queues:104:5)
    at async TestContext.<anonymous> (file:///home/alica-dev/AlicaV2/tests/ipc/isolation.test.mjs:75:5)
    at async TestHook.run (node:internal/test_runner/test:1409:7)
    at async Test.runHook (node:internal/test_runner/test:1289:9)
    at async after (node:internal/test_runner/test:1342:9)
    at async Test.run (node:internal/test_runner/test:1428:7)
    at async Test.processPendingSubtests (node:internal/test_runner/test:974:7)
IPC_DIAG dead org.alica.isolation 1 null
✔ pre-offer phase 4 PERMISSION_DENIED preserves the real session and releases admission (1145.441389ms)
IPC_DIAG finish 6e3553acc369f9431c7cdc6ffc95c7776747eafc9c38015a9d23a0b9064753cb c1 complete
IPC_DIAG finish 42b15df872a0ea263de9cc513fc14b0fffa78384865a3ebd7743b3aa74b4833a c2 complete
IPC_DIAG finish 42b15df872a0ea263de9cc513fc14b0fffa78384865a3ebd7743b3aa74b4833a c1 DEADLINE_EXCEEDED
IPC_DIAG finish 42b15df872a0ea263de9cc513fc14b0fffa78384865a3ebd7743b3aa74b4833a c3 complete
IPC_DIAG finish 6e3553acc369f9431c7cdc6ffc95c7776747eafc9c38015a9d23a0b9064753cb c2 complete
IPC_DIAG finish 6e3553acc369f9431c7cdc6ffc95c7776747eafc9c38015a9d23a0b9064753cb c3 complete
IPC_DIAG fail org.alica.isolation Error
    at PhysicalSession.fail (file:///home/alica-dev/AlicaV2/packages/kernel/dist/g6/session.js:451:70)
    at file:///home/alica-dev/AlicaV2/packages/kernel/dist/g6/session.js:517:22
    at async HostIPC.shutdown (file:///home/alica-dev/AlicaV2/packages/kernel/dist/g6/host-adapter.js:232:13)
    at async file:///home/alica-dev/AlicaV2/packages/kernel/dist/index.js:1280:21
    at async Host.closeScope (file:///home/alica-dev/AlicaV2/packages/kernel/dist/index.js:1342:21)
    at async Host.shutdown (file:///home/alica-dev/AlicaV2/packages/kernel/dist/index.js:1426:9)
    at async TestContext.stop (file:///home/alica-dev/AlicaV2/tools/g3-fixtures.mjs:218:5)
    at async TestHook.run (node:internal/test_runner/test:1409:7)
    at async Test.runHook (node:internal/test_runner/test:1289:9)
    at async after (node:internal/test_runner/test:1342:9)
IPC_DIAG dead org.alica.isolation 1 null
IPC_DIAG fail org.alica.isolation Error
    at PhysicalSession.fail (file:///home/alica-dev/AlicaV2/packages/kernel/dist/g6/session.js:451:70)
    at file:///home/alica-dev/AlicaV2/packages/kernel/dist/g6/session.js:517:22
    at process.processTicksAndRejections (node:internal/process/task_queues:104:5)
    at async TestContext.<anonymous> (file:///home/alica-dev/AlicaV2/tests/ipc/isolation.test.mjs:75:5)
    at async TestHook.run (node:internal/test_runner/test:1409:7)
    at async Test.runHook (node:internal/test_runner/test:1289:9)
    at async after (node:internal/test_runner/test:1342:9)
    at async Test.run (node:internal/test_runner/test:1428:7)
    at async Test.processPendingSubtests (node:internal/test_runner/test:974:7)
IPC_DIAG dead org.alica.isolation 1 null
✔ worker deadline abort does not close a broker-live work socket (1134.861856ms)
IPC_DIAG finish 6b877d75836eaddf25d4582374852352c407bea9b16c109d2007389de06b3f8a c1 complete
IPC_DIAG finish ef1b2838a609406a7975ec0e0568644525487f608e598307a1b240c0dd7eca88 c1 CANCELLED
IPC_DIAG finish ef1b2838a609406a7975ec0e0568644525487f608e598307a1b240c0dd7eca88 c2 complete
IPC_DIAG finish 6b877d75836eaddf25d4582374852352c407bea9b16c109d2007389de06b3f8a c2 complete
IPC_DIAG finish 6b877d75836eaddf25d4582374852352c407bea9b16c109d2007389de06b3f8a c3 complete
IPC_DIAG fail org.alica.isolation Error
    at PhysicalSession.fail (file:///home/alica-dev/AlicaV2/packages/kernel/dist/g6/session.js:451:70)
    at file:///home/alica-dev/AlicaV2/packages/kernel/dist/g6/session.js:517:22
    at async HostIPC.shutdown (file:///home/alica-dev/AlicaV2/packages/kernel/dist/g6/host-adapter.js:232:13)
    at async file:///home/alica-dev/AlicaV2/packages/kernel/dist/index.js:1280:21
    at async Host.closeScope (file:///home/alica-dev/AlicaV2/packages/kernel/dist/index.js:1342:21)
    at async Host.shutdown (file:///home/alica-dev/AlicaV2/packages/kernel/dist/index.js:1426:9)
    at async TestContext.stop (file:///home/alica-dev/AlicaV2/tools/g3-fixtures.mjs:218:5)
    at async TestHook.run (node:internal/test_runner/test:1409:7)
    at async Test.runHook (node:internal/test_runner/test:1289:9)
    at async after (node:internal/test_runner/test:1342:9)
IPC_DIAG dead org.alica.isolation 1 null
IPC_DIAG fail org.alica.isolation Error
    at PhysicalSession.fail (file:///home/alica-dev/AlicaV2/packages/kernel/dist/g6/session.js:451:70)
    at file:///home/alica-dev/AlicaV2/packages/kernel/dist/g6/session.js:517:22
    at process.processTicksAndRejections (node:internal/process/task_queues:104:5)
    at async TestContext.<anonymous> (file:///home/alica-dev/AlicaV2/tests/ipc/isolation.test.mjs:75:5)
    at async TestHook.run (node:internal/test_runner/test:1409:7)
    at async Test.runHook (node:internal/test_runner/test:1289:9)
    at async after (node:internal/test_runner/test:1342:9)
    at async Test.run (node:internal/test_runner/test:1428:7)
    at async Test.processPendingSubtests (node:internal/test_runner/test:974:7)
IPC_DIAG dead org.alica.isolation 1 null
✔ reply after observed broker closure is endpoint-local, not physical EPIPE failure (1159.166775ms)
IPC_DIAG finish df6eeed37f3f3c4fd4ac00c933c9e00097586cb9fca3c6cacb8a8f436f9f3dbb c1 complete
IPC_DIAG finish 9e8aaa77ac6a3339af6474484f91dd311fc4dacd05ffb799991141948f9c557a c1 CANCELLED
IPC_DIAG finish 9e8aaa77ac6a3339af6474484f91dd311fc4dacd05ffb799991141948f9c557a c2 complete
IPC_DIAG finish df6eeed37f3f3c4fd4ac00c933c9e00097586cb9fca3c6cacb8a8f436f9f3dbb c2 complete
IPC_DIAG finish df6eeed37f3f3c4fd4ac00c933c9e00097586cb9fca3c6cacb8a8f436f9f3dbb c3 complete
IPC_DIAG fail org.alica.isolation Error
    at PhysicalSession.fail (file:///home/alica-dev/AlicaV2/packages/kernel/dist/g6/session.js:451:70)
    at file:///home/alica-dev/AlicaV2/packages/kernel/dist/g6/session.js:517:22
    at async HostIPC.shutdown (file:///home/alica-dev/AlicaV2/packages/kernel/dist/g6/host-adapter.js:232:13)
    at async file:///home/alica-dev/AlicaV2/packages/kernel/dist/index.js:1280:21
    at async Host.closeScope (file:///home/alica-dev/AlicaV2/packages/kernel/dist/index.js:1342:21)
    at async Host.shutdown (file:///home/alica-dev/AlicaV2/packages/kernel/dist/index.js:1426:9)
    at async TestContext.stop (file:///home/alica-dev/AlicaV2/tools/g3-fixtures.mjs:218:5)
    at async TestHook.run (node:internal/test_runner/test:1409:7)
    at async Test.runHook (node:internal/test_runner/test:1289:9)
    at async after (node:internal/test_runner/test:1342:9)
IPC_DIAG dead org.alica.isolation 1 null
IPC_DIAG fail org.alica.isolation Error
    at PhysicalSession.fail (file:///home/alica-dev/AlicaV2/packages/kernel/dist/g6/session.js:451:70)
    at file:///home/alica-dev/AlicaV2/packages/kernel/dist/g6/session.js:517:22
    at process.processTicksAndRejections (node:internal/process/task_queues:104:5)
    at async TestContext.<anonymous> (file:///home/alica-dev/AlicaV2/tests/ipc/isolation.test.mjs:75:5)
    at async TestHook.run (node:internal/test_runner/test:1409:7)
    at async Test.runHook (node:internal/test_runner/test:1289:9)
    at async after (node:internal/test_runner/test:1342:9)
    at async Test.run (node:internal/test_runner/test:1428:7)
    at async Test.processPendingSubtests (node:internal/test_runner/test:974:7)
IPC_DIAG dead org.alica.isolation 1 null
✔ scope-check write racing broker closure rejects locally and preserves sibling (1176.176111ms)
IPC_DIAG finish d1f09fe28812d2eb4038f6fab5d49ced6e5db4d4eef5a1c239db14fef36d817b c1 complete
IPC_DIAG pump org.alica.isolation PeerClosed [AcapError]: UNAVAILABLE
    at NativeStream.receive (file:///home/alica-dev/AlicaV2/packages/kernel/dist/g6/stream.js:119:23)
    at PhysicalSession.pump (file:///home/alica-dev/AlicaV2/packages/kernel/dist/g6/session.js:275:43)
    at Timeout._onTimeout (file:///home/alica-dev/AlicaV2/packages/kernel/dist/g6/session.js:207:26)
    at listOnTimeout (node:internal/timers:685:17)
    at process.processTimers (node:internal/timers:618:7) {
  code: 'UNAVAILABLE',
  correlationId: '141fc028-6a2c-452d-9111-d6b353156dc5',
  retryable: false
}
IPC_DIAG fail org.alica.isolation Error
    at PhysicalSession.fail (file:///home/alica-dev/AlicaV2/packages/kernel/dist/g6/session.js:451:70)
    at Timeout._onTimeout (file:///home/alica-dev/AlicaV2/packages/kernel/dist/g6/session.js:211:26)
    at listOnTimeout (node:internal/timers:685:17)
    at process.processTimers (node:internal/timers:618:7)
IPC_DIAG finish e4c5a6909a4f8f12a09fbba5011551fe9d515e77302c68b96ce0e897db97b8e1 c1 UNAVAILABLE
IPC_DIAG dead org.alica.isolation 1 null
IPC_DIAG finish d1f09fe28812d2eb4038f6fab5d49ced6e5db4d4eef5a1c239db14fef36d817b c2 complete
IPC_DIAG finish d1f09fe28812d2eb4038f6fab5d49ced6e5db4d4eef5a1c239db14fef36d817b c3 complete
IPC_DIAG fail org.alica.isolation Error
    at PhysicalSession.fail (file:///home/alica-dev/AlicaV2/packages/kernel/dist/g6/session.js:451:70)
    at file:///home/alica-dev/AlicaV2/packages/kernel/dist/g6/session.js:517:22
    at async HostIPC.shutdown (file:///home/alica-dev/AlicaV2/packages/kernel/dist/g6/host-adapter.js:232:13)
    at async file:///home/alica-dev/AlicaV2/packages/kernel/dist/index.js:1280:21
    at async Host.closeScope (file:///home/alica-dev/AlicaV2/packages/kernel/dist/index.js:1342:21)
    at async Host.shutdown (file:///home/alica-dev/AlicaV2/packages/kernel/dist/index.js:1426:9)
    at async TestContext.stop (file:///home/alica-dev/AlicaV2/tools/g3-fixtures.mjs:218:5)
    at async TestHook.run (node:internal/test_runner/test:1409:7)
    at async Test.runHook (node:internal/test_runner/test:1289:9)
    at async after (node:internal/test_runner/test:1342:9)
IPC_DIAG dead org.alica.isolation 1 null
✔ unexpected worker EOF on broker-live work still fails the physical session (1120.52434ms)
IPC_DIAG finish a37584d44c312095996b53c13cfad1bf4f9d611db3c8b9894eaefca52c0acc90 c1 complete
IPC_DIAG finish 1b3290740d2622c9cda7d3868570f19f664afccc1fa5c75ce86ce707b2b41fd6 c1 CANCELLED
IPC_DIAG pump org.alica.isolation PeerClosed [AcapError]: UNAVAILABLE
    at NativeStream.receive (file:///home/alica-dev/AlicaV2/packages/kernel/dist/g6/stream.js:119:23)
    at PhysicalSession.pump (file:///home/alica-dev/AlicaV2/packages/kernel/dist/g6/session.js:258:35)
    at Timeout._onTimeout (file:///home/alica-dev/AlicaV2/packages/kernel/dist/g6/session.js:207:26)
    at listOnTimeout (node:internal/timers:685:17)
    at process.processTimers (node:internal/timers:618:7) {
  code: 'UNAVAILABLE',
  correlationId: '84227331-766a-42d7-8eec-1f0940b41c6d',
  retryable: false
}
IPC_DIAG fail org.alica.isolation Error
    at PhysicalSession.fail (file:///home/alica-dev/AlicaV2/packages/kernel/dist/g6/session.js:451:70)
    at Timeout._onTimeout (file:///home/alica-dev/AlicaV2/packages/kernel/dist/g6/session.js:211:26)
    at listOnTimeout (node:internal/timers:685:17)
    at process.processTimers (node:internal/timers:618:7)
IPC_DIAG dead org.alica.isolation 1 null
IPC_DIAG finish a37584d44c312095996b53c13cfad1bf4f9d611db3c8b9894eaefca52c0acc90 c2 complete
IPC_DIAG finish a37584d44c312095996b53c13cfad1bf4f9d611db3c8b9894eaefca52c0acc90 c3 complete
IPC_DIAG fail org.alica.isolation Error
    at PhysicalSession.fail (file:///home/alica-dev/AlicaV2/packages/kernel/dist/g6/session.js:451:70)
    at file:///home/alica-dev/AlicaV2/packages/kernel/dist/g6/session.js:517:22
    at async HostIPC.shutdown (file:///home/alica-dev/AlicaV2/packages/kernel/dist/g6/host-adapter.js:232:13)
    at async file:///home/alica-dev/AlicaV2/packages/kernel/dist/index.js:1280:21
    at async Host.closeScope (file:///home/alica-dev/AlicaV2/packages/kernel/dist/index.js:1342:21)
    at async Host.shutdown (file:///home/alica-dev/AlicaV2/packages/kernel/dist/index.js:1426:9)
    at async TestContext.stop (file:///home/alica-dev/AlicaV2/tools/g3-fixtures.mjs:218:5)
    at async TestHook.run (node:internal/test_runner/test:1409:7)
    at async Test.runHook (node:internal/test_runner/test:1289:9)
    at async after (node:internal/test_runner/test:1342:9)
IPC_DIAG dead org.alica.isolation 1 null
✔ effect-release write racing broker closure still fails the real worker (1163.890719ms)
✔ cancelled read-only scope observation retires only its RPC (2.876545ms)
✔ synchronous scope observation timeout is local, malformed response remains fatal (1.323351ms)
✔ unanswered SDK mutation and effect-release remain fail-closed on endpoint abort (0.54734ms)
✔ owned descriptors close exactly once and do not follow FD reuse (2.159735ms)
✔ sealed capsule resists write and close leaves no owned FD (0.4249ms)
✔ native atomic carrier preserves payload and unique endpoint; closure releases all handles (1.077408ms)
✔ native receive rejects a packet without ancillary rights (0.28701ms)
✔ native rejection closes received kernel FDs: file (47.750952ms)
✔ native rejection closes received kernel FDs: extra (33.985861ms)
✔ native rejection closes received kernel FDs: truncated (40.25381ms)
✔ native rejection closes received kernel FDs: oversize (35.914662ms)
✔ disconnected socket write fails without SIGPIPE termination (0.557359ms)
✔ actual launched PID plus final Node sandbox: reads, writes, symlinks, socket/exec/inspection/signal denial (59.235719ms)
✔ post-seal FD handover supports two overlapping contexts with one shared state (72.109452ms)
✔ pidfd terminates and observes an uncooperative sealed Node process (77.105436ms)
(node:204391) ExperimentalWarning: VM Modules is an experimental feature and might change at any time
(Use `node --trace-warnings ...` to show where the warning was created)
✔ buffered event grant invalidation preserves healthy siblings: inproc (388.382994ms)
✔ buffered event scope invalidation preserves healthy siblings: inproc (324.605997ms)
IPC_DIAG finish bdb9485a350eacfd56a8cae0648d7a0c1ba33aa30005c1a6773006ef8a8bb228 c1 complete
IPC_DIAG finish bdb9485a350eacfd56a8cae0648d7a0c1ba33aa30005c1a6773006ef8a8bb228 c2 complete
IPC_DIAG finish bdb9485a350eacfd56a8cae0648d7a0c1ba33aa30005c1a6773006ef8a8bb228 c4 complete
IPC_DIAG finish bdb9485a350eacfd56a8cae0648d7a0c1ba33aa30005c1a6773006ef8a8bb228 c5 complete
IPC_DIAG finish bdb9485a350eacfd56a8cae0648d7a0c1ba33aa30005c1a6773006ef8a8bb228 c6 complete
IPC_DIAG finish bdb9485a350eacfd56a8cae0648d7a0c1ba33aa30005c1a6773006ef8a8bb228 c3 complete
IPC_DIAG finish bdb9485a350eacfd56a8cae0648d7a0c1ba33aa30005c1a6773006ef8a8bb228 c7 complete
IPC_DIAG finish bdb9485a350eacfd56a8cae0648d7a0c1ba33aa30005c1a6773006ef8a8bb228 c8 complete
IPC_DIAG finish bdb9485a350eacfd56a8cae0648d7a0c1ba33aa30005c1a6773006ef8a8bb228 c9 complete
IPC_DIAG finish bdb9485a350eacfd56a8cae0648d7a0c1ba33aa30005c1a6773006ef8a8bb228 c10 complete
IPC_DIAG finish bdb9485a350eacfd56a8cae0648d7a0c1ba33aa30005c1a6773006ef8a8bb228 c11 complete
IPC_DIAG finish bdb9485a350eacfd56a8cae0648d7a0c1ba33aa30005c1a6773006ef8a8bb228 c12 complete
IPC_DIAG finish bdb9485a350eacfd56a8cae0648d7a0c1ba33aa30005c1a6773006ef8a8bb228 c13 complete
IPC_DIAG finish bdb9485a350eacfd56a8cae0648d7a0c1ba33aa30005c1a6773006ef8a8bb228 c14 complete
IPC_DIAG fail org.alica.closureprovider Error
    at PhysicalSession.fail (file:///home/alica-dev/AlicaV2/packages/kernel/dist/g6/session.js:451:70)
    at file:///home/alica-dev/AlicaV2/packages/kernel/dist/g6/session.js:517:22
    at async HostIPC.shutdown (file:///home/alica-dev/AlicaV2/packages/kernel/dist/g6/host-adapter.js:232:13)
    at async file:///home/alica-dev/AlicaV2/packages/kernel/dist/index.js:1280:21
    at async Host.closeScope (file:///home/alica-dev/AlicaV2/packages/kernel/dist/index.js:1342:21)
    at async Host.shutdown (file:///home/alica-dev/AlicaV2/packages/kernel/dist/index.js:1426:9)
    at async TestContext.stop (file:///home/alica-dev/AlicaV2/tools/g3-fixtures.mjs:218:5)
    at async TestHook.run (node:internal/test_runner/test:1409:7)
    at async Test.runHook (node:internal/test_runner/test:1289:9)
    at async after (node:internal/test_runner/test:1342:9)
IPC_DIAG dead org.alica.closureprovider 1 null
✔ buffered event grant invalidation preserves healthy siblings: ipc (1252.092458ms)
IPC_DIAG finish 42eb1b233ee7f1d86e369a6a940a3385c96a67c6da7a7cff5a233f8bbfa19799 c1 complete
IPC_DIAG finish 42eb1b233ee7f1d86e369a6a940a3385c96a67c6da7a7cff5a233f8bbfa19799 c2 complete
IPC_DIAG finish 42eb1b233ee7f1d86e369a6a940a3385c96a67c6da7a7cff5a233f8bbfa19799 c3 complete
IPC_DIAG finish 42eb1b233ee7f1d86e369a6a940a3385c96a67c6da7a7cff5a233f8bbfa19799 c4 complete
IPC_DIAG finish 42eb1b233ee7f1d86e369a6a940a3385c96a67c6da7a7cff5a233f8bbfa19799 c6 complete
IPC_DIAG finish 42eb1b233ee7f1d86e369a6a940a3385c96a67c6da7a7cff5a233f8bbfa19799 c7 complete
IPC_DIAG finish 42eb1b233ee7f1d86e369a6a940a3385c96a67c6da7a7cff5a233f8bbfa19799 c8 complete
IPC_DIAG finish 42eb1b233ee7f1d86e369a6a940a3385c96a67c6da7a7cff5a233f8bbfa19799 c9 complete
IPC_DIAG finish 42eb1b233ee7f1d86e369a6a940a3385c96a67c6da7a7cff5a233f8bbfa19799 c5 FAILED_PRECONDITION
IPC_DIAG finish 42eb1b233ee7f1d86e369a6a940a3385c96a67c6da7a7cff5a233f8bbfa19799 c10 complete
IPC_DIAG finish 42eb1b233ee7f1d86e369a6a940a3385c96a67c6da7a7cff5a233f8bbfa19799 c11 complete
IPC_DIAG finish 42eb1b233ee7f1d86e369a6a940a3385c96a67c6da7a7cff5a233f8bbfa19799 c12 complete
IPC_DIAG finish 42eb1b233ee7f1d86e369a6a940a3385c96a67c6da7a7cff5a233f8bbfa19799 c13 complete
IPC_DIAG finish 42eb1b233ee7f1d86e369a6a940a3385c96a67c6da7a7cff5a233f8bbfa19799 c14 complete
IPC_DIAG finish 42eb1b233ee7f1d86e369a6a940a3385c96a67c6da7a7cff5a233f8bbfa19799 c15 complete
IPC_DIAG finish 42eb1b233ee7f1d86e369a6a940a3385c96a67c6da7a7cff5a233f8bbfa19799 c16 complete
IPC_DIAG finish 42eb1b233ee7f1d86e369a6a940a3385c96a67c6da7a7cff5a233f8bbfa19799 c17 complete
IPC_DIAG fail org.alica.closureprovider Error
    at PhysicalSession.fail (file:///home/alica-dev/AlicaV2/packages/kernel/dist/g6/session.js:451:70)
    at file:///home/alica-dev/AlicaV2/packages/kernel/dist/g6/session.js:517:22
    at async HostIPC.shutdown (file:///home/alica-dev/AlicaV2/packages/kernel/dist/g6/host-adapter.js:232:13)
    at async file:///home/alica-dev/AlicaV2/packages/kernel/dist/index.js:1280:21
    at async Host.closeScope (file:///home/alica-dev/AlicaV2/packages/kernel/dist/index.js:1342:21)
    at async Host.shutdown (file:///home/alica-dev/AlicaV2/packages/kernel/dist/index.js:1426:9)
    at async TestContext.stop (file:///home/alica-dev/AlicaV2/tools/g3-fixtures.mjs:218:5)
    at async TestHook.run (node:internal/test_runner/test:1409:7)
    at async Test.runHook (node:internal/test_runner/test:1289:9)
    at async after (node:internal/test_runner/test:1342:9)
IPC_DIAG dead org.alica.closureprovider 1 null
✔ buffered event scope invalidation preserves healthy siblings: ipc (1435.68648ms)
✔ production streams metadata credit and buffered grant revocation: inproc (235.55718ms)
ℹ sameSourceSHA256=7d454da3a88c06f0b991c265c04694d989093681c0a3f454e5843acfebcdb8ba
✔ production stream stall and schema error retain first terminal: inproc (311.268492ms)
✔ production overload bounds active and queued callbacks: inproc (288.453007ms)
ℹ sameSourceSHA256=93684641f1853e6bc80d33776ded76658262f3d044441a349bca49c7ebdf1fed
✔ registered acquisition rollback races scope closure without duplicate cleanup: inproc (224.541595ms)
✔ registered acquisition timeout rolls back exactly once: inproc (1783.572509ms)
IPC_DIAG finish 2552397dd9fdcd1620c520dfcdaa373c5676788b70c54dcd4bf151646039d91d c1 complete
IPC_DIAG finish 2552397dd9fdcd1620c520dfcdaa373c5676788b70c54dcd4bf151646039d91d c2 complete
IPC_DIAG finish 2552397dd9fdcd1620c520dfcdaa373c5676788b70c54dcd4bf151646039d91d c4 complete
IPC_DIAG finish 2552397dd9fdcd1620c520dfcdaa373c5676788b70c54dcd4bf151646039d91d c3 CANCELLED
IPC_DIAG finish 2552397dd9fdcd1620c520dfcdaa373c5676788b70c54dcd4bf151646039d91d c5 complete
IPC_DIAG finish 2552397dd9fdcd1620c520dfcdaa373c5676788b70c54dcd4bf151646039d91d c6 complete
IPC_DIAG finish 2552397dd9fdcd1620c520dfcdaa373c5676788b70c54dcd4bf151646039d91d c7 complete
IPC_DIAG fail org.alica.closureprovider Error
    at PhysicalSession.fail (file:///home/alica-dev/AlicaV2/packages/kernel/dist/g6/session.js:451:70)
    at file:///home/alica-dev/AlicaV2/packages/kernel/dist/g6/session.js:517:22
    at async HostIPC.shutdown (file:///home/alica-dev/AlicaV2/packages/kernel/dist/g6/host-adapter.js:232:13)
    at async file:///home/alica-dev/AlicaV2/packages/kernel/dist/index.js:1280:21
    at async Host.closeScope (file:///home/alica-dev/AlicaV2/packages/kernel/dist/index.js:1342:21)
    at async Host.shutdown (file:///home/alica-dev/AlicaV2/packages/kernel/dist/index.js:1426:9)
    at async TestContext.stop (file:///home/alica-dev/AlicaV2/tools/g3-fixtures.mjs:218:5)
    at async TestHook.run (node:internal/test_runner/test:1409:7)
    at async Test.runHook (node:internal/test_runner/test:1289:9)
    at async after (node:internal/test_runner/test:1342:9)
IPC_DIAG dead org.alica.closureprovider 1 null
✔ production streams metadata credit and buffered grant revocation: ipc (922.351357ms)
ℹ sameSourceSHA256=7d454da3a88c06f0b991c265c04694d989093681c0a3f454e5843acfebcdb8ba
IPC_DIAG finish 4bbacbbd43fccc3f675e0997be6f0fe012454c16fc12b22dd0791ff4090781d8 c1 complete
IPC_DIAG finish 4bbacbbd43fccc3f675e0997be6f0fe012454c16fc12b22dd0791ff4090781d8 c2 CANCELLED
IPC_DIAG finish 4bbacbbd43fccc3f675e0997be6f0fe012454c16fc12b22dd0791ff4090781d8 c3 complete
IPC_DIAG finish 4bbacbbd43fccc3f675e0997be6f0fe012454c16fc12b22dd0791ff4090781d8 c4 complete
IPC_DIAG finish 4bbacbbd43fccc3f675e0997be6f0fe012454c16fc12b22dd0791ff4090781d8 c5 complete
IPC_DIAG finish 4bbacbbd43fccc3f675e0997be6f0fe012454c16fc12b22dd0791ff4090781d8 c6 complete
IPC_DIAG fail org.alica.closureprovider Error
    at PhysicalSession.fail (file:///home/alica-dev/AlicaV2/packages/kernel/dist/g6/session.js:451:70)
    at file:///home/alica-dev/AlicaV2/packages/kernel/dist/g6/session.js:517:22
    at async HostIPC.shutdown (file:///home/alica-dev/AlicaV2/packages/kernel/dist/g6/host-adapter.js:232:13)
    at async file:///home/alica-dev/AlicaV2/packages/kernel/dist/index.js:1280:21
    at async Host.closeScope (file:///home/alica-dev/AlicaV2/packages/kernel/dist/index.js:1342:21)
    at async Host.shutdown (file:///home/alica-dev/AlicaV2/packages/kernel/dist/index.js:1426:9)
    at async TestContext.stop (file:///home/alica-dev/AlicaV2/tools/g3-fixtures.mjs:218:5)
    at async TestHook.run (node:internal/test_runner/test:1409:7)
    at async Test.runHook (node:internal/test_runner/test:1289:9)
    at async after (node:internal/test_runner/test:1342:9)
IPC_DIAG dead org.alica.closureprovider 1 null
✔ production stream stall and schema error retain first terminal: ipc (958.689037ms)
IPC_DIAG finish 384fbb8851ff80bc94265cded74dc9b40bf2028d54a5ed7a54da485d39ee0d34 c1 complete
IPC_DIAG finish 384fbb8851ff80bc94265cded74dc9b40bf2028d54a5ed7a54da485d39ee0d34 c2 complete
IPC_DIAG finish 384fbb8851ff80bc94265cded74dc9b40bf2028d54a5ed7a54da485d39ee0d34 c4 complete
IPC_DIAG finish 384fbb8851ff80bc94265cded74dc9b40bf2028d54a5ed7a54da485d39ee0d34 c5 complete
IPC_DIAG finish 384fbb8851ff80bc94265cded74dc9b40bf2028d54a5ed7a54da485d39ee0d34 c3 complete
IPC_DIAG finish 384fbb8851ff80bc94265cded74dc9b40bf2028d54a5ed7a54da485d39ee0d34 c6 complete
IPC_DIAG finish 384fbb8851ff80bc94265cded74dc9b40bf2028d54a5ed7a54da485d39ee0d34 c7 complete
IPC_DIAG finish 384fbb8851ff80bc94265cded74dc9b40bf2028d54a5ed7a54da485d39ee0d34 c8 complete
IPC_DIAG finish 384fbb8851ff80bc94265cded74dc9b40bf2028d54a5ed7a54da485d39ee0d34 c9 complete
IPC_DIAG fail org.alica.closureprovider Error
    at PhysicalSession.fail (file:///home/alica-dev/AlicaV2/packages/kernel/dist/g6/session.js:451:70)
    at file:///home/alica-dev/AlicaV2/packages/kernel/dist/g6/session.js:517:22
    at async HostIPC.shutdown (file:///home/alica-dev/AlicaV2/packages/kernel/dist/g6/host-adapter.js:232:13)
    at async file:///home/alica-dev/AlicaV2/packages/kernel/dist/index.js:1280:21
    at async Host.closeScope (file:///home/alica-dev/AlicaV2/packages/kernel/dist/index.js:1342:21)
    at async Host.shutdown (file:///home/alica-dev/AlicaV2/packages/kernel/dist/index.js:1426:9)
    at async TestContext.stop (file:///home/alica-dev/AlicaV2/tools/g3-fixtures.mjs:218:5)
    at async TestHook.run (node:internal/test_runner/test:1409:7)
    at async Test.runHook (node:internal/test_runner/test:1289:9)
    at async after (node:internal/test_runner/test:1342:9)
IPC_DIAG dead org.alica.closureprovider 1 null
✔ production overload bounds active and queued callbacks: ipc (1211.987882ms)
ℹ sameSourceSHA256=93684641f1853e6bc80d33776ded76658262f3d044441a349bca49c7ebdf1fed
IPC_DIAG finish 26eb4c677c5789d3d3f160368d2e79430f5d2b0ef892ca4c0979f32253c8e745 c1 complete
IPC_DIAG finish 26eb4c677c5789d3d3f160368d2e79430f5d2b0ef892ca4c0979f32253c8e745 c2 complete
IPC_DIAG finish 26eb4c677c5789d3d3f160368d2e79430f5d2b0ef892ca4c0979f32253c8e745 c4 complete
IPC_DIAG finish 26eb4c677c5789d3d3f160368d2e79430f5d2b0ef892ca4c0979f32253c8e745 c5 complete
IPC_DIAG finish 26eb4c677c5789d3d3f160368d2e79430f5d2b0ef892ca4c0979f32253c8e745 c6 complete
IPC_DIAG finish 26eb4c677c5789d3d3f160368d2e79430f5d2b0ef892ca4c0979f32253c8e745 c7 complete
IPC_DIAG finish 26eb4c677c5789d3d3f160368d2e79430f5d2b0ef892ca4c0979f32253c8e745 c3 complete
IPC_DIAG finish 26eb4c677c5789d3d3f160368d2e79430f5d2b0ef892ca4c0979f32253c8e745 c8 complete
IPC_DIAG finish 26eb4c677c5789d3d3f160368d2e79430f5d2b0ef892ca4c0979f32253c8e745 c9 complete
IPC_DIAG finish 26eb4c677c5789d3d3f160368d2e79430f5d2b0ef892ca4c0979f32253c8e745 c10 complete
IPC_DIAG finish 26eb4c677c5789d3d3f160368d2e79430f5d2b0ef892ca4c0979f32253c8e745 c11 complete
IPC_DIAG fail org.alica.closureprovider Error
    at PhysicalSession.fail (file:///home/alica-dev/AlicaV2/packages/kernel/dist/g6/session.js:451:70)
    at file:///home/alica-dev/AlicaV2/packages/kernel/dist/g6/session.js:517:22
    at async HostIPC.shutdown (file:///home/alica-dev/AlicaV2/packages/kernel/dist/g6/host-adapter.js:232:13)
    at async file:///home/alica-dev/AlicaV2/packages/kernel/dist/index.js:1280:21
    at async Host.closeScope (file:///home/alica-dev/AlicaV2/packages/kernel/dist/index.js:1342:21)
    at async Host.shutdown (file:///home/alica-dev/AlicaV2/packages/kernel/dist/index.js:1426:9)
    at async TestContext.stop (file:///home/alica-dev/AlicaV2/tools/g3-fixtures.mjs:218:5)
    at async TestHook.run (node:internal/test_runner/test:1409:7)
    at async Test.runHook (node:internal/test_runner/test:1289:9)
    at async after (node:internal/test_runner/test:1342:9)
IPC_DIAG dead org.alica.closureprovider 1 null
✔ registered acquisition rollback races scope closure without duplicate cleanup: ipc (1056.46386ms)
IPC_DIAG finish e38751957677e2698ffdda8cd1588528c2234b4a58eb0bd950211dd3d08058ea c1 complete
IPC_DIAG finish e38751957677e2698ffdda8cd1588528c2234b4a58eb0bd950211dd3d08058ea c3 complete
IPC_DIAG finish e38751957677e2698ffdda8cd1588528c2234b4a58eb0bd950211dd3d08058ea c2 complete
IPC_DIAG finish e38751957677e2698ffdda8cd1588528c2234b4a58eb0bd950211dd3d08058ea c4 complete
IPC_DIAG finish e38751957677e2698ffdda8cd1588528c2234b4a58eb0bd950211dd3d08058ea c5 complete
IPC_DIAG finish e38751957677e2698ffdda8cd1588528c2234b4a58eb0bd950211dd3d08058ea c6 complete
IPC_DIAG finish e38751957677e2698ffdda8cd1588528c2234b4a58eb0bd950211dd3d08058ea c7 complete
IPC_DIAG fail org.alica.closureprovider Error
    at PhysicalSession.fail (file:///home/alica-dev/AlicaV2/packages/kernel/dist/g6/session.js:451:70)
    at file:///home/alica-dev/AlicaV2/packages/kernel/dist/g6/session.js:517:22
    at async HostIPC.shutdown (file:///home/alica-dev/AlicaV2/packages/kernel/dist/g6/host-adapter.js:232:13)
    at async file:///home/alica-dev/AlicaV2/packages/kernel/dist/index.js:1280:21
    at async Host.closeScope (file:///home/alica-dev/AlicaV2/packages/kernel/dist/index.js:1342:21)
    at async Host.shutdown (file:///home/alica-dev/AlicaV2/packages/kernel/dist/index.js:1426:9)
    at async TestContext.stop (file:///home/alica-dev/AlicaV2/tools/g3-fixtures.mjs:218:5)
    at async TestHook.run (node:internal/test_runner/test:1409:7)
    at async Test.runHook (node:internal/test_runner/test:1289:9)
    at async after (node:internal/test_runner/test:1342:9)
IPC_DIAG dead org.alica.closureprovider 1 null
✔ registered acquisition timeout rolls back exactly once: ipc (2541.586118ms)
IPC_DIAG assertion initial-deny line120
IPC_DIAG initial-deny passed
(node:204550) ExperimentalWarning: VM Modules is an experimental feature and might change at any time
(Use `node --trace-warnings ...` to show where the warning was created)
IPC_DIAG deadline passed
IPC_DIAG assertion revoke line169
IPC_DIAG revoke passed
✔ same-source matrix consumer inproc: ancestry, authority and live sibling independence (1305.841054ms)
ℹ {"consumerSHA256":"08d5ac0a053a0be9c317c179dd704e90fba78b9e8585244b4c3973e79b0e8f95","providerASHA256":"9746fbf0ad5898e51a35a6209e80d09aedbe2126817a97da831192fc9244449d","providerBSHA256":"a82f9788b6336be98163ce077838f99a7e2a60bad4c58fc78054f110a62a9179"}
IPC_DIAG finish a2605736676f7ad193203a4387a57bc1383a8bbefde27ec8c348ebaa24b0c114 c1 complete
IPC_DIAG finish 7ea19a8bbeb7ca0de1a7bd3c13b8b55773c00cd49d562261c5f2029fbdb21596 c1 complete
IPC_DIAG assertion initial-deny line120
IPC_DIAG finish a2605736676f7ad193203a4387a57bc1383a8bbefde27ec8c348ebaa24b0c114 c2 complete
IPC_DIAG initial-deny passed
IPC_DIAG finish a2605736676f7ad193203a4387a57bc1383a8bbefde27ec8c348ebaa24b0c114 c4 complete
IPC_DIAG finish 7ea19a8bbeb7ca0de1a7bd3c13b8b55773c00cd49d562261c5f2029fbdb21596 c2 complete
IPC_DIAG finish a2605736676f7ad193203a4387a57bc1383a8bbefde27ec8c348ebaa24b0c114 c3 complete
IPC_DIAG finish a2605736676f7ad193203a4387a57bc1383a8bbefde27ec8c348ebaa24b0c114 c7 complete
IPC_DIAG finish 7ea19a8bbeb7ca0de1a7bd3c13b8b55773c00cd49d562261c5f2029fbdb21596 c4 complete
IPC_DIAG finish a2605736676f7ad193203a4387a57bc1383a8bbefde27ec8c348ebaa24b0c114 c6 complete
IPC_DIAG finish 7ea19a8bbeb7ca0de1a7bd3c13b8b55773c00cd49d562261c5f2029fbdb21596 c3 complete
IPC_DIAG finish a2605736676f7ad193203a4387a57bc1383a8bbefde27ec8c348ebaa24b0c114 c5 complete
IPC_DIAG finish 7ea19a8bbeb7ca0de1a7bd3c13b8b55773c00cd49d562261c5f2029fbdb21596 c8 complete
IPC_DIAG finish a2605736676f7ad193203a4387a57bc1383a8bbefde27ec8c348ebaa24b0c114 c11 complete
IPC_DIAG finish 7ea19a8bbeb7ca0de1a7bd3c13b8b55773c00cd49d562261c5f2029fbdb21596 c7 complete
IPC_DIAG finish a2605736676f7ad193203a4387a57bc1383a8bbefde27ec8c348ebaa24b0c114 c10 complete
IPC_DIAG finish 7ea19a8bbeb7ca0de1a7bd3c13b8b55773c00cd49d562261c5f2029fbdb21596 c6 complete
IPC_DIAG finish a2605736676f7ad193203a4387a57bc1383a8bbefde27ec8c348ebaa24b0c114 c9 complete
IPC_DIAG finish 7ea19a8bbeb7ca0de1a7bd3c13b8b55773c00cd49d562261c5f2029fbdb21596 c5 complete
IPC_DIAG finish a2605736676f7ad193203a4387a57bc1383a8bbefde27ec8c348ebaa24b0c114 c8 complete
IPC_DIAG finish 7ea19a8bbeb7ca0de1a7bd3c13b8b55773c00cd49d562261c5f2029fbdb21596 c9 complete
IPC_DIAG finish 7ea19a8bbeb7ca0de1a7bd3c13b8b55773c00cd49d562261c5f2029fbdb21596 c10 complete
IPC_DIAG finish 7ea19a8bbeb7ca0de1a7bd3c13b8b55773c00cd49d562261c5f2029fbdb21596 c12 complete
IPC_DIAG finish a2605736676f7ad193203a4387a57bc1383a8bbefde27ec8c348ebaa24b0c114 c12 CANCELLED
IPC_DIAG finish 7ea19a8bbeb7ca0de1a7bd3c13b8b55773c00cd49d562261c5f2029fbdb21596 c11 CANCELLED
IPC_DIAG finish 7ea19a8bbeb7ca0de1a7bd3c13b8b55773c00cd49d562261c5f2029fbdb21596 c13 complete
IPC_DIAG finish 7ea19a8bbeb7ca0de1a7bd3c13b8b55773c00cd49d562261c5f2029fbdb21596 c14 complete
IPC_DIAG finish a2605736676f7ad193203a4387a57bc1383a8bbefde27ec8c348ebaa24b0c114 c13 DEADLINE_EXCEEDED
IPC_DIAG finish 7ea19a8bbeb7ca0de1a7bd3c13b8b55773c00cd49d562261c5f2029fbdb21596 c15 complete
IPC_DIAG deadline passed
IPC_DIAG finish 7ea19a8bbeb7ca0de1a7bd3c13b8b55773c00cd49d562261c5f2029fbdb21596 c16 complete
IPC_DIAG assertion revoke line169
IPC_DIAG finish 7ea19a8bbeb7ca0de1a7bd3c13b8b55773c00cd49d562261c5f2029fbdb21596 c17 complete
IPC_DIAG finish 7ea19a8bbeb7ca0de1a7bd3c13b8b55773c00cd49d562261c5f2029fbdb21596 c19 complete
IPC_DIAG finish 7ea19a8bbeb7ca0de1a7bd3c13b8b55773c00cd49d562261c5f2029fbdb21596 c18 CANCELLED
IPC_DIAG finish a2605736676f7ad193203a4387a57bc1383a8bbefde27ec8c348ebaa24b0c114 c14 complete
IPC_DIAG revoke passed
IPC_DIAG finish 7ea19a8bbeb7ca0de1a7bd3c13b8b55773c00cd49d562261c5f2029fbdb21596 c20 complete
IPC_DIAG finish a2605736676f7ad193203a4387a57bc1383a8bbefde27ec8c348ebaa24b0c114 c15 complete
IPC_DIAG finish a2605736676f7ad193203a4387a57bc1383a8bbefde27ec8c348ebaa24b0c114 c16 complete
IPC_DIAG finish a2605736676f7ad193203a4387a57bc1383a8bbefde27ec8c348ebaa24b0c114 c17 complete
IPC_DIAG fail org.alica.matrixprovidera Error
    at PhysicalSession.fail (file:///home/alica-dev/AlicaV2/packages/kernel/dist/g6/session.js:451:70)
    at file:///home/alica-dev/AlicaV2/packages/kernel/dist/g6/session.js:517:22
    at async HostIPC.shutdown (file:///home/alica-dev/AlicaV2/packages/kernel/dist/g6/host-adapter.js:232:13)
    at async file:///home/alica-dev/AlicaV2/packages/kernel/dist/index.js:1280:21
    at async consumer (file:///home/alica-dev/AlicaV2/tests/ipc/qualification-consumer.test.mjs:191:3)
    at async TestContext.<anonymous> (file:///home/alica-dev/AlicaV2/tests/ipc/qualification-consumer.test.mjs:213:7)
    at async Test.run (node:internal/test_runner/test:1409:7)
    at async Test.processPendingSubtests (node:internal/test_runner/test:974:7)
IPC_DIAG dead org.alica.matrixprovidera 1 null
IPC_DIAG finish 7ea19a8bbeb7ca0de1a7bd3c13b8b55773c00cd49d562261c5f2029fbdb21596 c21 complete
IPC_DIAG finish 7ea19a8bbeb7ca0de1a7bd3c13b8b55773c00cd49d562261c5f2029fbdb21596 c22 complete
IPC_DIAG finish 7ea19a8bbeb7ca0de1a7bd3c13b8b55773c00cd49d562261c5f2029fbdb21596 c23 complete
IPC_DIAG fail org.alica.matrixproviderb Error
    at PhysicalSession.fail (file:///home/alica-dev/AlicaV2/packages/kernel/dist/g6/session.js:451:70)
    at file:///home/alica-dev/AlicaV2/packages/kernel/dist/g6/session.js:517:22
    at async HostIPC.shutdown (file:///home/alica-dev/AlicaV2/packages/kernel/dist/g6/host-adapter.js:232:13)
    at async file:///home/alica-dev/AlicaV2/packages/kernel/dist/index.js:1280:21
    at async Host.closeScope (file:///home/alica-dev/AlicaV2/packages/kernel/dist/index.js:1342:21)
    at async Host.shutdown (file:///home/alica-dev/AlicaV2/packages/kernel/dist/index.js:1426:9)
    at async TestContext.stop (file:///home/alica-dev/AlicaV2/tools/g3-fixtures.mjs:218:5)
    at async TestHook.run (node:internal/test_runner/test:1409:7)
    at async Test.runHook (node:internal/test_runner/test:1289:9)
    at async after (node:internal/test_runner/test:1342:9)
IPC_DIAG dead org.alica.matrixproviderb 1 null
✔ same-source matrix consumer ipc: ancestry, authority and live sibling independence (4301.557324ms)
ℹ {"consumerSHA256":"08d5ac0a053a0be9c317c179dd704e90fba78b9e8585244b4c3973e79b0e8f95","providerASHA256":"9746fbf0ad5898e51a35a6209e80d09aedbe2126817a97da831192fc9244449d","providerBSHA256":"a82f9788b6336be98163ce077838f99a7e2a60bad4c58fc78054f110a62a9179"}
✔ observed exit returns the actual receipt, without timeout side effects (21.561346ms)
✔ unobserved reap rejects within a bound and does not release quarantine (22.14303ms)
✔ late exit cannot change the first rejected observation (10.72643ms)
✔ independent observation clocks do not inherit sibling timeout (30.893652ms)
IPC_DIAG finish aaaaaaaaaaaaaaaaaaaaaaaaaaaaaaaaaaaaaaaaaaaaaaaaaaaaaaaaaaaaaaaa r2 complete
IPC_DIAG finish aaaaaaaaaaaaaaaaaaaaaaaaaaaaaaaaaaaaaaaaaaaaaaaaaaaaaaaaaaaaaaaa r1 complete
IPC_DIAG finish aaaaaaaaaaaaaaaaaaaaaaaaaaaaaaaaaaaaaaaaaaaaaaaaaaaaaaaaaaaaaaaa r6 CANCELLED
IPC_DIAG finish aaaaaaaaaaaaaaaaaaaaaaaaaaaaaaaaaaaaaaaaaaaaaaaaaaaaaaaaaaaaaaaa r7 CANCELLED
IPC_DIAG finish aaaaaaaaaaaaaaaaaaaaaaaaaaaaaaaaaaaaaaaaaaaaaaaaaaaaaaaaaaaaaaaa r8 CANCELLED
IPC_DIAG finish aaaaaaaaaaaaaaaaaaaaaaaaaaaaaaaaaaaaaaaaaaaaaaaaaaaaaaaaaaaaaaaa r9 CANCELLED
IPC_DIAG finish aaaaaaaaaaaaaaaaaaaaaaaaaaaaaaaaaaaaaaaaaaaaaaaaaaaaaaaaaaaaaaaa r3 complete
IPC_DIAG finish aaaaaaaaaaaaaaaaaaaaaaaaaaaaaaaaaaaaaaaaaaaaaaaaaaaaaaaaaaaaaaaa r4 complete
IPC_DIAG finish aaaaaaaaaaaaaaaaaaaaaaaaaaaaaaaaaaaaaaaaaaaaaaaaaaaaaaaaaaaaaaaa r10 complete
IPC_DIAG finish aaaaaaaaaaaaaaaaaaaaaaaaaaaaaaaaaaaaaaaaaaaaaaaaaaaaaaaaaaaaaaaa r5 UNAVAILABLE
✔ ordinary overlap, FIFO roots and reserved nested/lifecycle admission (8.237445ms)
IPC_DIAG finish aaaaaaaaaaaaaaaaaaaaaaaaaaaaaaaaaaaaaaaaaaaaaaaaaaaaaaaaaaaaaaaa r5 DEADLINE_EXCEEDED
IPC_DIAG finish aaaaaaaaaaaaaaaaaaaaaaaaaaaaaaaaaaaaaaaaaaaaaaaaaaaaaaaaaaaaaaaa r1 UNAVAILABLE
IPC_DIAG finish aaaaaaaaaaaaaaaaaaaaaaaaaaaaaaaaaaaaaaaaaaaaaaaaaaaaaaaaaaaaaaaa r2 UNAVAILABLE
IPC_DIAG finish aaaaaaaaaaaaaaaaaaaaaaaaaaaaaaaaaaaaaaaaaaaaaaaaaaaaaaaaaaaaaaaa r3 UNAVAILABLE
IPC_DIAG finish aaaaaaaaaaaaaaaaaaaaaaaaaaaaaaaaaaaaaaaaaaaaaaaaaaaaaaaaaaaaaaaa r4 UNAVAILABLE
✔ actual queued timeout retains original clock and never dispatches (21.960948ms)
IPC_DIAG finish aaaaaaaaaaaaaaaaaaaaaaaaaaaaaaaaaaaaaaaaaaaaaaaaaaaaaaaaaaaaaaaa r5 DEADLINE_EXCEEDED
IPC_DIAG finish aaaaaaaaaaaaaaaaaaaaaaaaaaaaaaaaaaaaaaaaaaaaaaaaaaaaaaaaaaaaaaaa c1 complete
IPC_DIAG finish aaaaaaaaaaaaaaaaaaaaaaaaaaaaaaaaaaaaaaaaaaaaaaaaaaaaaaaaaaaaaaaa r1 UNAVAILABLE
IPC_DIAG finish aaaaaaaaaaaaaaaaaaaaaaaaaaaaaaaaaaaaaaaaaaaaaaaaaaaaaaaaaaaaaaaa r2 UNAVAILABLE
IPC_DIAG finish aaaaaaaaaaaaaaaaaaaaaaaaaaaaaaaaaaaaaaaaaaaaaaaaaaaaaaaaaaaaaaaa r3 UNAVAILABLE
IPC_DIAG finish aaaaaaaaaaaaaaaaaaaaaaaaaaaaaaaaaaaaaaaaaaaaaaaaaaaaaaaaaaaaaaaa r4 UNAVAILABLE
✔ selected absolute cleanup deadline caps queue, offer and nested handover (32.090334ms)
IPC_DIAG finish aaaaaaaaaaaaaaaaaaaaaaaaaaaaaaaaaaaaaaaaaaaaaaaaaaaaaaaaaaaaaaaa r5 DEADLINE_EXCEEDED
IPC_DIAG finish aaaaaaaaaaaaaaaaaaaaaaaaaaaaaaaaaaaaaaaaaaaaaaaaaaaaaaaaaaaaaaaa r6 DEADLINE_EXCEEDED
IPC_DIAG finish aaaaaaaaaaaaaaaaaaaaaaaaaaaaaaaaaaaaaaaaaaaaaaaaaaaaaaaaaaaaaaaa r7 DEADLINE_EXCEEDED
IPC_DIAG finish aaaaaaaaaaaaaaaaaaaaaaaaaaaaaaaaaaaaaaaaaaaaaaaaaaaaaaaaaaaaaaaa r8 DEADLINE_EXCEEDED
IPC_DIAG finish aaaaaaaaaaaaaaaaaaaaaaaaaaaaaaaaaaaaaaaaaaaaaaaaaaaaaaaaaaaaaaaa r9 DEADLINE_EXCEEDED
IPC_DIAG finish aaaaaaaaaaaaaaaaaaaaaaaaaaaaaaaaaaaaaaaaaaaaaaaaaaaaaaaaaaaaaaaa r10 DEADLINE_EXCEEDED
IPC_DIAG finish aaaaaaaaaaaaaaaaaaaaaaaaaaaaaaaaaaaaaaaaaaaaaaaaaaaaaaaaaaaaaaaa r11 DEADLINE_EXCEEDED
IPC_DIAG finish aaaaaaaaaaaaaaaaaaaaaaaaaaaaaaaaaaaaaaaaaaaaaaaaaaaaaaaaaaaaaaaa r12 DEADLINE_EXCEEDED
IPC_DIAG finish aaaaaaaaaaaaaaaaaaaaaaaaaaaaaaaaaaaaaaaaaaaaaaaaaaaaaaaaaaaaaaaa r13 DEADLINE_EXCEEDED
IPC_DIAG finish aaaaaaaaaaaaaaaaaaaaaaaaaaaaaaaaaaaaaaaaaaaaaaaaaaaaaaaaaaaaaaaa r14 DEADLINE_EXCEEDED
IPC_DIAG finish aaaaaaaaaaaaaaaaaaaaaaaaaaaaaaaaaaaaaaaaaaaaaaaaaaaaaaaaaaaaaaaa r15 DEADLINE_EXCEEDED
IPC_DIAG finish aaaaaaaaaaaaaaaaaaaaaaaaaaaaaaaaaaaaaaaaaaaaaaaaaaaaaaaaaaaaaaaa r16 DEADLINE_EXCEEDED
IPC_DIAG finish aaaaaaaaaaaaaaaaaaaaaaaaaaaaaaaaaaaaaaaaaaaaaaaaaaaaaaaaaaaaaaaa r17 DEADLINE_EXCEEDED
IPC_DIAG finish aaaaaaaaaaaaaaaaaaaaaaaaaaaaaaaaaaaaaaaaaaaaaaaaaaaaaaaaaaaaaaaa r18 DEADLINE_EXCEEDED
IPC_DIAG finish aaaaaaaaaaaaaaaaaaaaaaaaaaaaaaaaaaaaaaaaaaaaaaaaaaaaaaaaaaaaaaaa r19 DEADLINE_EXCEEDED
IPC_DIAG finish aaaaaaaaaaaaaaaaaaaaaaaaaaaaaaaaaaaaaaaaaaaaaaaaaaaaaaaaaaaaaaaa r20 DEADLINE_EXCEEDED
IPC_DIAG finish aaaaaaaaaaaaaaaaaaaaaaaaaaaaaaaaaaaaaaaaaaaaaaaaaaaaaaaaaaaaaaaa r21 DEADLINE_EXCEEDED
IPC_DIAG finish aaaaaaaaaaaaaaaaaaaaaaaaaaaaaaaaaaaaaaaaaaaaaaaaaaaaaaaaaaaaaaaa r22 DEADLINE_EXCEEDED
IPC_DIAG finish aaaaaaaaaaaaaaaaaaaaaaaaaaaaaaaaaaaaaaaaaaaaaaaaaaaaaaaaaaaaaaaa r23 DEADLINE_EXCEEDED
IPC_DIAG finish aaaaaaaaaaaaaaaaaaaaaaaaaaaaaaaaaaaaaaaaaaaaaaaaaaaaaaaaaaaaaaaa r24 DEADLINE_EXCEEDED
IPC_DIAG finish aaaaaaaaaaaaaaaaaaaaaaaaaaaaaaaaaaaaaaaaaaaaaaaaaaaaaaaaaaaaaaaa r25 DEADLINE_EXCEEDED
IPC_DIAG finish aaaaaaaaaaaaaaaaaaaaaaaaaaaaaaaaaaaaaaaaaaaaaaaaaaaaaaaaaaaaaaaa r26 DEADLINE_EXCEEDED
IPC_DIAG finish aaaaaaaaaaaaaaaaaaaaaaaaaaaaaaaaaaaaaaaaaaaaaaaaaaaaaaaaaaaaaaaa r27 DEADLINE_EXCEEDED
IPC_DIAG finish aaaaaaaaaaaaaaaaaaaaaaaaaaaaaaaaaaaaaaaaaaaaaaaaaaaaaaaaaaaaaaaa r28 DEADLINE_EXCEEDED
IPC_DIAG finish aaaaaaaaaaaaaaaaaaaaaaaaaaaaaaaaaaaaaaaaaaaaaaaaaaaaaaaaaaaaaaaa r1 complete
IPC_DIAG finish aaaaaaaaaaaaaaaaaaaaaaaaaaaaaaaaaaaaaaaaaaaaaaaaaaaaaaaaaaaaaaaa r2 complete
IPC_DIAG finish aaaaaaaaaaaaaaaaaaaaaaaaaaaaaaaaaaaaaaaaaaaaaaaaaaaaaaaaaaaaaaaa r3 complete
IPC_DIAG finish aaaaaaaaaaaaaaaaaaaaaaaaaaaaaaaaaaaaaaaaaaaaaaaaaaaaaaaaaaaaaaaa r4 complete
IPC_DIAG finish aaaaaaaaaaaaaaaaaaaaaaaaaaaaaaaaaaaaaaaaaaaaaaaaaaaaaaaaaaaaaaaa r1 PERMISSION_DENIED
IPC_DIAG finish bbbbbbbbbbbbbbbbbbbbbbbbbbbbbbbbbbbbbbbbbbbbbbbbbbbbbbbbbbbbbbbb r1 PERMISSION_DENIED
IPC_DIAG finish aaaaaaaaaaaaaaaaaaaaaaaaaaaaaaaaaaaaaaaaaaaaaaaaaaaaaaaaaaaaaaaa r3 PERMISSION_DENIED
IPC_DIAG finish aaaaaaaaaaaaaaaaaaaaaaaaaaaaaaaaaaaaaaaaaaaaaaaaaaaaaaaaaaaaaaaa r2 UNAVAILABLE
IPC_DIAG finish aaaaaaaaaaaaaaaaaaaaaaaaaaaaaaaaaaaaaaaaaaaaaaaaaaaaaaaaaaaaaaaa r1 UNAVAILABLE
IPC_DIAG finish bbbbbbbbbbbbbbbbbbbbbbbbbbbbbbbbbbbbbbbbbbbbbbbbbbbbbbbbbbbbbbbb r1 UNAVAILABLE
IPC_DIAG finish aaaaaaaaaaaaaaaaaaaaaaaaaaaaaaaaaaaaaaaaaaaaaaaaaaaaaaaaaaaaaaaa r2 UNAVAILABLE
IPC_DIAG finish bbbbbbbbbbbbbbbbbbbbbbbbbbbbbbbbbbbbbbbbbbbbbbbbbbbbbbbbbbbbbbbb r2 UNAVAILABLE
IPC_DIAG finish aaaaaaaaaaaaaaaaaaaaaaaaaaaaaaaaaaaaaaaaaaaaaaaaaaaaaaaaaaaaaaaa r3 UNAVAILABLE
IPC_DIAG finish bbbbbbbbbbbbbbbbbbbbbbbbbbbbbbbbbbbbbbbbbbbbbbbbbbbbbbbbbbbbbbbb r3 UNAVAILABLE
IPC_DIAG finish aaaaaaaaaaaaaaaaaaaaaaaaaaaaaaaaaaaaaaaaaaaaaaaaaaaaaaaaaaaaaaaa r4 UNAVAILABLE
IPC_DIAG finish bbbbbbbbbbbbbbbbbbbbbbbbbbbbbbbbbbbbbbbbbbbbbbbbbbbbbbbbbbbbbbbb r4 UNAVAILABLE
IPC_DIAG finish aaaaaaaaaaaaaaaaaaaaaaaaaaaaaaaaaaaaaaaaaaaaaaaaaaaaaaaaaaaaaaaa c1 DEADLINE_EXCEEDED
IPC_DIAG finish aaaaaaaaaaaaaaaaaaaaaaaaaaaaaaaaaaaaaaaaaaaaaaaaaaaaaaaaaaaaaaaa c1 CANCELLED
✔ fractional scheduler timers never reject queued work before the selected end (232.075828ms)
✔ A to B to A ancestry succeeds; parent cancellation does not affect sibling (1.736218ms)
✔ depth eight succeeds, nine rejects immediately (1.033074ms)
✔ expired unconsumed offer retains slot/bytes; foreign ACK cannot release it (0.80243ms)
IPC_DIAG finish aaaaaaaaaaaaaaaaaaaaaaaaaaaaaaaaaaaaaaaaaaaaaaaaaaaaaaaaaaaaaaaa r1 complete
IPC_DIAG finish aaaaaaaaaaaaaaaaaaaaaaaaaaaaaaaaaaaaaaaaaaaaaaaaaaaaaaaaaaaaaaaa r5 PERMISSION_DENIED
IPC_DIAG finish aaaaaaaaaaaaaaaaaaaaaaaaaaaaaaaaaaaaaaaaaaaaaaaaaaaaaaaaaaaaaaaa r2 UNAVAILABLE
IPC_DIAG finish aaaaaaaaaaaaaaaaaaaaaaaaaaaaaaaaaaaaaaaaaaaaaaaaaaaaaaaaaaaaaaaa r3 UNAVAILABLE
IPC_DIAG finish aaaaaaaaaaaaaaaaaaaaaaaaaaaaaaaaaaaaaaaaaaaaaaaaaaaaaaaaaaaaaaaa r4 UNAVAILABLE
IPC_DIAG finish aaaaaaaaaaaaaaaaaaaaaaaaaaaaaaaaaaaaaaaaaaaaaaaaaaaaaaaaaaaaaaaa r6 UNAVAILABLE
✔ hard offer expiry quarantines until physical reap, not logical failure (1100.583156ms)
✔ queued authorization is rechecked; rejected head cannot block following work (1.309124ms)
✔ pre-abort and shared byte exhaustion leave no partial admission (0.715638ms)
(node:204616) ExperimentalWarning: VM Modules is an experimental feature and might change at any time
(Use `node --trace-warnings ...` to show where the warning was created)
✔ overlapping inline cleanup preserves sibling causality: inproc (314.166077ms)
✔ child-context log retains child scope: inproc (144.880609ms)
✔ zero-cleanup acquisition rechecks closed child scope: inproc (187.11653ms)
IPC_DIAG finish 072316798621a34d623f63952f3d76c227c03eefaedc102290f1c8d8c698ff31 c1 complete
IPC_DIAG finish 072316798621a34d623f63952f3d76c227c03eefaedc102290f1c8d8c698ff31 c3 complete
IPC_DIAG finish 072316798621a34d623f63952f3d76c227c03eefaedc102290f1c8d8c698ff31 c5 complete
IPC_DIAG finish 072316798621a34d623f63952f3d76c227c03eefaedc102290f1c8d8c698ff31 c4 complete
IPC_DIAG finish 072316798621a34d623f63952f3d76c227c03eefaedc102290f1c8d8c698ff31 c2 complete
IPC_DIAG finish 072316798621a34d623f63952f3d76c227c03eefaedc102290f1c8d8c698ff31 c6 complete
IPC_DIAG finish 072316798621a34d623f63952f3d76c227c03eefaedc102290f1c8d8c698ff31 c7 complete
IPC_DIAG fail org.alica.scopeprovider Error
    at PhysicalSession.fail (file:///home/alica-dev/AlicaV2/packages/kernel/dist/g6/session.js:451:70)
    at file:///home/alica-dev/AlicaV2/packages/kernel/dist/g6/session.js:517:22
    at async HostIPC.shutdown (file:///home/alica-dev/AlicaV2/packages/kernel/dist/g6/host-adapter.js:232:13)
    at async file:///home/alica-dev/AlicaV2/packages/kernel/dist/index.js:1280:21
    at async TestContext.<anonymous> (file:///home/alica-dev/AlicaV2/tests/ipc/scope-completion.test.mjs:119:22)
    at async Test.run (node:internal/test_runner/test:1409:7)
    at async Test.processPendingSubtests (node:internal/test_runner/test:974:7)
IPC_DIAG dead org.alica.scopeprovider 1 null
✔ overlapping inline cleanup preserves sibling causality: ipc (1127.173989ms)
IPC_DIAG finish 19edb29fa0d25a65b78e08bf77332e6169f3db6e3ea3fb43f29d5f6474f49d40 c1 complete
IPC_DIAG finish 19edb29fa0d25a65b78e08bf77332e6169f3db6e3ea3fb43f29d5f6474f49d40 c2 complete
IPC_DIAG finish 19edb29fa0d25a65b78e08bf77332e6169f3db6e3ea3fb43f29d5f6474f49d40 c3 complete
IPC_DIAG finish 19edb29fa0d25a65b78e08bf77332e6169f3db6e3ea3fb43f29d5f6474f49d40 c4 complete
IPC_DIAG finish 19edb29fa0d25a65b78e08bf77332e6169f3db6e3ea3fb43f29d5f6474f49d40 c5 complete
IPC_DIAG fail org.alica.scopeprovider Error
    at PhysicalSession.fail (file:///home/alica-dev/AlicaV2/packages/kernel/dist/g6/session.js:451:70)
    at file:///home/alica-dev/AlicaV2/packages/kernel/dist/g6/session.js:517:22
    at async HostIPC.shutdown (file:///home/alica-dev/AlicaV2/packages/kernel/dist/g6/host-adapter.js:232:13)
    at async file:///home/alica-dev/AlicaV2/packages/kernel/dist/index.js:1280:21
    at async Host.closeScope (file:///home/alica-dev/AlicaV2/packages/kernel/dist/index.js:1342:21)
    at async Host.shutdown (file:///home/alica-dev/AlicaV2/packages/kernel/dist/index.js:1426:9)
    at async TestContext.stop (file:///home/alica-dev/AlicaV2/tools/g3-fixtures.mjs:218:5)
    at async TestHook.run (node:internal/test_runner/test:1409:7)
    at async Test.runHook (node:internal/test_runner/test:1289:9)
    at async after (node:internal/test_runner/test:1342:9)
IPC_DIAG dead org.alica.scopeprovider 1 null
✔ child-context log retains child scope: ipc (807.280722ms)
IPC_DIAG finish f7cf328342ee82257c15a5c453f536a4543288636289044f5bba2439ffd0df7c c1 complete
IPC_DIAG finish f7cf328342ee82257c15a5c453f536a4543288636289044f5bba2439ffd0df7c c2 complete
IPC_DIAG finish f7cf328342ee82257c15a5c453f536a4543288636289044f5bba2439ffd0df7c c4 complete
IPC_DIAG finish f7cf328342ee82257c15a5c453f536a4543288636289044f5bba2439ffd0df7c c5 complete
IPC_DIAG finish f7cf328342ee82257c15a5c453f536a4543288636289044f5bba2439ffd0df7c c6 complete
IPC_DIAG finish f7cf328342ee82257c15a5c453f536a4543288636289044f5bba2439ffd0df7c c3 complete
IPC_DIAG finish f7cf328342ee82257c15a5c453f536a4543288636289044f5bba2439ffd0df7c c7 complete
IPC_DIAG finish f7cf328342ee82257c15a5c453f536a4543288636289044f5bba2439ffd0df7c c8 complete
IPC_DIAG finish f7cf328342ee82257c15a5c453f536a4543288636289044f5bba2439ffd0df7c c9 complete
IPC_DIAG fail org.alica.scopeprovider Error
    at PhysicalSession.fail (file:///home/alica-dev/AlicaV2/packages/kernel/dist/g6/session.js:451:70)
    at file:///home/alica-dev/AlicaV2/packages/kernel/dist/g6/session.js:517:22
    at async HostIPC.shutdown (file:///home/alica-dev/AlicaV2/packages/kernel/dist/g6/host-adapter.js:232:13)
    at async file:///home/alica-dev/AlicaV2/packages/kernel/dist/index.js:1280:21
    at async Host.closeScope (file:///home/alica-dev/AlicaV2/packages/kernel/dist/index.js:1342:21)
    at async Host.shutdown (file:///home/alica-dev/AlicaV2/packages/kernel/dist/index.js:1426:9)
    at async TestContext.stop (file:///home/alica-dev/AlicaV2/tools/g3-fixtures.mjs:218:5)
    at async TestHook.run (node:internal/test_runner/test:1409:7)
    at async Test.runHook (node:internal/test_runner/test:1289:9)
    at async after (node:internal/test_runner/test:1342:9)
IPC_DIAG dead org.alica.scopeprovider 1 null
✔ zero-cleanup acquisition rechecks closed child scope: ipc (1043.967388ms)
IPC_DIAG finish d3dd8484c62dfd1b5bef77ace80050aa2a4bff361d7fce63e7996871b22be742 c1 complete
(node:204649) ExperimentalWarning: VM Modules is an experimental feature and might change at any time
(Use `node --trace-warnings ...` to show where the warning was created)
IPC_DIAG finish d3dd8484c62dfd1b5bef77ace80050aa2a4bff361d7fce63e7996871b22be742 c2 complete
IPC_DIAG finish d3dd8484c62dfd1b5bef77ace80050aa2a4bff361d7fce63e7996871b22be742 c3 complete
IPC_DIAG finish d3dd8484c62dfd1b5bef77ace80050aa2a4bff361d7fce63e7996871b22be742 c4 complete
IPC_DIAG finish d3dd8484c62dfd1b5bef77ace80050aa2a4bff361d7fce63e7996871b22be742 c5 complete
IPC_DIAG fail org.alica.correctionprovider Error
    at PhysicalSession.fail (file:///home/alica-dev/AlicaV2/packages/kernel/dist/g6/session.js:451:70)
    at file:///home/alica-dev/AlicaV2/packages/kernel/dist/g6/session.js:517:22
    at async HostIPC.shutdown (file:///home/alica-dev/AlicaV2/packages/kernel/dist/g6/host-adapter.js:232:13)
    at async file:///home/alica-dev/AlicaV2/packages/kernel/dist/index.js:1280:21
    at async dispose (file:///home/alica-dev/AlicaV2/tests/ipc/scope-correction.test.mjs:209:18)
    at async TestContext.<anonymous> (file:///home/alica-dev/AlicaV2/tests/ipc/scope-correction.test.mjs:239:5)
    at async Test.run (node:internal/test_runner/test:1409:7)
    at async startSubtestAfterBootstrap (node:internal/test_runner/harness:387:3)
IPC_DIAG dead org.alica.correctionprovider 1 null
✔ scope-check is read-only even with the real Host effect budget exhausted (1220.722627ms)
IPC_DIAG finish 4c3584611eed4918ca4a0252634efb6bb186b8fb9c131bb4fcca8980fd4ba94f c1 complete
IPC_DIAG finish 4c3584611eed4918ca4a0252634efb6bb186b8fb9c131bb4fcca8980fd4ba94f c2 complete
IPC_DIAG finish 4c3584611eed4918ca4a0252634efb6bb186b8fb9c131bb4fcca8980fd4ba94f c4 complete
IPC_DIAG finish 4c3584611eed4918ca4a0252634efb6bb186b8fb9c131bb4fcca8980fd4ba94f c5 complete
IPC_DIAG finish 4c3584611eed4918ca4a0252634efb6bb186b8fb9c131bb4fcca8980fd4ba94f c6 complete
IPC_DIAG finish 4c3584611eed4918ca4a0252634efb6bb186b8fb9c131bb4fcca8980fd4ba94f c3 complete
IPC_DIAG finish 4c3584611eed4918ca4a0252634efb6bb186b8fb9c131bb4fcca8980fd4ba94f c7 complete
IPC_DIAG finish 4c3584611eed4918ca4a0252634efb6bb186b8fb9c131bb4fcca8980fd4ba94f c8 complete
IPC_DIAG finish 4c3584611eed4918ca4a0252634efb6bb186b8fb9c131bb4fcca8980fd4ba94f c9 complete
IPC_DIAG fail org.alica.correctionprovider Error
    at PhysicalSession.fail (file:///home/alica-dev/AlicaV2/packages/kernel/dist/g6/session.js:451:70)
    at file:///home/alica-dev/AlicaV2/packages/kernel/dist/g6/session.js:517:22
    at async HostIPC.shutdown (file:///home/alica-dev/AlicaV2/packages/kernel/dist/g6/host-adapter.js:232:13)
    at async file:///home/alica-dev/AlicaV2/packages/kernel/dist/index.js:1280:21
    at async dispose (file:///home/alica-dev/AlicaV2/tests/ipc/scope-correction.test.mjs:209:18)
    at async TestContext.<anonymous> (file:///home/alica-dev/AlicaV2/tests/ipc/scope-correction.test.mjs:280:5)
    at async Test.run (node:internal/test_runner/test:1409:7)
    at async Test.processPendingSubtests (node:internal/test_runner/test:974:7)
IPC_DIAG dead org.alica.correctionprovider 1 null
✔ live Host authority rejects stale/foreign scopes and replay without changing the held endpoint (994.253533ms)
IPC_DIAG finish ac7c61cc755339aaefbd1820f4f7bbe190dee85abff27da6cb596f8853c25d42 c1 complete
IPC_DIAG finish ac7c61cc755339aaefbd1820f4f7bbe190dee85abff27da6cb596f8853c25d42 c2 complete
IPC_DIAG finish ac7c61cc755339aaefbd1820f4f7bbe190dee85abff27da6cb596f8853c25d42 c3 complete
IPC_DIAG finish ac7c61cc755339aaefbd1820f4f7bbe190dee85abff27da6cb596f8853c25d42 c4 complete
IPC_DIAG finish ac7c61cc755339aaefbd1820f4f7bbe190dee85abff27da6cb596f8853c25d42 c5 complete
IPC_DIAG finish ac7c61cc755339aaefbd1820f4f7bbe190dee85abff27da6cb596f8853c25d42 c6 complete
IPC_DIAG finish ac7c61cc755339aaefbd1820f4f7bbe190dee85abff27da6cb596f8853c25d42 c7 complete
IPC_DIAG fail org.alica.correctionprovider Error
    at PhysicalSession.fail (file:///home/alica-dev/AlicaV2/packages/kernel/dist/g6/session.js:451:70)
    at file:///home/alica-dev/AlicaV2/packages/kernel/dist/g6/session.js:517:22
    at async HostIPC.shutdown (file:///home/alica-dev/AlicaV2/packages/kernel/dist/g6/host-adapter.js:232:13)
    at async file:///home/alica-dev/AlicaV2/packages/kernel/dist/index.js:1280:21
    at async dispose (file:///home/alica-dev/AlicaV2/tests/ipc/scope-correction.test.mjs:209:18)
    at async TestContext.<anonymous> (file:///home/alica-dev/AlicaV2/tests/ipc/scope-correction.test.mjs:295:5)
    at async Test.run (node:internal/test_runner/test:1409:7)
    at async Test.processPendingSubtests (node:internal/test_runner/test:974:7)
IPC_DIAG dead org.alica.correctionprovider 1 null
✔ closed-child preflight prevents acquisition without creating a resource (856.25193ms)
IPC_DIAG finish a7c94ec154172ffe530263bdb7e771d44ded7a2033b76149a00b9249b1546a5b c1 complete
IPC_DIAG finish a7c94ec154172ffe530263bdb7e771d44ded7a2033b76149a00b9249b1546a5b c2 complete
IPC_DIAG finish a7c94ec154172ffe530263bdb7e771d44ded7a2033b76149a00b9249b1546a5b c3 complete
IPC_DIAG finish a7c94ec154172ffe530263bdb7e771d44ded7a2033b76149a00b9249b1546a5b c5 complete
IPC_DIAG finish a7c94ec154172ffe530263bdb7e771d44ded7a2033b76149a00b9249b1546a5b c6 complete
IPC_DIAG finish a7c94ec154172ffe530263bdb7e771d44ded7a2033b76149a00b9249b1546a5b c7 complete
IPC_DIAG finish a7c94ec154172ffe530263bdb7e771d44ded7a2033b76149a00b9249b1546a5b c8 complete
IPC_DIAG finish a7c94ec154172ffe530263bdb7e771d44ded7a2033b76149a00b9249b1546a5b c9 complete
IPC_DIAG finish a7c94ec154172ffe530263bdb7e771d44ded7a2033b76149a00b9249b1546a5b c4 complete
IPC_DIAG finish a7c94ec154172ffe530263bdb7e771d44ded7a2033b76149a00b9249b1546a5b c10 complete
IPC_DIAG finish a7c94ec154172ffe530263bdb7e771d44ded7a2033b76149a00b9249b1546a5b c11 complete
IPC_DIAG finish a7c94ec154172ffe530263bdb7e771d44ded7a2033b76149a00b9249b1546a5b c12 complete
IPC_DIAG fail org.alica.correctionprovider Error
    at PhysicalSession.fail (file:///home/alica-dev/AlicaV2/packages/kernel/dist/g6/session.js:451:70)
    at file:///home/alica-dev/AlicaV2/packages/kernel/dist/g6/session.js:517:22
    at async HostIPC.shutdown (file:///home/alica-dev/AlicaV2/packages/kernel/dist/g6/host-adapter.js:232:13)
    at async file:///home/alica-dev/AlicaV2/packages/kernel/dist/index.js:1280:21
    at async dispose (file:///home/alica-dev/AlicaV2/tests/ipc/scope-correction.test.mjs:209:18)
    at async TestContext.<anonymous> (file:///home/alica-dev/AlicaV2/tests/ipc/scope-correction.test.mjs:324:5)
    at async Test.run (node:internal/test_runner/test:1409:7)
    at async Test.processPendingSubtests (node:internal/test_runner/test:974:7)
IPC_DIAG dead org.alica.correctionprovider 1 null
✔ completion rejection rolls back already scope-selected cleanup without redispatch (1027.33323ms)
IPC_DIAG finish 42ded979514a666ab49f4beebf81eb39fcd4f89c56bdf35176774cd8e53e4bc8 c1 complete
IPC_DIAG finish 42ded979514a666ab49f4beebf81eb39fcd4f89c56bdf35176774cd8e53e4bc8 c2 complete
IPC_DIAG finish 42ded979514a666ab49f4beebf81eb39fcd4f89c56bdf35176774cd8e53e4bc8 c4 complete
IPC_DIAG finish 42ded979514a666ab49f4beebf81eb39fcd4f89c56bdf35176774cd8e53e4bc8 c6 complete
IPC_DIAG finish 42ded979514a666ab49f4beebf81eb39fcd4f89c56bdf35176774cd8e53e4bc8 c5 complete
IPC_DIAG finish 42ded979514a666ab49f4beebf81eb39fcd4f89c56bdf35176774cd8e53e4bc8 c3 complete
IPC_DIAG finish 42ded979514a666ab49f4beebf81eb39fcd4f89c56bdf35176774cd8e53e4bc8 c7 complete
IPC_DIAG finish 42ded979514a666ab49f4beebf81eb39fcd4f89c56bdf35176774cd8e53e4bc8 c8 complete
IPC_DIAG fail org.alica.correctionprovider Error
    at PhysicalSession.fail (file:///home/alica-dev/AlicaV2/packages/kernel/dist/g6/session.js:451:70)
    at file:///home/alica-dev/AlicaV2/packages/kernel/dist/g6/session.js:517:22
    at async HostIPC.shutdown (file:///home/alica-dev/AlicaV2/packages/kernel/dist/g6/host-adapter.js:232:13)
    at async file:///home/alica-dev/AlicaV2/packages/kernel/dist/index.js:1280:21
    at async dispose (file:///home/alica-dev/AlicaV2/tests/ipc/scope-correction.test.mjs:209:18)
    at async TestContext.<anonymous> (file:///home/alica-dev/AlicaV2/tests/ipc/scope-correction.test.mjs:383:7)
    at async Test.run (node:internal/test_runner/test:1409:7)
    at async Test.processPendingSubtests (node:internal/test_runner/test:974:7)
IPC_DIAG dead org.alica.correctionprovider 1 null
✔ real simultaneous siblings cleanup uses distinct authenticated descriptors (1094.85647ms)
IPC_DIAG finish 473637d28de47f42561630a8019cfe8aa38f942080a3a33e8e285edf38dd6b02 c1 complete
IPC_DIAG finish 473637d28de47f42561630a8019cfe8aa38f942080a3a33e8e285edf38dd6b02 c2 complete
IPC_DIAG finish 473637d28de47f42561630a8019cfe8aa38f942080a3a33e8e285edf38dd6b02 c4 complete
IPC_DIAG finish 473637d28de47f42561630a8019cfe8aa38f942080a3a33e8e285edf38dd6b02 c7 complete
IPC_DIAG finish 473637d28de47f42561630a8019cfe8aa38f942080a3a33e8e285edf38dd6b02 c6 complete
IPC_DIAG finish 473637d28de47f42561630a8019cfe8aa38f942080a3a33e8e285edf38dd6b02 c5 complete
IPC_DIAG finish 473637d28de47f42561630a8019cfe8aa38f942080a3a33e8e285edf38dd6b02 c3 complete
IPC_DIAG finish 473637d28de47f42561630a8019cfe8aa38f942080a3a33e8e285edf38dd6b02 c8 complete
IPC_DIAG finish 473637d28de47f42561630a8019cfe8aa38f942080a3a33e8e285edf38dd6b02 c9 complete
IPC_DIAG fail org.alica.correctionprovider Error
    at PhysicalSession.fail (file:///home/alica-dev/AlicaV2/packages/kernel/dist/g6/session.js:451:70)
    at file:///home/alica-dev/AlicaV2/packages/kernel/dist/g6/session.js:517:22
    at async HostIPC.shutdown (file:///home/alica-dev/AlicaV2/packages/kernel/dist/g6/host-adapter.js:232:13)
    at async file:///home/alica-dev/AlicaV2/packages/kernel/dist/index.js:1280:21
    at async dispose (file:///home/alica-dev/AlicaV2/tests/ipc/scope-correction.test.mjs:209:18)
    at async TestContext.<anonymous> (file:///home/alica-dev/AlicaV2/tests/ipc/scope-correction.test.mjs:383:7)
    at async Test.run (node:internal/test_runner/test:1409:7)
    at async Test.processPendingSubtests (node:internal/test_runner/test:974:7)
IPC_DIAG dead org.alica.correctionprovider 1 null
✔ real simultaneous nested cleanup uses distinct authenticated descriptors (1160.502447ms)
IPC_DIAG finish 48a784fa4e72a705890432f5f8175eb1227f042b0145bd1bf7aa068fac4394c5 c1 complete
IPC_DIAG finish 48a784fa4e72a705890432f5f8175eb1227f042b0145bd1bf7aa068fac4394c5 c2 complete
IPC_DIAG finish 48a784fa4e72a705890432f5f8175eb1227f042b0145bd1bf7aa068fac4394c5 c4 complete
IPC_DIAG finish 48a784fa4e72a705890432f5f8175eb1227f042b0145bd1bf7aa068fac4394c5 c5 complete
IPC_DIAG finish 48a784fa4e72a705890432f5f8175eb1227f042b0145bd1bf7aa068fac4394c5 c7 complete
IPC_DIAG finish 48a784fa4e72a705890432f5f8175eb1227f042b0145bd1bf7aa068fac4394c5 c9 complete
IPC_DIAG finish 48a784fa4e72a705890432f5f8175eb1227f042b0145bd1bf7aa068fac4394c5 c10 complete
IPC_DIAG finish 48a784fa4e72a705890432f5f8175eb1227f042b0145bd1bf7aa068fac4394c5 c11 complete
IPC_DIAG finish 48a784fa4e72a705890432f5f8175eb1227f042b0145bd1bf7aa068fac4394c5 c6 complete
IPC_DIAG finish 48a784fa4e72a705890432f5f8175eb1227f042b0145bd1bf7aa068fac4394c5 c3 complete
IPC_DIAG finish 48a784fa4e72a705890432f5f8175eb1227f042b0145bd1bf7aa068fac4394c5 c12 complete
IPC_DIAG finish 48a784fa4e72a705890432f5f8175eb1227f042b0145bd1bf7aa068fac4394c5 c8 complete
IPC_DIAG finish 48a784fa4e72a705890432f5f8175eb1227f042b0145bd1bf7aa068fac4394c5 c13 complete
IPC_DIAG finish 48a784fa4e72a705890432f5f8175eb1227f042b0145bd1bf7aa068fac4394c5 c14 complete
IPC_DIAG fail org.alica.correctionprovider Error
    at PhysicalSession.fail (file:///home/alica-dev/AlicaV2/packages/kernel/dist/g6/session.js:451:70)
    at file:///home/alica-dev/AlicaV2/packages/kernel/dist/g6/session.js:517:22
    at async HostIPC.shutdown (file:///home/alica-dev/AlicaV2/packages/kernel/dist/g6/host-adapter.js:232:13)
    at async file:///home/alica-dev/AlicaV2/packages/kernel/dist/index.js:1280:21
    at async dispose (file:///home/alica-dev/AlicaV2/tests/ipc/scope-correction.test.mjs:209:18)
    at async TestContext.<anonymous> (file:///home/alica-dev/AlicaV2/tests/ipc/scope-correction.test.mjs:413:5)
    at async Test.run (node:internal/test_runner/test:1409:7)
    at async Test.processPendingSubtests (node:internal/test_runner/test:974:7)
IPC_DIAG dead org.alica.correctionprovider 1 null
✔ first-selected cleanup coalesces releases from another actual live endpoint (1097.623458ms)
IPC_DIAG finish fe29e158ff25f20eb6d343f4e78c34e52ebf47564f5c2efbe1f3b7e049206647 c1 complete
IPC_DIAG finish fe29e158ff25f20eb6d343f4e78c34e52ebf47564f5c2efbe1f3b7e049206647 c2 complete
IPC_DIAG finish fe29e158ff25f20eb6d343f4e78c34e52ebf47564f5c2efbe1f3b7e049206647 c7 complete
IPC_DIAG finish fe29e158ff25f20eb6d343f4e78c34e52ebf47564f5c2efbe1f3b7e049206647 c8 complete
IPC_DIAG finish fe29e158ff25f20eb6d343f4e78c34e52ebf47564f5c2efbe1f3b7e049206647 c9 complete
IPC_DIAG finish fe29e158ff25f20eb6d343f4e78c34e52ebf47564f5c2efbe1f3b7e049206647 c10 complete
IPC_DIAG finish fe29e158ff25f20eb6d343f4e78c34e52ebf47564f5c2efbe1f3b7e049206647 c3 complete
IPC_DIAG finish fe29e158ff25f20eb6d343f4e78c34e52ebf47564f5c2efbe1f3b7e049206647 c4 complete
IPC_DIAG finish fe29e158ff25f20eb6d343f4e78c34e52ebf47564f5c2efbe1f3b7e049206647 c5 complete
IPC_DIAG finish fe29e158ff25f20eb6d343f4e78c34e52ebf47564f5c2efbe1f3b7e049206647 c6 complete
IPC_DIAG finish fe29e158ff25f20eb6d343f4e78c34e52ebf47564f5c2efbe1f3b7e049206647 c11 complete
IPC_DIAG finish fe29e158ff25f20eb6d343f4e78c34e52ebf47564f5c2efbe1f3b7e049206647 c12 complete
IPC_DIAG finish fe29e158ff25f20eb6d343f4e78c34e52ebf47564f5c2efbe1f3b7e049206647 c13 complete
IPC_DIAG fail org.alica.correctionprovider Error
    at PhysicalSession.fail (file:///home/alica-dev/AlicaV2/packages/kernel/dist/g6/session.js:451:70)
    at file:///home/alica-dev/AlicaV2/packages/kernel/dist/g6/session.js:517:22
    at async HostIPC.shutdown (file:///home/alica-dev/AlicaV2/packages/kernel/dist/g6/host-adapter.js:232:13)
    at async file:///home/alica-dev/AlicaV2/packages/kernel/dist/index.js:1280:21
    at async dispose (file:///home/alica-dev/AlicaV2/tests/ipc/scope-correction.test.mjs:209:18)
    at async TestContext.<anonymous> (file:///home/alica-dev/AlicaV2/tests/ipc/scope-correction.test.mjs:444:5)
    at async Test.run (node:internal/test_runner/test:1409:7)
    at async Test.processPendingSubtests (node:internal/test_runner/test:974:7)
IPC_DIAG dead org.alica.correctionprovider 1 null
✔ bounded cleanup capacity fails before descriptor dispatch and leaves no reservation (1165.847038ms)
IPC_DIAG finish 994651d59cb69bc95d9d96111c5f08c09698ddb515fdd71dae125b44ecd34429 c1 complete
IPC_DIAG finish 994651d59cb69bc95d9d96111c5f08c09698ddb515fdd71dae125b44ecd34429 c2 complete
IPC_DIAG finish 994651d59cb69bc95d9d96111c5f08c09698ddb515fdd71dae125b44ecd34429 c4 complete
IPC_DIAG finish 994651d59cb69bc95d9d96111c5f08c09698ddb515fdd71dae125b44ecd34429 c6 complete
IPC_DIAG finish 994651d59cb69bc95d9d96111c5f08c09698ddb515fdd71dae125b44ecd34429 c7 complete
IPC_DIAG pump org.alica.correctionprovider PeerClosed [AcapError]: UNAVAILABLE
    at NativeStream.receive (file:///home/alica-dev/AlicaV2/packages/kernel/dist/g6/stream.js:119:23)
    at PhysicalSession.pump (file:///home/alica-dev/AlicaV2/packages/kernel/dist/g6/session.js:258:35)
    at Timeout._onTimeout (file:///home/alica-dev/AlicaV2/packages/kernel/dist/g6/session.js:207:26)
    at listOnTimeout (node:internal/timers:685:17)
    at process.processTimers (node:internal/timers:618:7) {
  code: 'UNAVAILABLE',
  correlationId: 'a1ad8c58-07d4-4130-be3e-21cd38e5049f',
  retryable: false
}
IPC_DIAG fail org.alica.correctionprovider Error
    at PhysicalSession.fail (file:///home/alica-dev/AlicaV2/packages/kernel/dist/g6/session.js:451:70)
    at Timeout._onTimeout (file:///home/alica-dev/AlicaV2/packages/kernel/dist/g6/session.js:211:26)
    at listOnTimeout (node:internal/timers:685:17)
    at process.processTimers (node:internal/timers:618:7)
IPC_DIAG finish 994651d59cb69bc95d9d96111c5f08c09698ddb515fdd71dae125b44ecd34429 c3 CANCELLED
IPC_DIAG finish 994651d59cb69bc95d9d96111c5f08c09698ddb515fdd71dae125b44ecd34429 c5 CANCELLED
IPC_DIAG dead org.alica.correctionprovider null SIGKILL
✔ real native worker rejects duplicate-cleanup on an already claimed cleanup descriptor (1364.804569ms)
IPC_DIAG finish 845dab1a77637669f0c52e26512c288adea6603835cc8bcc13d3e131ac5fabc9 c1 complete
IPC_DIAG finish 845dab1a77637669f0c52e26512c288adea6603835cc8bcc13d3e131ac5fabc9 c2 complete
IPC_DIAG finish 845dab1a77637669f0c52e26512c288adea6603835cc8bcc13d3e131ac5fabc9 c4 complete
IPC_DIAG finish 845dab1a77637669f0c52e26512c288adea6603835cc8bcc13d3e131ac5fabc9 c5 complete
IPC_DIAG finish 845dab1a77637669f0c52e26512c288adea6603835cc8bcc13d3e131ac5fabc9 c7 complete
IPC_DIAG pump org.alica.correctionprovider PeerClosed [AcapError]: UNAVAILABLE
    at NativeStream.receive (file:///home/alica-dev/AlicaV2/packages/kernel/dist/g6/stream.js:119:23)
    at PhysicalSession.pump (file:///home/alica-dev/AlicaV2/packages/kernel/dist/g6/session.js:275:43)
    at Timeout._onTimeout (file:///home/alica-dev/AlicaV2/packages/kernel/dist/g6/session.js:207:26)
    at listOnTimeout (node:internal/timers:685:17)
    at process.processTimers (node:internal/timers:618:7) {
  code: 'UNAVAILABLE',
  correlationId: '80c95ca5-84f9-429f-bf8e-32e99a2b4959',
  retryable: false
}
IPC_DIAG fail org.alica.correctionprovider Error
    at PhysicalSession.fail (file:///home/alica-dev/AlicaV2/packages/kernel/dist/g6/session.js:451:70)
    at Timeout._onTimeout (file:///home/alica-dev/AlicaV2/packages/kernel/dist/g6/session.js:211:26)
    at listOnTimeout (node:internal/timers:685:17)
    at process.processTimers (node:internal/timers:618:7)
IPC_DIAG finish 845dab1a77637669f0c52e26512c288adea6603835cc8bcc13d3e131ac5fabc9 c3 CANCELLED
IPC_DIAG finish 845dab1a77637669f0c52e26512c288adea6603835cc8bcc13d3e131ac5fabc9 c6 CANCELLED
IPC_DIAG dead org.alica.correctionprovider null SIGKILL
✔ real native worker rejects wrong-dispatch-role on an already claimed cleanup descriptor (1356.355205ms)
IPC_DIAG finish 1e7559e557e5aec854f7264faf7f1060ab8164391f1a4679971c4bc32373a361 c1 complete
IPC_DIAG finish 1e7559e557e5aec854f7264faf7f1060ab8164391f1a4679971c4bc32373a361 c2 complete
IPC_DIAG finish 1e7559e557e5aec854f7264faf7f1060ab8164391f1a4679971c4bc32373a361 c4 complete
IPC_DIAG finish 1e7559e557e5aec854f7264faf7f1060ab8164391f1a4679971c4bc32373a361 c5 complete
IPC_DIAG finish 1e7559e557e5aec854f7264faf7f1060ab8164391f1a4679971c4bc32373a361 c7 complete
IPC_DIAG finish 1e7559e557e5aec854f7264faf7f1060ab8164391f1a4679971c4bc32373a361 c9 complete
IPC_DIAG finish 1e7559e557e5aec854f7264faf7f1060ab8164391f1a4679971c4bc32373a361 c3 CANCELLED
IPC_DIAG finish 1e7559e557e5aec854f7264faf7f1060ab8164391f1a4679971c4bc32373a361 c6 CANCELLED
IPC_DIAG pump org.alica.correctionprovider PeerClosed [AcapError]: UNAVAILABLE
    at NativeStream.receive (file:///home/alica-dev/AlicaV2/packages/kernel/dist/g6/stream.js:119:23)
    at PhysicalSession.pump (file:///home/alica-dev/AlicaV2/packages/kernel/dist/g6/session.js:258:35)
    at Timeout._onTimeout (file:///home/alica-dev/AlicaV2/packages/kernel/dist/g6/session.js:207:26)
    at listOnTimeout (node:internal/timers:685:17)
    at process.processTimers (node:internal/timers:618:7) {
  code: 'UNAVAILABLE',
  correlationId: 'c9ae07aa-9120-4743-bd22-23d85d141d36',
  retryable: false
}
IPC_DIAG fail org.alica.correctionprovider Error
    at PhysicalSession.fail (file:///home/alica-dev/AlicaV2/packages/kernel/dist/g6/session.js:451:70)
    at Timeout._onTimeout (file:///home/alica-dev/AlicaV2/packages/kernel/dist/g6/session.js:211:26)
    at listOnTimeout (node:internal/timers:685:17)
    at process.processTimers (node:internal/timers:618:7)
IPC_DIAG finish 1e7559e557e5aec854f7264faf7f1060ab8164391f1a4679971c4bc32373a361 c8 CANCELLED
IPC_DIAG dead org.alica.correctionprovider null SIGKILL
✔ cancelling an unanswered effect-release closes descendants and fails the shared session (1415.687778ms)
IPC_DIAG finish 3914f7a19e97777eccabba09bb01fe5019236a55576af9ce89531c89b6879df2 c1 complete
IPC_DIAG finish 3914f7a19e97777eccabba09bb01fe5019236a55576af9ce89531c89b6879df2 c2 complete
IPC_DIAG finish 3914f7a19e97777eccabba09bb01fe5019236a55576af9ce89531c89b6879df2 c4 complete
IPC_DIAG finish 3914f7a19e97777eccabba09bb01fe5019236a55576af9ce89531c89b6879df2 c6 complete
IPC_DIAG finish 3914f7a19e97777eccabba09bb01fe5019236a55576af9ce89531c89b6879df2 c7 complete
IPC_DIAG finish 3914f7a19e97777eccabba09bb01fe5019236a55576af9ce89531c89b6879df2 c3 CANCELLED
IPC_DIAG finish 3914f7a19e97777eccabba09bb01fe5019236a55576af9ce89531c89b6879df2 c8 complete
IPC_DIAG finish 3914f7a19e97777eccabba09bb01fe5019236a55576af9ce89531c89b6879df2 c9 complete
IPC_DIAG finish 3914f7a19e97777eccabba09bb01fe5019236a55576af9ce89531c89b6879df2 c5 complete
IPC_DIAG finish 3914f7a19e97777eccabba09bb01fe5019236a55576af9ce89531c89b6879df2 c10 complete
IPC_DIAG finish 3914f7a19e97777eccabba09bb01fe5019236a55576af9ce89531c89b6879df2 c11 complete
IPC_DIAG fail org.alica.correctionprovider Error
    at PhysicalSession.fail (file:///home/alica-dev/AlicaV2/packages/kernel/dist/g6/session.js:451:70)
    at file:///home/alica-dev/AlicaV2/packages/kernel/dist/g6/session.js:517:22
    at async HostIPC.shutdown (file:///home/alica-dev/AlicaV2/packages/kernel/dist/g6/host-adapter.js:232:13)
    at async file:///home/alica-dev/AlicaV2/packages/kernel/dist/index.js:1280:21
    at async dispose (file:///home/alica-dev/AlicaV2/tests/ipc/scope-correction.test.mjs:209:18)
    at async TestContext.<anonymous> (file:///home/alica-dev/AlicaV2/tests/ipc/scope-correction.test.mjs:565:5)
    at async Test.run (node:internal/test_runner/test:1409:7)
    at async Test.processPendingSubtests (node:internal/test_runner/test:974:7)
IPC_DIAG dead org.alica.correctionprovider 1 null
✔ ordinary cancellation without an unanswered SDK mutation preserves unrelated work (1022.372805ms)
✔ minor2 closed scoped log: exact fields, integers, directions (9.337356ms)
✔ minor2 closed scoped scope-check: exact fields, integers, directions (2.370121ms)
✔ minor2 mandatory negotiation in hello (2.280844ms)
✔ minor2 mandatory negotiation in accepted (3.370544ms)
✔ cleanup can precede registration reply; binding remains one-to-one (2.817393ms)
✔ registration reply may precede cleanup; callback reuse/foreign binding fails (0.525589ms)
✔ completed effects remain charged; definite rejection releases only unbound reservation (0.43008ms)
✔ cleanup first error is cached, including throwing undefined (0.52094ms)
✔ cleanup deadline wins over late success and fails the physical session once (10.080895ms)
✔ registerCleanup returns void; synchronous rejection stops acquisition (0.980206ms)
✔ failed acquisition closes registration before reverse rollback awaits (0.618715ms)
✔ uncertain registration retains callback charge, fails session and never retries (0.378914ms)
✔ pending publication accepts zero/multiple but never substitutes ack (1.601554ms)
✔ wrong endpoint and wrong effect cannot settle pending operations (0.622793ms)
✔ RPC IDs are never reused across endpoints and retired replies remain endpoint-bound (0.547471ms)
✔ 64 pending requests shared across endpoints reject before send (2.686817ms)
✔ synchronous pending RPC pumps until actual reply, not a Promise surrogate (0.383512ms)
✔ broker registrations consume the same Host-owned lifetime effect ledger (0.673438ms)
IPC_DIAG finish 2dc78c70796351a335e9101248f72240b3aa704eb13d43d3e32c3d10954095f6 c1 complete
(node:204687) ExperimentalWarning: VM Modules is an experimental feature and might change at any time
(Use `node --trace-warnings ...` to show where the warning was created)
IPC_DIAG finish 2dc78c70796351a335e9101248f72240b3aa704eb13d43d3e32c3d10954095f6 c2 complete
IPC_DIAG finish 2dc78c70796351a335e9101248f72240b3aa704eb13d43d3e32c3d10954095f6 c3 complete
IPC_DIAG finish 2dc78c70796351a335e9101248f72240b3aa704eb13d43d3e32c3d10954095f6 c4 complete
IPC_DIAG finish 2dc78c70796351a335e9101248f72240b3aa704eb13d43d3e32c3d10954095f6 c5 complete
IPC_DIAG fail org.alica.sessionvictim Error
    at PhysicalSession.fail (file:///home/alica-dev/AlicaV2/packages/kernel/dist/g6/session.js:451:70)
    at file:///home/alica-dev/AlicaV2/packages/kernel/dist/g6/session.js:517:22
    at async HostIPC.shutdown (file:///home/alica-dev/AlicaV2/packages/kernel/dist/g6/host-adapter.js:232:13)
    at async file:///home/alica-dev/AlicaV2/packages/kernel/dist/index.js:1280:21
    at async Host.closeScope (file:///home/alica-dev/AlicaV2/packages/kernel/dist/index.js:1342:21)
    at async Host.shutdown (file:///home/alica-dev/AlicaV2/packages/kernel/dist/index.js:1426:9)
    at async TestContext.stop (file:///home/alica-dev/AlicaV2/tools/g3-fixtures.mjs:218:5)
    at async TestHook.run (node:internal/test_runner/test:1409:7)
    at async Test.runHook (node:internal/test_runner/test:1289:9)
    at async after (node:internal/test_runner/test:1342:9)
IPC_DIAG dead org.alica.sessionvictim 1 null
✔ real Host package admission rejects invalid signature, forged publisher and descriptor bytes without a launch (820.939903ms)
IPC_DIAG finish 0dcfbd1e911c51961e580ce1b44443ddcff815efe6707aa2d7c690274d6cf0c2 c1 complete
IPC_DIAG finish 0dcfbd1e911c51961e580ce1b44443ddcff815efe6707aa2d7c690274d6cf0c2 c2 complete
IPC_DIAG finish 0dcfbd1e911c51961e580ce1b44443ddcff815efe6707aa2d7c690274d6cf0c2 c3 complete
IPC_DIAG finish 0dcfbd1e911c51961e580ce1b44443ddcff815efe6707aa2d7c690274d6cf0c2 c4 complete
IPC_DIAG fail org.alica.sessionvictim Error
    at PhysicalSession.fail (file:///home/alica-dev/AlicaV2/packages/kernel/dist/g6/session.js:451:70)
    at file:///home/alica-dev/AlicaV2/packages/kernel/dist/index.js:970:35
    at async Host.closeScope (file:///home/alica-dev/AlicaV2/packages/kernel/dist/index.js:1347:33)
    at async Promise.all (index 1)
    at async TestContext.<anonymous> (file:///home/alica-dev/AlicaV2/tests/ipc/session-qualification.test.mjs:322:5)
    at async Test.run (node:internal/test_runner/test:1409:7)
    at async Test.processPendingSubtests (node:internal/test_runner/test:974:7)
IPC_DIAG dead org.alica.sessionvictim 1 null
✔ native queued cleanup keeps its selected deadline and never dispatches expired callback (1013.925672ms)
ℹ {"dispatched":[{"scope":"c33f317f-d1e6-49ae-b671-4aa8ed00bb3c","at":1871.548493,"remainingMs":983}],"identity":{"runtimeDigest":"sha256:7fde7b8afa198da66257f42ee2001d874c7355631e6d1579a5fb5ef1f246df4c","bridgeDigest":"sha256:7bb4d660d72986ad6feeb851100ce262d994db1034f2d6b41460bf578b533951","launcherDigest":"sha256:a493f78a308f49c23dd192ac8d501c727f37032794b988e6a695397ca57ee8e6","workerDigest":"sha256:773a0b091486adea4a6102b84975f582fa3358a3180cd016b0057904ac577c26"},"report":{"completedDisposers":2,"failedDisposers":["DEADLINE_EXCEEDED"],"restartRequired":true,"state":"FAILED","timedOutResources":1}}
IPC_DIAG finish 67fb00c66bd9da16cf72ef23c086a0f9a6663ecedcc762ef2041f8ac9889b2a1 c1 complete
IPC_DIAG finish 67fb00c66bd9da16cf72ef23c086a0f9a6663ecedcc762ef2041f8ac9889b2a1 c2 complete
IPC_DIAG pump org.alica.sessionvictim AcapError: UNAUTHENTICATED
    at fail (file:///home/alica-dev/AlicaV2/packages/acap-contracts/dist/validation.js:31:11)
    at check (file:///home/alica-dev/AlicaV2/packages/acap-contracts/dist/validation.js:35:9)
    at PhysicalSession.controlFrame (file:///home/alica-dev/AlicaV2/packages/kernel/dist/g6/session.js:334:13)
    at PhysicalSession.pump (file:///home/alica-dev/AlicaV2/packages/kernel/dist/g6/session.js:262:22)
    at Timeout._onTimeout (file:///home/alica-dev/AlicaV2/packages/kernel/dist/g6/session.js:207:26)
    at listOnTimeout (node:internal/timers:685:17)
    at process.processTimers (node:internal/timers:618:7) {
  code: 'UNAUTHENTICATED',
  correlationId: '0ca97b0f-da69-40c3-9190-96034b5601bc',
  retryable: false
}
IPC_DIAG fail org.alica.sessionvictim Error
    at PhysicalSession.fail (file:///home/alica-dev/AlicaV2/packages/kernel/dist/g6/session.js:451:70)
    at Timeout._onTimeout (file:///home/alica-dev/AlicaV2/packages/kernel/dist/g6/session.js:211:26)
    at listOnTimeout (node:internal/timers:685:17)
    at process.processTimers (node:internal/timers:618:7)
IPC_DIAG dead org.alica.sessionvictim 1 null
IPC_DIAG finish 67fb00c66bd9da16cf72ef23c086a0f9a6663ecedcc762ef2041f8ac9889b2a1 c3 complete
IPC_DIAG finish 67fb00c66bd9da16cf72ef23c086a0f9a6663ecedcc762ef2041f8ac9889b2a1 c4 complete
IPC_DIAG finish 67fb00c66bd9da16cf72ef23c086a0f9a6663ecedcc762ef2041f8ac9889b2a1 c5 complete
IPC_DIAG fail org.alica.sessionvictim Error
    at PhysicalSession.fail (file:///home/alica-dev/AlicaV2/packages/kernel/dist/g6/session.js:451:70)
    at file:///home/alica-dev/AlicaV2/packages/kernel/dist/g6/session.js:517:22
    at async HostIPC.shutdown (file:///home/alica-dev/AlicaV2/packages/kernel/dist/g6/host-adapter.js:232:13)
    at async file:///home/alica-dev/AlicaV2/packages/kernel/dist/index.js:1280:21
    at async Host.closeScope (file:///home/alica-dev/AlicaV2/packages/kernel/dist/index.js:1342:21)
    at async Host.shutdown (file:///home/alica-dev/AlicaV2/packages/kernel/dist/index.js:1426:9)
    at async TestContext.stop (file:///home/alica-dev/AlicaV2/tools/g3-fixtures.mjs:218:5)
    at async TestHook.run (node:internal/test_runner/test:1409:7)
    at async Test.runHook (node:internal/test_runner/test:1289:9)
    at async after (node:internal/test_runner/test:1342:9)
IPC_DIAG dead org.alica.sessionvictim 1 null
✔ real authenticated session rejects forged-name and preserves victim (1211.375052ms)
ℹ {"receipt":{"pid":204742,"code":1,"signal":null,"elapsedMs":484.773404},"victim":{"pid":204729,"rssKiB":70348,"childFDObservation":"not measured: production victim has no diagnostic dispatcher; required FD counts are measured on sealed qualification children","brokerFDs":25,"managed":3},"brokerAlive":204687}
IPC_DIAG finish f970fbc52cbc4b8edb6c0bedac3e531719ef30204a27fca78ec0b1d3d50a65cf c1 complete
IPC_DIAG finish f970fbc52cbc4b8edb6c0bedac3e531719ef30204a27fca78ec0b1d3d50a65cf c2 complete
IPC_DIAG pump org.alica.sessionvictim AcapError: UNAUTHENTICATED
    at fail (file:///home/alica-dev/AlicaV2/packages/acap-contracts/dist/validation.js:31:11)
    at check (file:///home/alica-dev/AlicaV2/packages/acap-contracts/dist/validation.js:35:9)
    at PhysicalSession.controlFrame (file:///home/alica-dev/AlicaV2/packages/kernel/dist/g6/session.js:334:13)
    at PhysicalSession.pump (file:///home/alica-dev/AlicaV2/packages/kernel/dist/g6/session.js:262:22)
    at Timeout._onTimeout (file:///home/alica-dev/AlicaV2/packages/kernel/dist/g6/session.js:207:26)
    at listOnTimeout (node:internal/timers:685:17)
    at process.processTimers (node:internal/timers:618:7) {
  code: 'UNAUTHENTICATED',
  correlationId: '73f39113-654e-42ff-b602-8eb5f51eb084',
  retryable: false
}
IPC_DIAG fail org.alica.sessionvictim Error
    at PhysicalSession.fail (file:///home/alica-dev/AlicaV2/packages/kernel/dist/g6/session.js:451:70)
    at Timeout._onTimeout (file:///home/alica-dev/AlicaV2/packages/kernel/dist/g6/session.js:211:26)
    at listOnTimeout (node:internal/timers:685:17)
    at process.processTimers (node:internal/timers:618:7)
IPC_DIAG dead org.alica.sessionvictim 1 null
IPC_DIAG finish f970fbc52cbc4b8edb6c0bedac3e531719ef30204a27fca78ec0b1d3d50a65cf c3 complete
IPC_DIAG finish f970fbc52cbc4b8edb6c0bedac3e531719ef30204a27fca78ec0b1d3d50a65cf c4 complete
IPC_DIAG finish f970fbc52cbc4b8edb6c0bedac3e531719ef30204a27fca78ec0b1d3d50a65cf c5 complete
IPC_DIAG fail org.alica.sessionvictim Error
    at PhysicalSession.fail (file:///home/alica-dev/AlicaV2/packages/kernel/dist/g6/session.js:451:70)
    at file:///home/alica-dev/AlicaV2/packages/kernel/dist/g6/session.js:517:22
    at async HostIPC.shutdown (file:///home/alica-dev/AlicaV2/packages/kernel/dist/g6/host-adapter.js:232:13)
    at async file:///home/alica-dev/AlicaV2/packages/kernel/dist/index.js:1280:21
    at async Host.closeScope (file:///home/alica-dev/AlicaV2/packages/kernel/dist/index.js:1342:21)
    at async Host.shutdown (file:///home/alica-dev/AlicaV2/packages/kernel/dist/index.js:1426:9)
    at async TestContext.stop (file:///home/alica-dev/AlicaV2/tools/g3-fixtures.mjs:218:5)
    at async TestHook.run (node:internal/test_runner/test:1409:7)
    at async Test.runHook (node:internal/test_runner/test:1289:9)
    at async after (node:internal/test_runner/test:1342:9)
IPC_DIAG dead org.alica.sessionvictim 1 null
✔ real authenticated session rejects forged-digest and preserves victim (1247.351532ms)
ℹ {"receipt":{"pid":204763,"code":1,"signal":null,"elapsedMs":492.39684300000044},"victim":{"pid":204749,"rssKiB":70792,"childFDObservation":"not measured: production victim has no diagnostic dispatcher; required FD counts are measured on sealed qualification children","brokerFDs":25,"managed":3},"brokerAlive":204687}
IPC_DIAG finish 54a0f5613f956cbb8c89ba92038fec5ca960b08cd0173d8b1ec7950a0c112a94 c1 complete
IPC_DIAG finish 54a0f5613f956cbb8c89ba92038fec5ca960b08cd0173d8b1ec7950a0c112a94 c2 complete
IPC_DIAG pump org.alica.sessionvictim AcapError: UNAUTHENTICATED
    at fail (file:///home/alica-dev/AlicaV2/packages/acap-contracts/dist/validation.js:31:11)
    at check (file:///home/alica-dev/AlicaV2/packages/acap-contracts/dist/validation.js:35:9)
    at PhysicalSession.controlFrame (file:///home/alica-dev/AlicaV2/packages/kernel/dist/g6/session.js:334:13)
    at PhysicalSession.pump (file:///home/alica-dev/AlicaV2/packages/kernel/dist/g6/session.js:262:22)
    at Timeout._onTimeout (file:///home/alica-dev/AlicaV2/packages/kernel/dist/g6/session.js:207:26)
    at listOnTimeout (node:internal/timers:685:17)
    at process.processTimers (node:internal/timers:618:7) {
  code: 'UNAUTHENTICATED',
  correlationId: 'cf5a2eba-abe9-4af0-8268-5f2c1eb463d1',
  retryable: false
}
IPC_DIAG fail org.alica.sessionvictim Error
    at PhysicalSession.fail (file:///home/alica-dev/AlicaV2/packages/kernel/dist/g6/session.js:451:70)
    at Timeout._onTimeout (file:///home/alica-dev/AlicaV2/packages/kernel/dist/g6/session.js:211:26)
    at listOnTimeout (node:internal/timers:685:17)
    at process.processTimers (node:internal/timers:618:7)
IPC_DIAG dead org.alica.sessionvictim 1 null
IPC_DIAG finish 54a0f5613f956cbb8c89ba92038fec5ca960b08cd0173d8b1ec7950a0c112a94 c3 complete
IPC_DIAG finish 54a0f5613f956cbb8c89ba92038fec5ca960b08cd0173d8b1ec7950a0c112a94 c4 complete
IPC_DIAG finish 54a0f5613f956cbb8c89ba92038fec5ca960b08cd0173d8b1ec7950a0c112a94 c5 complete
IPC_DIAG fail org.alica.sessionvictim Error
    at PhysicalSession.fail (file:///home/alica-dev/AlicaV2/packages/kernel/dist/g6/session.js:451:70)
    at file:///home/alica-dev/AlicaV2/packages/kernel/dist/g6/session.js:517:22
    at async HostIPC.shutdown (file:///home/alica-dev/AlicaV2/packages/kernel/dist/g6/host-adapter.js:232:13)
    at async file:///home/alica-dev/AlicaV2/packages/kernel/dist/index.js:1280:21
    at async Host.closeScope (file:///home/alica-dev/AlicaV2/packages/kernel/dist/index.js:1342:21)
    at async Host.shutdown (file:///home/alica-dev/AlicaV2/packages/kernel/dist/index.js:1426:9)
    at async TestContext.stop (file:///home/alica-dev/AlicaV2/tools/g3-fixtures.mjs:218:5)
    at async TestHook.run (node:internal/test_runner/test:1409:7)
    at async Test.runHook (node:internal/test_runner/test:1289:9)
    at async after (node:internal/test_runner/test:1342:9)
IPC_DIAG dead org.alica.sessionvictim 1 null
✔ real authenticated session rejects hello-contract-digest and preserves victim (1187.516125ms)
ℹ {"receipt":{"pid":204783,"code":1,"signal":null,"elapsedMs":458.07744399999956},"victim":{"pid":204773,"rssKiB":70424,"childFDObservation":"not measured: production victim has no diagnostic dispatcher; required FD counts are measured on sealed qualification children","brokerFDs":25,"managed":3},"brokerAlive":204687}
IPC_DIAG finish f4f1f33e7fa714fa2afcda34cba56a9e3d1173c1cb715decef590b2c4a6ce9b1 c1 complete
IPC_DIAG finish f4f1f33e7fa714fa2afcda34cba56a9e3d1173c1cb715decef590b2c4a6ce9b1 c2 complete
IPC_DIAG dead org.alica.sessionvictim 1 null
IPC_DIAG fail org.alica.sessionvictim Error
    at PhysicalSession.fail (file:///home/alica-dev/AlicaV2/packages/kernel/dist/g6/session.js:451:70)
    at PhysicalSession.dead (file:///home/alica-dev/AlicaV2/packages/kernel/dist/g6/session.js:527:14)
    at ChildProcess.<anonymous> (file:///home/alica-dev/AlicaV2/packages/kernel/dist/g6/session.js:202:55)
    at ChildProcess.wrapper (node:events:639:12)
    at ChildProcess.emit (node:events:514:28)
    at ChildProcess._handle.onexit (node:internal/child_process:295:12)
IPC_DIAG finish f4f1f33e7fa714fa2afcda34cba56a9e3d1173c1cb715decef590b2c4a6ce9b1 c3 complete
IPC_DIAG finish f4f1f33e7fa714fa2afcda34cba56a9e3d1173c1cb715decef590b2c4a6ce9b1 c4 complete
IPC_DIAG finish f4f1f33e7fa714fa2afcda34cba56a9e3d1173c1cb715decef590b2c4a6ce9b1 c5 complete
IPC_DIAG fail org.alica.sessionvictim Error
    at PhysicalSession.fail (file:///home/alica-dev/AlicaV2/packages/kernel/dist/g6/session.js:451:70)
    at file:///home/alica-dev/AlicaV2/packages/kernel/dist/g6/session.js:517:22
    at async HostIPC.shutdown (file:///home/alica-dev/AlicaV2/packages/kernel/dist/g6/host-adapter.js:232:13)
    at async file:///home/alica-dev/AlicaV2/packages/kernel/dist/index.js:1280:21
    at async Host.closeScope (file:///home/alica-dev/AlicaV2/packages/kernel/dist/index.js:1342:21)
    at async Host.shutdown (file:///home/alica-dev/AlicaV2/packages/kernel/dist/index.js:1426:9)
    at async TestContext.stop (file:///home/alica-dev/AlicaV2/tools/g3-fixtures.mjs:218:5)
    at async TestHook.run (node:internal/test_runner/test:1409:7)
    at async Test.runHook (node:internal/test_runner/test:1289:9)
    at async after (node:internal/test_runner/test:1342:9)
IPC_DIAG dead org.alica.sessionvictim 1 null
✔ real authenticated session rejects hello-contract-duplicate and preserves victim (1329.152219ms)
ℹ {"receipt":{"pid":204803,"code":1,"signal":null,"elapsedMs":513.4380699999992},"victim":{"pid":204793,"rssKiB":69948,"childFDObservation":"not measured: production victim has no diagnostic dispatcher; required FD counts are measured on sealed qualification children","brokerFDs":25,"managed":3},"brokerAlive":204687}
IPC_DIAG finish 8c2935fcf2f410950b1351050e0f05d125502e705fe693afebdb85ad8ba56734 c1 complete
IPC_DIAG finish 8c2935fcf2f410950b1351050e0f05d125502e705fe693afebdb85ad8ba56734 c2 complete
IPC_DIAG pump org.alica.sessionvictim AcapError: INVALID_ARGUMENT
    at fail (file:///home/alica-dev/AlicaV2/packages/acap-contracts/dist/validation.js:31:11)
    at check (file:///home/alica-dev/AlicaV2/packages/acap-contracts/dist/validation.js:35:9)
    at validateFrame (file:///home/alica-dev/AlicaV2/packages/kernel/dist/g6/schema.js:158:5)
    at frameChecks (file:///home/alica-dev/AlicaV2/packages/kernel/dist/g6/wire.js:44:5)
    at decodeBody (file:///home/alica-dev/AlicaV2/packages/kernel/dist/g6/wire.js:62:12)
    at FrameReader.feed (file:///home/alica-dev/AlicaV2/packages/kernel/dist/g6/wire.js:148:27)
    at NativeStream.receive (file:///home/alica-dev/AlicaV2/packages/kernel/dist/g6/stream.js:120:39)
    at PhysicalSession.pump (file:///home/alica-dev/AlicaV2/packages/kernel/dist/g6/session.js:258:35)
    at Timeout._onTimeout (file:///home/alica-dev/AlicaV2/packages/kernel/dist/g6/session.js:207:26)
    at listOnTimeout (node:internal/timers:685:17) {
  code: 'INVALID_ARGUMENT',
  correlationId: 'adb46824-a673-40bb-83cf-d7c52241b8bb',
  retryable: false
}
IPC_DIAG fail org.alica.sessionvictim Error
    at PhysicalSession.fail (file:///home/alica-dev/AlicaV2/packages/kernel/dist/g6/session.js:451:70)
    at Timeout._onTimeout (file:///home/alica-dev/AlicaV2/packages/kernel/dist/g6/session.js:211:26)
    at listOnTimeout (node:internal/timers:685:17)
    at process.processTimers (node:internal/timers:618:7)
IPC_DIAG dead org.alica.sessionvictim 1 null
IPC_DIAG finish 8c2935fcf2f410950b1351050e0f05d125502e705fe693afebdb85ad8ba56734 c3 complete
IPC_DIAG finish 8c2935fcf2f410950b1351050e0f05d125502e705fe693afebdb85ad8ba56734 c4 complete
IPC_DIAG finish 8c2935fcf2f410950b1351050e0f05d125502e705fe693afebdb85ad8ba56734 c5 complete
IPC_DIAG fail org.alica.sessionvictim Error
    at PhysicalSession.fail (file:///home/alica-dev/AlicaV2/packages/kernel/dist/g6/session.js:451:70)
    at file:///home/alica-dev/AlicaV2/packages/kernel/dist/g6/session.js:517:22
    at async HostIPC.shutdown (file:///home/alica-dev/AlicaV2/packages/kernel/dist/g6/host-adapter.js:232:13)
    at async file:///home/alica-dev/AlicaV2/packages/kernel/dist/index.js:1280:21
    at async Host.closeScope (file:///home/alica-dev/AlicaV2/packages/kernel/dist/index.js:1342:21)
    at async Host.shutdown (file:///home/alica-dev/AlicaV2/packages/kernel/dist/index.js:1426:9)
    at async TestContext.stop (file:///home/alica-dev/AlicaV2/tools/g3-fixtures.mjs:218:5)
    at async TestHook.run (node:internal/test_runner/test:1409:7)
    at async Test.runHook (node:internal/test_runner/test:1289:9)
    at async after (node:internal/test_runner/test:1342:9)
IPC_DIAG dead org.alica.sessionvictim 1 null
✔ real authenticated session rejects forged-publisher and preserves victim (1306.003016ms)
ℹ {"receipt":{"pid":204823,"code":1,"signal":null,"elapsedMs":552.9755319999995},"victim":{"pid":204816,"rssKiB":70052,"childFDObservation":"not measured: production victim has no diagnostic dispatcher; required FD counts are measured on sealed qualification children","brokerFDs":25,"managed":3},"brokerAlive":204687}
IPC_DIAG finish e6b673aae3e184dbcb7128309ccace25fd34c2208aa5ed3a7f663b3438d8649f c1 complete
IPC_DIAG finish e6b673aae3e184dbcb7128309ccace25fd34c2208aa5ed3a7f663b3438d8649f c2 complete
IPC_DIAG pump org.alica.sessionvictim AcapError: UNAUTHENTICATED
    at fail (file:///home/alica-dev/AlicaV2/packages/acap-contracts/dist/validation.js:31:11)
    at check (file:///home/alica-dev/AlicaV2/packages/acap-contracts/dist/validation.js:35:9)
    at PhysicalSession.controlFrame (file:///home/alica-dev/AlicaV2/packages/kernel/dist/g6/session.js:334:13)
    at PhysicalSession.pump (file:///home/alica-dev/AlicaV2/packages/kernel/dist/g6/session.js:262:22)
    at Timeout._onTimeout (file:///home/alica-dev/AlicaV2/packages/kernel/dist/g6/session.js:207:26)
    at listOnTimeout (node:internal/timers:685:17)
    at process.processTimers (node:internal/timers:618:7) {
  code: 'UNAUTHENTICATED',
  correlationId: '2018ded1-b153-428c-99ae-a1e858820c83',
  retryable: false
}
IPC_DIAG fail org.alica.sessionvictim Error
    at PhysicalSession.fail (file:///home/alica-dev/AlicaV2/packages/kernel/dist/g6/session.js:451:70)
    at Timeout._onTimeout (file:///home/alica-dev/AlicaV2/packages/kernel/dist/g6/session.js:211:26)
    at listOnTimeout (node:internal/timers:685:17)
    at process.processTimers (node:internal/timers:618:7)
IPC_DIAG dead org.alica.sessionvictim 1 null
IPC_DIAG finish e6b673aae3e184dbcb7128309ccace25fd34c2208aa5ed3a7f663b3438d8649f c3 complete
IPC_DIAG finish e6b673aae3e184dbcb7128309ccace25fd34c2208aa5ed3a7f663b3438d8649f c4 complete
IPC_DIAG finish e6b673aae3e184dbcb7128309ccace25fd34c2208aa5ed3a7f663b3438d8649f c5 complete
IPC_DIAG fail org.alica.sessionvictim Error
    at PhysicalSession.fail (file:///home/alica-dev/AlicaV2/packages/kernel/dist/g6/session.js:451:70)
    at file:///home/alica-dev/AlicaV2/packages/kernel/dist/g6/session.js:517:22
    at async HostIPC.shutdown (file:///home/alica-dev/AlicaV2/packages/kernel/dist/g6/host-adapter.js:232:13)
    at async file:///home/alica-dev/AlicaV2/packages/kernel/dist/index.js:1280:21
    at async Host.closeScope (file:///home/alica-dev/AlicaV2/packages/kernel/dist/index.js:1342:21)
    at async Host.shutdown (file:///home/alica-dev/AlicaV2/packages/kernel/dist/index.js:1426:9)
    at async TestContext.stop (file:///home/alica-dev/AlicaV2/tools/g3-fixtures.mjs:218:5)
    at async TestHook.run (node:internal/test_runner/test:1409:7)
    at async Test.runHook (node:internal/test_runner/test:1289:9)
    at async after (node:internal/test_runner/test:1342:9)
IPC_DIAG dead org.alica.sessionvictim 1 null
✔ real authenticated session rejects stale-challenge and preserves victim (1248.893517ms)
ℹ {"receipt":{"pid":204843,"code":1,"signal":null,"elapsedMs":497.2194720000007},"victim":{"pid":204836,"rssKiB":70388,"childFDObservation":"not measured: production victim has no diagnostic dispatcher; required FD counts are measured on sealed qualification children","brokerFDs":25,"managed":3},"brokerAlive":204687}
IPC_DIAG finish faf5b1e93b875e2be369b93b4886cd012e70ca6e91fe3eb7a022139cbb9d6a8c c1 complete
IPC_DIAG finish faf5b1e93b875e2be369b93b4886cd012e70ca6e91fe3eb7a022139cbb9d6a8c c2 complete
IPC_DIAG pump org.alica.sessionvictim AcapError: UNAUTHENTICATED
    at fail (file:///home/alica-dev/AlicaV2/packages/acap-contracts/dist/validation.js:31:11)
    at check (file:///home/alica-dev/AlicaV2/packages/acap-contracts/dist/validation.js:35:9)
    at EndpointFence.accept (file:///home/alica-dev/AlicaV2/packages/kernel/dist/g6/wire.js:185:9)
    at NativeStream.receive (file:///home/alica-dev/AlicaV2/packages/kernel/dist/g6/stream.js:123:32)
    at PhysicalSession.pump (file:///home/alica-dev/AlicaV2/packages/kernel/dist/g6/session.js:258:35)
    at Timeout._onTimeout (file:///home/alica-dev/AlicaV2/packages/kernel/dist/g6/session.js:207:26)
    at listOnTimeout (node:internal/timers:685:17)
    at process.processTimers (node:internal/timers:618:7) {
  code: 'UNAUTHENTICATED',
  correlationId: '2da6a14a-3dac-4924-ab15-1e450c36a800',
  retryable: false
}
IPC_DIAG fail org.alica.sessionvictim Error
    at PhysicalSession.fail (file:///home/alica-dev/AlicaV2/packages/kernel/dist/g6/session.js:451:70)
    at Timeout._onTimeout (file:///home/alica-dev/AlicaV2/packages/kernel/dist/g6/session.js:211:26)
    at listOnTimeout (node:internal/timers:685:17)
    at process.processTimers (node:internal/timers:618:7)
IPC_DIAG dead org.alica.sessionvictim 1 null
IPC_DIAG finish faf5b1e93b875e2be369b93b4886cd012e70ca6e91fe3eb7a022139cbb9d6a8c c3 complete
IPC_DIAG finish faf5b1e93b875e2be369b93b4886cd012e70ca6e91fe3eb7a022139cbb9d6a8c c4 complete
IPC_DIAG finish faf5b1e93b875e2be369b93b4886cd012e70ca6e91fe3eb7a022139cbb9d6a8c c5 complete
IPC_DIAG fail org.alica.sessionvictim Error
    at PhysicalSession.fail (file:///home/alica-dev/AlicaV2/packages/kernel/dist/g6/session.js:451:70)
    at file:///home/alica-dev/AlicaV2/packages/kernel/dist/g6/session.js:517:22
    at async HostIPC.shutdown (file:///home/alica-dev/AlicaV2/packages/kernel/dist/g6/host-adapter.js:232:13)
    at async file:///home/alica-dev/AlicaV2/packages/kernel/dist/index.js:1280:21
    at async Host.closeScope (file:///home/alica-dev/AlicaV2/packages/kernel/dist/index.js:1342:21)
    at async Host.shutdown (file:///home/alica-dev/AlicaV2/packages/kernel/dist/index.js:1426:9)
    at async TestContext.stop (file:///home/alica-dev/AlicaV2/tools/g3-fixtures.mjs:218:5)
    at async TestHook.run (node:internal/test_runner/test:1409:7)
    at async Test.runHook (node:internal/test_runner/test:1289:9)
    at async after (node:internal/test_runner/test:1342:9)
IPC_DIAG dead org.alica.sessionvictim 1 null
✔ real authenticated session rejects stale-generation and preserves victim (1217.725612ms)
ℹ {"receipt":{"pid":204863,"code":1,"signal":null,"elapsedMs":484.7242130000013},"victim":{"pid":204856,"rssKiB":70460,"childFDObservation":"not measured: production victim has no diagnostic dispatcher; required FD counts are measured on sealed qualification children","brokerFDs":25,"managed":3},"brokerAlive":204687}
IPC_DIAG finish 3ea7e22a5f7880dcfeeec0014cd397e28328e0a3eb1d8eec5289243f0baf134f c1 complete
IPC_DIAG finish 3ea7e22a5f7880dcfeeec0014cd397e28328e0a3eb1d8eec5289243f0baf134f c2 complete
IPC_DIAG finish e453af1672f3250c34dcb432129f8a97d4bd05664da465a5b2769fb54c2fe3dd c1 complete
IPC_DIAG fail org.alica.sessionvictim Error
    at PhysicalSession.fail (file:///home/alica-dev/AlicaV2/packages/kernel/dist/g6/session.js:451:70)
    at file:///home/alica-dev/AlicaV2/packages/kernel/dist/g6/session.js:517:22
    at runNextTicks (node:internal/process/task_queues:65:5)
    at process.processTimers (node:internal/timers:615:9)
    at async cleanup (file:///home/alica-dev/AlicaV2/tests/ipc/session-qualification.test.mjs:216:19)
    at async TestContext.<anonymous> (file:///home/alica-dev/AlicaV2/tests/ipc/session-qualification.test.mjs:407:5)
    at async Test.run (node:internal/test_runner/test:1409:7)
    at async Test.processPendingSubtests (node:internal/test_runner/test:974:7)
IPC_DIAG dead org.alica.sessionvictim 1 null
IPC_DIAG finish 3ea7e22a5f7880dcfeeec0014cd397e28328e0a3eb1d8eec5289243f0baf134f c3 complete
IPC_DIAG finish 3ea7e22a5f7880dcfeeec0014cd397e28328e0a3eb1d8eec5289243f0baf134f c4 complete
IPC_DIAG finish 3ea7e22a5f7880dcfeeec0014cd397e28328e0a3eb1d8eec5289243f0baf134f c5 complete
IPC_DIAG fail org.alica.sessionvictim Error
    at PhysicalSession.fail (file:///home/alica-dev/AlicaV2/packages/kernel/dist/g6/session.js:451:70)
    at file:///home/alica-dev/AlicaV2/packages/kernel/dist/g6/session.js:517:22
    at async HostIPC.shutdown (file:///home/alica-dev/AlicaV2/packages/kernel/dist/g6/host-adapter.js:232:13)
    at async file:///home/alica-dev/AlicaV2/packages/kernel/dist/index.js:1280:21
    at async Host.closeScope (file:///home/alica-dev/AlicaV2/packages/kernel/dist/index.js:1342:21)
    at async Host.shutdown (file:///home/alica-dev/AlicaV2/packages/kernel/dist/index.js:1426:9)
    at async TestContext.stop (file:///home/alica-dev/AlicaV2/tools/g3-fixtures.mjs:218:5)
    at async TestHook.run (node:internal/test_runner/test:1409:7)
    at async Test.runHook (node:internal/test_runner/test:1289:9)
    at async after (node:internal/test_runner/test:1342:9)
IPC_DIAG dead org.alica.sessionvictim 1 null
✔ real launched PID accepts exact package and excludes parent environment sentinel (1222.760869ms)
ℹ {"identity":{"runtimeDigest":"sha256:7fde7b8afa198da66257f42ee2001d874c7355631e6d1579a5fb5ef1f246df4c","bridgeDigest":"sha256:7bb4d660d72986ad6feeb851100ce262d994db1034f2d6b41460bf578b533951","launcherDigest":"sha256:a493f78a308f49c23dd192ac8d501c727f37032794b988e6a695397ca57ee8e6","workerDigest":"sha256:02780ca85d20627b515d01f7c9092342ac2300888cfc6733f37b070944d58fdc"},"observed":{"pid":204883,"rssKiB":65384,"fds":20,"scannedFDLimit":64,"sentinelPresent":false,"childFDObservation":"actual bounded child fstat via native transport","brokerFDs":28,"managed":6}}
ℹ {"receipt":{"pid":204883,"code":1,"signal":null,"elapsedMs":495.90403799999876},"victim":{"pid":204873,"rssKiB":65592,"childFDObservation":"not measured: production victim has no diagnostic dispatcher; required FD counts are measured on sealed qualification children","brokerFDs":25,"managed":3},"brokerAlive":204687}
IPC_DIAG finish 431dd6b9bc387aa9f6691a8d25e9d9d9cf89c764be41190a639a3d9a5d0456f0 c1 complete
IPC_DIAG finish 431dd6b9bc387aa9f6691a8d25e9d9d9cf89c764be41190a639a3d9a5d0456f0 c2 complete
IPC_DIAG fail org.alica.sessionvictim Error
    at PhysicalSession.fail (file:///home/alica-dev/AlicaV2/packages/kernel/dist/g6/session.js:451:70)
    at file:///home/alica-dev/AlicaV2/packages/kernel/dist/g6/session.js:517:22
    at runNextTicks (node:internal/process/task_queues:65:5)
    at listOnTimeout (node:internal/timers:644:9)
    at process.processTimers (node:internal/timers:618:7)
    at async cleanup (file:///home/alica-dev/AlicaV2/tests/ipc/session-qualification.test.mjs:216:19)
    at async TestContext.<anonymous> (file:///home/alica-dev/AlicaV2/tests/ipc/session-qualification.test.mjs:457:5)
    at async Test.run (node:internal/test_runner/test:1409:7)
    at async Test.processPendingSubtests (node:internal/test_runner/test:974:7)
IPC_DIAG dead org.alica.sessionvictim 1 null
IPC_DIAG finish 431dd6b9bc387aa9f6691a8d25e9d9d9cf89c764be41190a639a3d9a5d0456f0 c3 complete
IPC_DIAG finish 431dd6b9bc387aa9f6691a8d25e9d9d9cf89c764be41190a639a3d9a5d0456f0 c4 complete
IPC_DIAG finish 431dd6b9bc387aa9f6691a8d25e9d9d9cf89c764be41190a639a3d9a5d0456f0 c5 complete
IPC_DIAG fail org.alica.sessionvictim Error
    at PhysicalSession.fail (file:///home/alica-dev/AlicaV2/packages/kernel/dist/g6/session.js:451:70)
    at file:///home/alica-dev/AlicaV2/packages/kernel/dist/g6/session.js:517:22
    at async HostIPC.shutdown (file:///home/alica-dev/AlicaV2/packages/kernel/dist/g6/host-adapter.js:232:13)
    at async file:///home/alica-dev/AlicaV2/packages/kernel/dist/index.js:1280:21
    at async Host.closeScope (file:///home/alica-dev/AlicaV2/packages/kernel/dist/index.js:1342:21)
    at async Host.shutdown (file:///home/alica-dev/AlicaV2/packages/kernel/dist/index.js:1426:9)
    at async TestContext.stop (file:///home/alica-dev/AlicaV2/tools/g3-fixtures.mjs:218:5)
    at async TestHook.run (node:internal/test_runner/test:1409:7)
    at async Test.runHook (node:internal/test_runner/test:1289:9)
    at async after (node:internal/test_runner/test:1342:9)
IPC_DIAG dead org.alica.sessionvictim 1 null
✔ real wrong OS peer is closed before exact launched PID is authenticated (1202.838299ms)
ℹ {"receipt":{"pid":204904,"code":1,"signal":null,"elapsedMs":496.11803900000086},"victim":{"pid":204893,"rssKiB":70064,"childFDObservation":"not measured: production victim has no diagnostic dispatcher; required FD counts are measured on sealed qualification children","brokerFDs":25,"managed":3},"brokerAlive":204687}
IPC_DIAG finish 6ee60ba7a0d08d4301d1ce20548346fb2925c043f66d782bb9f7fbfa3110137d c1 complete
IPC_DIAG finish 6ee60ba7a0d08d4301d1ce20548346fb2925c043f66d782bb9f7fbfa3110137d c2 complete
IPC_DIAG pump org.alica.sessionvictim PeerClosed [AcapError]: UNAVAILABLE
    at NativeStream.receive (file:///home/alica-dev/AlicaV2/packages/kernel/dist/g6/stream.js:119:23)
    at PhysicalSession.pump (file:///home/alica-dev/AlicaV2/packages/kernel/dist/g6/session.js:258:35)
    at Timeout._onTimeout (file:///home/alica-dev/AlicaV2/packages/kernel/dist/g6/session.js:207:26)
    at listOnTimeout (node:internal/timers:685:17)
    at process.processTimers (node:internal/timers:618:7) {
  code: 'UNAVAILABLE',
  correlationId: '538f7bc1-6387-46b4-be2c-b631efc60a61',
  retryable: false
}
IPC_DIAG fail org.alica.sessionvictim Error
    at PhysicalSession.fail (file:///home/alica-dev/AlicaV2/packages/kernel/dist/g6/session.js:451:70)
    at Timeout._onTimeout (file:///home/alica-dev/AlicaV2/packages/kernel/dist/g6/session.js:211:26)
    at listOnTimeout (node:internal/timers:685:17)
    at process.processTimers (node:internal/timers:618:7)
IPC_DIAG dead org.alica.sessionvictim 37 null
IPC_DIAG finish 6ee60ba7a0d08d4301d1ce20548346fb2925c043f66d782bb9f7fbfa3110137d c3 complete
IPC_DIAG finish 6ee60ba7a0d08d4301d1ce20548346fb2925c043f66d782bb9f7fbfa3110137d c4 complete
IPC_DIAG finish 6ee60ba7a0d08d4301d1ce20548346fb2925c043f66d782bb9f7fbfa3110137d c5 complete
IPC_DIAG fail org.alica.sessionvictim Error
    at PhysicalSession.fail (file:///home/alica-dev/AlicaV2/packages/kernel/dist/g6/session.js:451:70)
    at file:///home/alica-dev/AlicaV2/packages/kernel/dist/g6/session.js:517:22
    at async HostIPC.shutdown (file:///home/alica-dev/AlicaV2/packages/kernel/dist/g6/host-adapter.js:232:13)
    at async file:///home/alica-dev/AlicaV2/packages/kernel/dist/index.js:1280:21
    at async Host.closeScope (file:///home/alica-dev/AlicaV2/packages/kernel/dist/index.js:1342:21)
    at async Host.shutdown (file:///home/alica-dev/AlicaV2/packages/kernel/dist/index.js:1426:9)
    at async TestContext.stop (file:///home/alica-dev/AlicaV2/tools/g3-fixtures.mjs:218:5)
    at async TestHook.run (node:internal/test_runner/test:1409:7)
    at async Test.runHook (node:internal/test_runner/test:1289:9)
    at async after (node:internal/test_runner/test:1342:9)
IPC_DIAG dead org.alica.sessionvictim 1 null
✔ real session exit: bounded failure, reap and independent victim (1237.457645ms)
ℹ {"mode":"exit","elapsedMs":11.043718000000808}
ℹ {"receipt":{"pid":204917,"code":37,"signal":null,"elapsedMs":504.9022850000001},"victim":{"pid":204910,"rssKiB":70740,"childFDObservation":"not measured: production victim has no diagnostic dispatcher; required FD counts are measured on sealed qualification children","brokerFDs":25,"managed":3},"brokerAlive":204687}
IPC_DIAG finish 648a6b9ef2e800bf8c80d4bf535ad3b783dc42cf6df215366fe2046bce007da9 c1 complete
IPC_DIAG finish 648a6b9ef2e800bf8c80d4bf535ad3b783dc42cf6df215366fe2046bce007da9 c2 complete
IPC_DIAG pump org.alica.sessionvictim AcapError: UNAVAILABLE
    at fail (file:///home/alica-dev/AlicaV2/packages/acap-contracts/dist/validation.js:31:11)
    at check (file:///home/alica-dev/AlicaV2/packages/acap-contracts/dist/validation.js:35:9)
    at PhysicalSession.pump (file:///home/alica-dev/AlicaV2/packages/kernel/dist/g6/session.js:299:17)
    at Timeout._onTimeout (file:///home/alica-dev/AlicaV2/packages/kernel/dist/g6/session.js:207:26)
    at listOnTimeout (node:internal/timers:685:17)
    at process.processTimers (node:internal/timers:618:7) {
  code: 'UNAVAILABLE',
  correlationId: '0cd7d16c-f837-4163-b151-ce97b52cf657',
  retryable: false
}
IPC_DIAG fail org.alica.sessionvictim Error
    at PhysicalSession.fail (file:///home/alica-dev/AlicaV2/packages/kernel/dist/g6/session.js:451:70)
    at Timeout._onTimeout (file:///home/alica-dev/AlicaV2/packages/kernel/dist/g6/session.js:211:26)
    at listOnTimeout (node:internal/timers:685:17)
    at process.processTimers (node:internal/timers:618:7)
IPC_DIAG dead org.alica.sessionvictim null SIGKILL
IPC_DIAG finish 648a6b9ef2e800bf8c80d4bf535ad3b783dc42cf6df215366fe2046bce007da9 c3 complete
IPC_DIAG finish 648a6b9ef2e800bf8c80d4bf535ad3b783dc42cf6df215366fe2046bce007da9 c4 complete
IPC_DIAG finish 648a6b9ef2e800bf8c80d4bf535ad3b783dc42cf6df215366fe2046bce007da9 c5 complete
IPC_DIAG fail org.alica.sessionvictim Error
    at PhysicalSession.fail (file:///home/alica-dev/AlicaV2/packages/kernel/dist/g6/session.js:451:70)
    at file:///home/alica-dev/AlicaV2/packages/kernel/dist/g6/session.js:517:22
    at async HostIPC.shutdown (file:///home/alica-dev/AlicaV2/packages/kernel/dist/g6/host-adapter.js:232:13)
    at async file:///home/alica-dev/AlicaV2/packages/kernel/dist/index.js:1280:21
    at async Host.closeScope (file:///home/alica-dev/AlicaV2/packages/kernel/dist/index.js:1342:21)
    at async Host.shutdown (file:///home/alica-dev/AlicaV2/packages/kernel/dist/index.js:1426:9)
    at async TestContext.stop (file:///home/alica-dev/AlicaV2/tools/g3-fixtures.mjs:218:5)
    at async TestHook.run (node:internal/test_runner/test:1409:7)
    at async Test.runHook (node:internal/test_runner/test:1289:9)
    at async after (node:internal/test_runner/test:1342:9)
IPC_DIAG dead org.alica.sessionvictim 1 null
✔ real session unresponsive: bounded failure, reap and independent victim (21243.399989ms)
ℹ {"mode":"unresponsive","elapsedMs":19518.910333}
ℹ {"receipt":{"pid":204930,"code":null,"signal":"SIGKILL","elapsedMs":20512.085445},"victim":{"pid":204923,"rssKiB":70548,"childFDObservation":"not measured: production victim has no diagnostic dispatcher; required FD counts are measured on sealed qualification children","brokerFDs":25,"managed":3},"brokerAlive":204687}
IPC_DIAG finish ffcc258fdc7033432d9e8a2110033ca2728f4463d86a9391161c3706c5e5a32e c1 complete
IPC_DIAG finish ffcc258fdc7033432d9e8a2110033ca2728f4463d86a9391161c3706c5e5a32e c2 complete
IPC_DIAG pump org.alica.sessionvictim AcapError: UNAVAILABLE
    at fail (file:///home/alica-dev/AlicaV2/packages/acap-contracts/dist/validation.js:31:11)
    at check (file:///home/alica-dev/AlicaV2/packages/acap-contracts/dist/validation.js:35:9)
    at PhysicalSession.pump (file:///home/alica-dev/AlicaV2/packages/kernel/dist/g6/session.js:299:17)
    at Timeout._onTimeout (file:///home/alica-dev/AlicaV2/packages/kernel/dist/g6/session.js:207:26)
    at listOnTimeout (node:internal/timers:685:17)
    at process.processTimers (node:internal/timers:618:7) {
  code: 'UNAVAILABLE',
  correlationId: '49d64525-bf25-4a0c-900f-d1836d5ab874',
  retryable: false
}
IPC_DIAG fail org.alica.sessionvictim Error
    at PhysicalSession.fail (file:///home/alica-dev/AlicaV2/packages/kernel/dist/g6/session.js:451:70)
    at Timeout._onTimeout (file:///home/alica-dev/AlicaV2/packages/kernel/dist/g6/session.js:211:26)
    at listOnTimeout (node:internal/timers:685:17)
    at process.processTimers (node:internal/timers:618:7)
IPC_DIAG dead org.alica.sessionvictim 1 null
IPC_DIAG finish ffcc258fdc7033432d9e8a2110033ca2728f4463d86a9391161c3706c5e5a32e c3 complete
IPC_DIAG finish ffcc258fdc7033432d9e8a2110033ca2728f4463d86a9391161c3706c5e5a32e c4 complete
IPC_DIAG finish ffcc258fdc7033432d9e8a2110033ca2728f4463d86a9391161c3706c5e5a32e c5 complete
IPC_DIAG fail org.alica.sessionvictim Error
    at PhysicalSession.fail (file:///home/alica-dev/AlicaV2/packages/kernel/dist/g6/session.js:451:70)
    at file:///home/alica-dev/AlicaV2/packages/kernel/dist/g6/session.js:517:22
    at async HostIPC.shutdown (file:///home/alica-dev/AlicaV2/packages/kernel/dist/g6/host-adapter.js:232:13)
    at async file:///home/alica-dev/AlicaV2/packages/kernel/dist/index.js:1280:21
    at async Host.closeScope (file:///home/alica-dev/AlicaV2/packages/kernel/dist/index.js:1342:21)
    at async Host.shutdown (file:///home/alica-dev/AlicaV2/packages/kernel/dist/index.js:1426:9)
    at async TestContext.stop (file:///home/alica-dev/AlicaV2/tools/g3-fixtures.mjs:218:5)
    at async TestHook.run (node:internal/test_runner/test:1409:7)
    at async Test.runHook (node:internal/test_runner/test:1289:9)
    at async after (node:internal/test_runner/test:1342:9)
IPC_DIAG dead org.alica.sessionvictim 1 null
✔ real session heartbeat-stall: bounded failure, reap and independent victim (20773.472556ms)
ℹ {"mode":"heartbeat-stall","elapsedMs":19555.492924}
ℹ {"receipt":{"pid":204949,"code":1,"signal":null,"elapsedMs":20017.885748},"victim":{"pid":204942,"rssKiB":70656,"childFDObservation":"not measured: production victim has no diagnostic dispatcher; required FD counts are measured on sealed qualification children","brokerFDs":25,"managed":3},"brokerAlive":204687}
IPC_DIAG finish f691dc545cc870ae92c6f7a8426c1892b2adba8e9b493b64bc5c88e92950ced0 c1 complete
IPC_DIAG finish f691dc545cc870ae92c6f7a8426c1892b2adba8e9b493b64bc5c88e92950ced0 c2 complete
IPC_DIAG pump org.alica.sessionvictim AcapError: DEADLINE_EXCEEDED
    at fail (file:///home/alica-dev/AlicaV2/packages/acap-contracts/dist/validation.js:31:11)
    at check (file:///home/alica-dev/AlicaV2/packages/acap-contracts/dist/validation.js:35:9)
    at FrameReader.checkDeadline (file:///home/alica-dev/AlicaV2/packages/kernel/dist/g6/wire.js:118:13)
    at NativeStream.receive (file:///home/alica-dev/AlicaV2/packages/kernel/dist/g6/stream.js:104:21)
    at PhysicalSession.pump (file:///home/alica-dev/AlicaV2/packages/kernel/dist/g6/session.js:258:35)
    at Timeout._onTimeout (file:///home/alica-dev/AlicaV2/packages/kernel/dist/g6/session.js:207:26)
    at listOnTimeout (node:internal/timers:685:17)
    at process.processTimers (node:internal/timers:618:7) {
  code: 'DEADLINE_EXCEEDED',
  correlationId: '14d84955-cb9f-4579-9a3e-def9b3e38411',
  retryable: false
}
IPC_DIAG fail org.alica.sessionvictim Error
    at PhysicalSession.fail (file:///home/alica-dev/AlicaV2/packages/kernel/dist/g6/session.js:451:70)
    at Timeout._onTimeout (file:///home/alica-dev/AlicaV2/packages/kernel/dist/g6/session.js:211:26)
    at listOnTimeout (node:internal/timers:685:17)
    at process.processTimers (node:internal/timers:618:7)
IPC_DIAG dead org.alica.sessionvictim 1 null
IPC_DIAG finish f691dc545cc870ae92c6f7a8426c1892b2adba8e9b493b64bc5c88e92950ced0 c3 complete
IPC_DIAG finish f691dc545cc870ae92c6f7a8426c1892b2adba8e9b493b64bc5c88e92950ced0 c4 complete
IPC_DIAG finish f691dc545cc870ae92c6f7a8426c1892b2adba8e9b493b64bc5c88e92950ced0 c5 complete
IPC_DIAG fail org.alica.sessionvictim Error
    at PhysicalSession.fail (file:///home/alica-dev/AlicaV2/packages/kernel/dist/g6/session.js:451:70)
    at file:///home/alica-dev/AlicaV2/packages/kernel/dist/g6/session.js:517:22
    at async HostIPC.shutdown (file:///home/alica-dev/AlicaV2/packages/kernel/dist/g6/host-adapter.js:232:13)
    at async file:///home/alica-dev/AlicaV2/packages/kernel/dist/index.js:1280:21
    at async Host.closeScope (file:///home/alica-dev/AlicaV2/packages/kernel/dist/index.js:1342:21)
    at async Host.shutdown (file:///home/alica-dev/AlicaV2/packages/kernel/dist/index.js:1426:9)
    at async TestContext.stop (file:///home/alica-dev/AlicaV2/tools/g3-fixtures.mjs:218:5)
    at async TestHook.run (node:internal/test_runner/test:1409:7)
    at async Test.runHook (node:internal/test_runner/test:1289:9)
    at async after (node:internal/test_runner/test:1342:9)
IPC_DIAG dead org.alica.sessionvictim 1 null
✔ real session partial-control: bounded failure, reap and independent victim (3227.391296ms)
ℹ {"mode":"partial-control","elapsedMs":2009.4492879999962}
ℹ {"receipt":{"pid":204964,"code":1,"signal":null,"elapsedMs":2499.3220900000015},"victim":{"pid":204957,"rssKiB":70604,"childFDObservation":"not measured: production victim has no diagnostic dispatcher; required FD counts are measured on sealed qualification children","brokerFDs":25,"managed":3},"brokerAlive":204687}
IPC_DIAG finish deaa2dd446050e5a53329e694cf222d375df6c4ce63ccc50f472b4eaba8a8775 c1 complete
IPC_DIAG finish deaa2dd446050e5a53329e694cf222d375df6c4ce63ccc50f472b4eaba8a8775 c2 complete
IPC_DIAG pump org.alica.sessionvictim AcapError: INVALID_ARGUMENT
    at fail (file:///home/alica-dev/AlicaV2/packages/acap-contracts/dist/validation.js:31:11)
    at check (file:///home/alica-dev/AlicaV2/packages/acap-contracts/dist/validation.js:35:9)
    at value (file:///home/alica-dev/AlicaV2/packages/acap-contracts/dist/validation.js:106:21)
    at parse (file:///home/alica-dev/AlicaV2/packages/acap-contracts/dist/validation.js:140:17)
    at body (file:///home/alica-dev/AlicaV2/packages/kernel/dist/g6/wire.js:55:19)
    at decodeBody (file:///home/alica-dev/AlicaV2/packages/kernel/dist/g6/wire.js:62:24)
    at FrameReader.feed (file:///home/alica-dev/AlicaV2/packages/kernel/dist/g6/wire.js:148:27)
    at NativeStream.receive (file:///home/alica-dev/AlicaV2/packages/kernel/dist/g6/stream.js:120:39)
    at PhysicalSession.pump (file:///home/alica-dev/AlicaV2/packages/kernel/dist/g6/session.js:258:35)
    at Timeout._onTimeout (file:///home/alica-dev/AlicaV2/packages/kernel/dist/g6/session.js:207:26) {
  code: 'INVALID_ARGUMENT',
  correlationId: '5a069f04-da4e-437b-a271-2822f7c5704e',
  retryable: false
}
IPC_DIAG fail org.alica.sessionvictim Error
    at PhysicalSession.fail (file:///home/alica-dev/AlicaV2/packages/kernel/dist/g6/session.js:451:70)
    at Timeout._onTimeout (file:///home/alica-dev/AlicaV2/packages/kernel/dist/g6/session.js:211:26)
    at listOnTimeout (node:internal/timers:685:17)
    at process.processTimers (node:internal/timers:618:7)
IPC_DIAG dead org.alica.sessionvictim 1 null
IPC_DIAG finish deaa2dd446050e5a53329e694cf222d375df6c4ce63ccc50f472b4eaba8a8775 c3 complete
IPC_DIAG finish deaa2dd446050e5a53329e694cf222d375df6c4ce63ccc50f472b4eaba8a8775 c4 complete
IPC_DIAG finish deaa2dd446050e5a53329e694cf222d375df6c4ce63ccc50f472b4eaba8a8775 c5 complete
IPC_DIAG fail org.alica.sessionvictim Error
    at PhysicalSession.fail (file:///home/alica-dev/AlicaV2/packages/kernel/dist/g6/session.js:451:70)
    at file:///home/alica-dev/AlicaV2/packages/kernel/dist/g6/session.js:517:22
    at async HostIPC.shutdown (file:///home/alica-dev/AlicaV2/packages/kernel/dist/g6/host-adapter.js:232:13)
    at async file:///home/alica-dev/AlicaV2/packages/kernel/dist/index.js:1280:21
    at async Host.closeScope (file:///home/alica-dev/AlicaV2/packages/kernel/dist/index.js:1342:21)
    at async Host.shutdown (file:///home/alica-dev/AlicaV2/packages/kernel/dist/index.js:1426:9)
    at async TestContext.stop (file:///home/alica-dev/AlicaV2/tools/g3-fixtures.mjs:218:5)
    at async TestHook.run (node:internal/test_runner/test:1409:7)
    at async Test.runHook (node:internal/test_runner/test:1289:9)
    at async after (node:internal/test_runner/test:1342:9)
IPC_DIAG dead org.alica.sessionvictim 1 null
✔ real session malformed-control: bounded failure, reap and independent victim (1214.501624ms)
ℹ {"mode":"malformed-control","elapsedMs":6.106574999997974}
ℹ {"receipt":{"pid":204977,"code":1,"signal":null,"elapsedMs":504.0305520000038},"victim":{"pid":204970,"rssKiB":70664,"childFDObservation":"not measured: production victim has no diagnostic dispatcher; required FD counts are measured on sealed qualification children","brokerFDs":25,"managed":3},"brokerAlive":204687}
IPC_DIAG finish 14394be5acbf5cb38df1122e3e634bfce90b46f39beb0dd443bf05ce3e958d57 c1 complete
IPC_DIAG finish 14394be5acbf5cb38df1122e3e634bfce90b46f39beb0dd443bf05ce3e958d57 c2 complete
IPC_DIAG pump org.alica.sessionvictim AcapError: UNAUTHENTICATED
    at fail (file:///home/alica-dev/AlicaV2/packages/acap-contracts/dist/validation.js:31:11)
    at check (file:///home/alica-dev/AlicaV2/packages/acap-contracts/dist/validation.js:35:9)
    at EndpointFence.accept (file:///home/alica-dev/AlicaV2/packages/kernel/dist/g6/wire.js:185:9)
    at NativeStream.receive (file:///home/alica-dev/AlicaV2/packages/kernel/dist/g6/stream.js:123:32)
    at PhysicalSession.pump (file:///home/alica-dev/AlicaV2/packages/kernel/dist/g6/session.js:258:35)
    at Timeout._onTimeout (file:///home/alica-dev/AlicaV2/packages/kernel/dist/g6/session.js:207:26)
    at listOnTimeout (node:internal/timers:685:17)
    at process.processTimers (node:internal/timers:618:7) {
  code: 'UNAUTHENTICATED',
  correlationId: '054d7af3-69a2-4f95-975f-9ba3860213f4',
  retryable: false
}
IPC_DIAG fail org.alica.sessionvictim Error
    at PhysicalSession.fail (file:///home/alica-dev/AlicaV2/packages/kernel/dist/g6/session.js:451:70)
    at Timeout._onTimeout (file:///home/alica-dev/AlicaV2/packages/kernel/dist/g6/session.js:211:26)
    at listOnTimeout (node:internal/timers:685:17)
    at process.processTimers (node:internal/timers:618:7)
IPC_DIAG dead org.alica.sessionvictim 1 null
IPC_DIAG finish 14394be5acbf5cb38df1122e3e634bfce90b46f39beb0dd443bf05ce3e958d57 c3 complete
IPC_DIAG finish 14394be5acbf5cb38df1122e3e634bfce90b46f39beb0dd443bf05ce3e958d57 c4 complete
IPC_DIAG finish 14394be5acbf5cb38df1122e3e634bfce90b46f39beb0dd443bf05ce3e958d57 c5 complete
IPC_DIAG fail org.alica.sessionvictim Error
    at PhysicalSession.fail (file:///home/alica-dev/AlicaV2/packages/kernel/dist/g6/session.js:451:70)
    at file:///home/alica-dev/AlicaV2/packages/kernel/dist/g6/session.js:517:22
    at async HostIPC.shutdown (file:///home/alica-dev/AlicaV2/packages/kernel/dist/g6/host-adapter.js:232:13)
    at async file:///home/alica-dev/AlicaV2/packages/kernel/dist/index.js:1280:21
    at async Host.closeScope (file:///home/alica-dev/AlicaV2/packages/kernel/dist/index.js:1342:21)
    at async Host.shutdown (file:///home/alica-dev/AlicaV2/packages/kernel/dist/index.js:1426:9)
    at async TestContext.stop (file:///home/alica-dev/AlicaV2/tools/g3-fixtures.mjs:218:5)
    at async TestHook.run (node:internal/test_runner/test:1409:7)
    at async Test.runHook (node:internal/test_runner/test:1289:9)
    at async after (node:internal/test_runner/test:1342:9)
IPC_DIAG dead org.alica.sessionvictim 1 null
✔ real session replayed-control: bounded failure, reap and independent victim (1177.985058ms)
ℹ {"mode":"replayed-control","elapsedMs":10.365792000004149}
ℹ {"receipt":{"pid":204990,"code":1,"signal":null,"elapsedMs":473.6481330000024},"victim":{"pid":204983,"rssKiB":70720,"childFDObservation":"not measured: production victim has no diagnostic dispatcher; required FD counts are measured on sealed qualification children","brokerFDs":25,"managed":3},"brokerAlive":204687}
IPC_DIAG finish ae24e042665a8bc7e6a247eb4ad90e1528f2ed06b330473a9230d3fd13b4dfd6 c1 complete
IPC_DIAG finish ae24e042665a8bc7e6a247eb4ad90e1528f2ed06b330473a9230d3fd13b4dfd6 c2 complete
IPC_DIAG pump org.alica.sessionvictim AcapError: DEADLINE_EXCEEDED
    at fail (file:///home/alica-dev/AlicaV2/packages/acap-contracts/dist/validation.js:31:11)
    at check (file:///home/alica-dev/AlicaV2/packages/acap-contracts/dist/validation.js:35:9)
    at FrameReader.checkDeadline (file:///home/alica-dev/AlicaV2/packages/kernel/dist/g6/wire.js:118:13)
    at NativeStream.receive (file:///home/alica-dev/AlicaV2/packages/kernel/dist/g6/stream.js:104:21)
    at PhysicalSession.pump (file:///home/alica-dev/AlicaV2/packages/kernel/dist/g6/session.js:275:43)
    at Timeout._onTimeout (file:///home/alica-dev/AlicaV2/packages/kernel/dist/g6/session.js:207:26)
    at listOnTimeout (node:internal/timers:685:17)
    at process.processTimers (node:internal/timers:618:7) {
  code: 'DEADLINE_EXCEEDED',
  correlationId: '4b2a9b96-7f22-46d9-a542-1661cbaae8ec',
  retryable: false
}
IPC_DIAG fail org.alica.sessionvictim Error
    at PhysicalSession.fail (file:///home/alica-dev/AlicaV2/packages/kernel/dist/g6/session.js:451:70)
    at Timeout._onTimeout (file:///home/alica-dev/AlicaV2/packages/kernel/dist/g6/session.js:211:26)
    at listOnTimeout (node:internal/timers:685:17)
    at process.processTimers (node:internal/timers:618:7)
IPC_DIAG finish a53dba92b565ed5f9715e37d08bd024e9654cc1d8edd5e8f2468930890566748 c1 UNAVAILABLE
IPC_DIAG dead org.alica.sessionvictim 1 null
IPC_DIAG finish ae24e042665a8bc7e6a247eb4ad90e1528f2ed06b330473a9230d3fd13b4dfd6 c3 complete
IPC_DIAG finish ae24e042665a8bc7e6a247eb4ad90e1528f2ed06b330473a9230d3fd13b4dfd6 c4 complete
IPC_DIAG finish ae24e042665a8bc7e6a247eb4ad90e1528f2ed06b330473a9230d3fd13b4dfd6 c5 complete
IPC_DIAG fail org.alica.sessionvictim Error
    at PhysicalSession.fail (file:///home/alica-dev/AlicaV2/packages/kernel/dist/g6/session.js:451:70)
    at file:///home/alica-dev/AlicaV2/packages/kernel/dist/g6/session.js:517:22
    at async HostIPC.shutdown (file:///home/alica-dev/AlicaV2/packages/kernel/dist/g6/host-adapter.js:232:13)
    at async file:///home/alica-dev/AlicaV2/packages/kernel/dist/index.js:1280:21
    at async Host.closeScope (file:///home/alica-dev/AlicaV2/packages/kernel/dist/index.js:1342:21)
    at async Host.shutdown (file:///home/alica-dev/AlicaV2/packages/kernel/dist/index.js:1426:9)
    at async TestContext.stop (file:///home/alica-dev/AlicaV2/tools/g3-fixtures.mjs:218:5)
    at async TestHook.run (node:internal/test_runner/test:1409:7)
    at async Test.runHook (node:internal/test_runner/test:1289:9)
    at async after (node:internal/test_runner/test:1342:9)
IPC_DIAG dead org.alica.sessionvictim 1 null
✔ real session partial-work: bounded failure, reap and independent victim (3170.968997ms)
ℹ {"mode":"partial-work","elapsedMs":2013.4714630000017}
ℹ {"receipt":{"pid":205003,"code":1,"signal":null,"elapsedMs":2469.9942389999997},"victim":{"pid":204996,"rssKiB":70500,"childFDObservation":"not measured: production victim has no diagnostic dispatcher; required FD counts are measured on sealed qualification children","brokerFDs":25,"managed":3},"brokerAlive":204687}
IPC_DIAG finish b1a260bfa8f5ba17645fdc732929cdec1eda899936c66ed827e4f00460d3a902 c1 complete
IPC_DIAG finish b1a260bfa8f5ba17645fdc732929cdec1eda899936c66ed827e4f00460d3a902 c2 complete
IPC_DIAG pump org.alica.sessionvictim AcapError: INVALID_ARGUMENT
    at fail (file:///home/alica-dev/AlicaV2/packages/acap-contracts/dist/validation.js:31:11)
    at check (file:///home/alica-dev/AlicaV2/packages/acap-contracts/dist/validation.js:35:9)
    at value (file:///home/alica-dev/AlicaV2/packages/acap-contracts/dist/validation.js:106:21)
    at parse (file:///home/alica-dev/AlicaV2/packages/acap-contracts/dist/validation.js:140:17)
    at body (file:///home/alica-dev/AlicaV2/packages/kernel/dist/g6/wire.js:55:19)
    at decodeBody (file:///home/alica-dev/AlicaV2/packages/kernel/dist/g6/wire.js:62:24)
    at FrameReader.feed (file:///home/alica-dev/AlicaV2/packages/kernel/dist/g6/wire.js:148:27)
    at NativeStream.receive (file:///home/alica-dev/AlicaV2/packages/kernel/dist/g6/stream.js:120:39)
    at PhysicalSession.pump (file:///home/alica-dev/AlicaV2/packages/kernel/dist/g6/session.js:275:43)
    at Timeout._onTimeout (file:///home/alica-dev/AlicaV2/packages/kernel/dist/g6/session.js:207:26) {
  code: 'INVALID_ARGUMENT',
  correlationId: 'fbc50e0a-d381-4a59-910c-58f0f49e238b',
  retryable: false
}
IPC_DIAG fail org.alica.sessionvictim Error
    at PhysicalSession.fail (file:///home/alica-dev/AlicaV2/packages/kernel/dist/g6/session.js:451:70)
    at Timeout._onTimeout (file:///home/alica-dev/AlicaV2/packages/kernel/dist/g6/session.js:211:26)
    at listOnTimeout (node:internal/timers:685:17)
    at process.processTimers (node:internal/timers:618:7)
IPC_DIAG finish df7b561b0755d2bfd5eb04ed573ed700e764acfaa32d97f5767f4437a5aaa5d8 c1 UNAVAILABLE
IPC_DIAG dead org.alica.sessionvictim 1 null
IPC_DIAG finish b1a260bfa8f5ba17645fdc732929cdec1eda899936c66ed827e4f00460d3a902 c3 complete
IPC_DIAG finish b1a260bfa8f5ba17645fdc732929cdec1eda899936c66ed827e4f00460d3a902 c4 complete
IPC_DIAG finish b1a260bfa8f5ba17645fdc732929cdec1eda899936c66ed827e4f00460d3a902 c5 complete
IPC_DIAG fail org.alica.sessionvictim Error
    at PhysicalSession.fail (file:///home/alica-dev/AlicaV2/packages/kernel/dist/g6/session.js:451:70)
    at file:///home/alica-dev/AlicaV2/packages/kernel/dist/g6/session.js:517:22
    at async HostIPC.shutdown (file:///home/alica-dev/AlicaV2/packages/kernel/dist/g6/host-adapter.js:232:13)
    at async file:///home/alica-dev/AlicaV2/packages/kernel/dist/index.js:1280:21
    at async Host.closeScope (file:///home/alica-dev/AlicaV2/packages/kernel/dist/index.js:1342:21)
    at async Host.shutdown (file:///home/alica-dev/AlicaV2/packages/kernel/dist/index.js:1426:9)
    at async TestContext.stop (file:///home/alica-dev/AlicaV2/tools/g3-fixtures.mjs:218:5)
    at async TestHook.run (node:internal/test_runner/test:1409:7)
    at async Test.runHook (node:internal/test_runner/test:1289:9)
    at async after (node:internal/test_runner/test:1342:9)
IPC_DIAG dead org.alica.sessionvictim 1 null
✔ real session malformed-work: bounded failure, reap and independent victim (1234.017422ms)
ℹ {"mode":"malformed-work","elapsedMs":9.206440000009025}
ℹ {"receipt":{"pid":205020,"code":1,"signal":null,"elapsedMs":521.2950899999996},"victim":{"pid":205011,"rssKiB":69960,"childFDObservation":"not measured: production victim has no diagnostic dispatcher; required FD counts are measured on sealed qualification children","brokerFDs":25,"managed":3},"brokerAlive":204687}
IPC_DIAG finish 6b369256382f8808e782db10b2fe9a3b49325d3391115fd8acff6509fd23d158 c1 complete
IPC_DIAG finish 6b369256382f8808e782db10b2fe9a3b49325d3391115fd8acff6509fd23d158 c2 complete
IPC_DIAG pump org.alica.sessionvictim AcapError: UNAUTHENTICATED
    at fail (file:///home/alica-dev/AlicaV2/packages/acap-contracts/dist/validation.js:31:11)
    at check (file:///home/alica-dev/AlicaV2/packages/acap-contracts/dist/validation.js:35:9)
    at EndpointFence.accept (file:///home/alica-dev/AlicaV2/packages/kernel/dist/g6/wire.js:185:9)
    at NativeStream.receive (file:///home/alica-dev/AlicaV2/packages/kernel/dist/g6/stream.js:123:32)
    at PhysicalSession.pump (file:///home/alica-dev/AlicaV2/packages/kernel/dist/g6/session.js:275:43)
    at Timeout._onTimeout (file:///home/alica-dev/AlicaV2/packages/kernel/dist/g6/session.js:207:26)
    at listOnTimeout (node:internal/timers:685:17)
    at process.processTimers (node:internal/timers:618:7) {
  code: 'UNAUTHENTICATED',
  correlationId: '8988096a-2371-4e71-804f-4e89fd10e10c',
  retryable: false
}
IPC_DIAG fail org.alica.sessionvictim Error
    at PhysicalSession.fail (file:///home/alica-dev/AlicaV2/packages/kernel/dist/g6/session.js:451:70)
    at Timeout._onTimeout (file:///home/alica-dev/AlicaV2/packages/kernel/dist/g6/session.js:211:26)
    at listOnTimeout (node:internal/timers:685:17)
    at process.processTimers (node:internal/timers:618:7)
IPC_DIAG finish dc87c11fc6b002105f3f2d64f3a00e167674cc96e9c9e3404a5fcd7456758203 c1 UNAVAILABLE
IPC_DIAG dead org.alica.sessionvictim 1 null
IPC_DIAG finish 6b369256382f8808e782db10b2fe9a3b49325d3391115fd8acff6509fd23d158 c3 complete
IPC_DIAG finish 6b369256382f8808e782db10b2fe9a3b49325d3391115fd8acff6509fd23d158 c4 complete
IPC_DIAG finish 6b369256382f8808e782db10b2fe9a3b49325d3391115fd8acff6509fd23d158 c5 complete
IPC_DIAG fail org.alica.sessionvictim Error
    at PhysicalSession.fail (file:///home/alica-dev/AlicaV2/packages/kernel/dist/g6/session.js:451:70)
    at file:///home/alica-dev/AlicaV2/packages/kernel/dist/g6/session.js:517:22
    at async HostIPC.shutdown (file:///home/alica-dev/AlicaV2/packages/kernel/dist/g6/host-adapter.js:232:13)
    at async file:///home/alica-dev/AlicaV2/packages/kernel/dist/index.js:1280:21
    at async Host.closeScope (file:///home/alica-dev/AlicaV2/packages/kernel/dist/index.js:1342:21)
    at async Host.shutdown (file:///home/alica-dev/AlicaV2/packages/kernel/dist/index.js:1426:9)
    at async TestContext.stop (file:///home/alica-dev/AlicaV2/tools/g3-fixtures.mjs:218:5)
    at async TestHook.run (node:internal/test_runner/test:1409:7)
    at async Test.runHook (node:internal/test_runner/test:1289:9)
    at async after (node:internal/test_runner/test:1342:9)
IPC_DIAG dead org.alica.sessionvictim 1 null
✔ real session retargeted-work: bounded failure, reap and independent victim (1203.830691ms)
ℹ {"mode":"retargeted-work","elapsedMs":6.6949620000086725}
ℹ {"receipt":{"pid":205033,"code":1,"signal":null,"elapsedMs":474.35831999999937},"victim":{"pid":205026,"rssKiB":70772,"childFDObservation":"not measured: production victim has no diagnostic dispatcher; required FD counts are measured on sealed qualification children","brokerFDs":25,"managed":3},"brokerAlive":204687}
IPC_DIAG finish 508c001096026b40ca30013e1467f2903ac44c22e7d2fc88f8a71cd99fed728b c1 complete
IPC_DIAG finish 508c001096026b40ca30013e1467f2903ac44c22e7d2fc88f8a71cd99fed728b c2 complete
IPC_DIAG finish f1225d78590b3a5599213ce2d52e86f91c63f916119e14e9a314c0e3fd202c83 c1 UNAVAILABLE
IPC_DIAG fail org.alica.sessionvictim Error
    at PhysicalSession.fail (file:///home/alica-dev/AlicaV2/packages/kernel/dist/g6/session.js:451:70)
    at Scheduler.failSession (file:///home/alica-dev/AlicaV2/packages/kernel/dist/g6/session.js:121:100)
    at Scheduler.fail (file:///home/alica-dev/AlicaV2/packages/kernel/dist/g6/scheduler.js:258:14)
    at Timeout.<anonymous> (file:///home/alica-dev/AlicaV2/packages/kernel/dist/g6/scheduler.js:187:42)
    at listOnTimeout (node:internal/timers:685:17)
    at process.processTimers (node:internal/timers:618:7)
IPC_DIAG dead org.alica.sessionvictim 1 null
IPC_DIAG finish 508c001096026b40ca30013e1467f2903ac44c22e7d2fc88f8a71cd99fed728b c3 complete
IPC_DIAG finish 508c001096026b40ca30013e1467f2903ac44c22e7d2fc88f8a71cd99fed728b c4 complete
IPC_DIAG finish 508c001096026b40ca30013e1467f2903ac44c22e7d2fc88f8a71cd99fed728b c5 complete
IPC_DIAG fail org.alica.sessionvictim Error
    at PhysicalSession.fail (file:///home/alica-dev/AlicaV2/packages/kernel/dist/g6/session.js:451:70)
    at file:///home/alica-dev/AlicaV2/packages/kernel/dist/g6/session.js:517:22
    at async HostIPC.shutdown (file:///home/alica-dev/AlicaV2/packages/kernel/dist/g6/host-adapter.js:232:13)
    at async file:///home/alica-dev/AlicaV2/packages/kernel/dist/index.js:1280:21
    at async Host.closeScope (file:///home/alica-dev/AlicaV2/packages/kernel/dist/index.js:1342:21)
    at async Host.shutdown (file:///home/alica-dev/AlicaV2/packages/kernel/dist/index.js:1426:9)
    at async TestContext.stop (file:///home/alica-dev/AlicaV2/tools/g3-fixtures.mjs:218:5)
    at async TestHook.run (node:internal/test_runner/test:1409:7)
    at async Test.runHook (node:internal/test_runner/test:1289:9)
    at async after (node:internal/test_runner/test:1342:9)
IPC_DIAG dead org.alica.sessionvictim 1 null
✔ real session offer-starvation: bounded failure, reap and independent victim (2149.250227ms)
ℹ {"mode":"offer-starvation","elapsedMs":1003.3873309999908}
ℹ {"receipt":{"pid":205046,"code":1,"signal":null,"elapsedMs":1463.6297909999994},"victim":{"pid":205039,"rssKiB":65208,"childFDObservation":"not measured: production victim has no diagnostic dispatcher; required FD counts are measured on sealed qualification children","brokerFDs":25,"managed":3},"brokerAlive":204687}
IPC_DIAG finish ab4e3b54ffa98d26c114af3a57e1c30177eeddec1b9b066fffe458e52137e8d3 c1 complete
IPC_DIAG finish ab4e3b54ffa98d26c114af3a57e1c30177eeddec1b9b066fffe458e52137e8d3 c2 complete
IPC_DIAG pump org.alica.sessionvictim AcapError: DEADLINE_EXCEEDED
    at fail (file:///home/alica-dev/AlicaV2/packages/acap-contracts/dist/validation.js:31:11)
    at check (file:///home/alica-dev/AlicaV2/packages/acap-contracts/dist/validation.js:35:9)
    at NativeStream.flush (file:///home/alica-dev/AlicaV2/packages/kernel/dist/g6/stream.js:81:13)
    at PhysicalSession.pump (file:///home/alica-dev/AlicaV2/packages/kernel/dist/g6/session.js:274:29)
    at Timeout._onTimeout (file:///home/alica-dev/AlicaV2/packages/kernel/dist/g6/session.js:207:26)
    at listOnTimeout (node:internal/timers:685:17)
    at process.processTimers (node:internal/timers:618:7) {
  code: 'DEADLINE_EXCEEDED',
  correlationId: '6a3af973-fd13-47a9-b6ae-d22cfd00cae6',
  retryable: false
}
IPC_DIAG fail org.alica.sessionvictim Error
    at PhysicalSession.fail (file:///home/alica-dev/AlicaV2/packages/kernel/dist/g6/session.js:451:70)
    at Timeout._onTimeout (file:///home/alica-dev/AlicaV2/packages/kernel/dist/g6/session.js:211:26)
    at listOnTimeout (node:internal/timers:685:17)
    at process.processTimers (node:internal/timers:618:7)
IPC_DIAG finish f044a845a069693ac54fbeac9eb6a41493f2671dd556ae9a30874526fe247aca c1 UNAVAILABLE
IPC_DIAG dead org.alica.sessionvictim 1 null
IPC_DIAG finish ab4e3b54ffa98d26c114af3a57e1c30177eeddec1b9b066fffe458e52137e8d3 c3 complete
IPC_DIAG finish ab4e3b54ffa98d26c114af3a57e1c30177eeddec1b9b066fffe458e52137e8d3 c4 complete
IPC_DIAG finish ab4e3b54ffa98d26c114af3a57e1c30177eeddec1b9b066fffe458e52137e8d3 c5 complete
IPC_DIAG fail org.alica.sessionvictim Error
    at PhysicalSession.fail (file:///home/alica-dev/AlicaV2/packages/kernel/dist/g6/session.js:451:70)
    at file:///home/alica-dev/AlicaV2/packages/kernel/dist/g6/session.js:517:22
    at async HostIPC.shutdown (file:///home/alica-dev/AlicaV2/packages/kernel/dist/g6/host-adapter.js:232:13)
    at async file:///home/alica-dev/AlicaV2/packages/kernel/dist/index.js:1280:21
    at async Host.closeScope (file:///home/alica-dev/AlicaV2/packages/kernel/dist/index.js:1342:21)
    at async Host.shutdown (file:///home/alica-dev/AlicaV2/packages/kernel/dist/index.js:1426:9)
    at async TestContext.stop (file:///home/alica-dev/AlicaV2/tools/g3-fixtures.mjs:218:5)
    at async TestHook.run (node:internal/test_runner/test:1409:7)
    at async Test.runHook (node:internal/test_runner/test:1289:9)
    at async after (node:internal/test_runner/test:1342:9)
IPC_DIAG dead org.alica.sessionvictim 1 null
✔ real non-reading work socket triggers partial-write deadline and releases charged bytes (3211.976163ms)
ℹ {"socket":{"sendBuffer":212992,"receiveBuffer":212992,"queuedWrite":222720,"queuedRead":0},"wire":{"bytes":900506,"frames":2,"control":0}}
ℹ {"receipt":{"pid":205059,"code":1,"signal":null,"elapsedMs":2492.732145999995},"victim":{"pid":205052,"rssKiB":70520,"childFDObservation":"not measured: production victim has no diagnostic dispatcher; required FD counts are measured on sealed qualification children","brokerFDs":25,"managed":3},"brokerAlive":204687}
IPC_DIAG finish ae71ae83dc55b2cf2f6d2832356713a77ae0f86cd57a60058fdc08087c966af5 c1 complete
IPC_DIAG finish ae71ae83dc55b2cf2f6d2832356713a77ae0f86cd57a60058fdc08087c966af5 c2 complete
IPC_DIAG pump org.alica.sessionvictim PeerClosed [AcapError]: UNAVAILABLE
    at NativeStream.receive (file:///home/alica-dev/AlicaV2/packages/kernel/dist/g6/stream.js:119:23)
    at PhysicalSession.pump (file:///home/alica-dev/AlicaV2/packages/kernel/dist/g6/session.js:258:35)
    at Timeout._onTimeout (file:///home/alica-dev/AlicaV2/packages/kernel/dist/g6/session.js:207:26)
    at listOnTimeout (node:internal/timers:685:17)
    at process.processTimers (node:internal/timers:618:7) {
  code: 'UNAVAILABLE',
  correlationId: '23e8db69-a76b-48e0-b0a9-5e4ef70c8a38',
  retryable: false
}
IPC_DIAG fail org.alica.sessionvictim Error
    at PhysicalSession.fail (file:///home/alica-dev/AlicaV2/packages/kernel/dist/g6/session.js:451:70)
    at Timeout._onTimeout (file:///home/alica-dev/AlicaV2/packages/kernel/dist/g6/session.js:211:26)
    at listOnTimeout (node:internal/timers:685:17)
    at process.processTimers (node:internal/timers:618:7)
IPC_DIAG finish 9c2ac8da30af50009d7b16945e1cb4998c8fc5457e68e7ac0190b0960fd969dd c1 UNAVAILABLE
IPC_DIAG dead org.alica.sessionvictim 1 null
IPC_DIAG finish ae71ae83dc55b2cf2f6d2832356713a77ae0f86cd57a60058fdc08087c966af5 c3 complete
IPC_DIAG finish ae71ae83dc55b2cf2f6d2832356713a77ae0f86cd57a60058fdc08087c966af5 c4 complete
IPC_DIAG finish ae71ae83dc55b2cf2f6d2832356713a77ae0f86cd57a60058fdc08087c966af5 c5 complete
IPC_DIAG fail org.alica.sessionvictim Error
    at PhysicalSession.fail (file:///home/alica-dev/AlicaV2/packages/kernel/dist/g6/session.js:451:70)
    at file:///home/alica-dev/AlicaV2/packages/kernel/dist/g6/session.js:517:22
    at async HostIPC.shutdown (file:///home/alica-dev/AlicaV2/packages/kernel/dist/g6/host-adapter.js:232:13)
    at async file:///home/alica-dev/AlicaV2/packages/kernel/dist/index.js:1280:21
    at async Host.closeScope (file:///home/alica-dev/AlicaV2/packages/kernel/dist/index.js:1342:21)
    at async Host.shutdown (file:///home/alica-dev/AlicaV2/packages/kernel/dist/index.js:1426:9)
    at async TestContext.stop (file:///home/alica-dev/AlicaV2/tools/g3-fixtures.mjs:218:5)
    at async TestHook.run (node:internal/test_runner/test:1409:7)
    at async Test.runHook (node:internal/test_runner/test:1289:9)
    at async after (node:internal/test_runner/test:1342:9)
IPC_DIAG dead org.alica.sessionvictim 1 null
✔ real carrier wrong-session: reject transferred rights and preserve victim (1183.614078ms)
ℹ {"receipt":{"pid":205073,"code":1,"signal":null,"elapsedMs":488.8748159999959},"victim":{"pid":205066,"rssKiB":70332,"childFDObservation":"not measured: production victim has no diagnostic dispatcher; required FD counts are measured on sealed qualification children","brokerFDs":25,"managed":3},"brokerAlive":204687}
IPC_DIAG finish 25f7b92673b70a653dc6c46314fafe1674cc8e01be231baea1eafc5117fc84ac c1 complete
IPC_DIAG finish 25f7b92673b70a653dc6c46314fafe1674cc8e01be231baea1eafc5117fc84ac c2 complete
IPC_DIAG pump org.alica.sessionvictim PeerClosed [AcapError]: UNAVAILABLE
    at NativeStream.receive (file:///home/alica-dev/AlicaV2/packages/kernel/dist/g6/stream.js:119:23)
    at PhysicalSession.pump (file:///home/alica-dev/AlicaV2/packages/kernel/dist/g6/session.js:258:35)
    at Timeout._onTimeout (file:///home/alica-dev/AlicaV2/packages/kernel/dist/g6/session.js:207:26)
    at listOnTimeout (node:internal/timers:685:17)
    at process.processTimers (node:internal/timers:618:7) {
  code: 'UNAVAILABLE',
  correlationId: '67a1c152-5550-4fa7-99db-c15f791a2323',
  retryable: false
}
IPC_DIAG fail org.alica.sessionvictim Error
    at PhysicalSession.fail (file:///home/alica-dev/AlicaV2/packages/kernel/dist/g6/session.js:451:70)
    at Timeout._onTimeout (file:///home/alica-dev/AlicaV2/packages/kernel/dist/g6/session.js:211:26)
    at listOnTimeout (node:internal/timers:685:17)
    at process.processTimers (node:internal/timers:618:7)
IPC_DIAG finish a19514d7872afe95411b1b10283b7977481321c2c730b30d5c56439f54e8fd8b c1 UNAVAILABLE
IPC_DIAG dead org.alica.sessionvictim 1 null
IPC_DIAG finish 25f7b92673b70a653dc6c46314fafe1674cc8e01be231baea1eafc5117fc84ac c3 complete
IPC_DIAG finish 25f7b92673b70a653dc6c46314fafe1674cc8e01be231baea1eafc5117fc84ac c4 complete
IPC_DIAG finish 25f7b92673b70a653dc6c46314fafe1674cc8e01be231baea1eafc5117fc84ac c5 complete
IPC_DIAG fail org.alica.sessionvictim Error
    at PhysicalSession.fail (file:///home/alica-dev/AlicaV2/packages/kernel/dist/g6/session.js:451:70)
    at file:///home/alica-dev/AlicaV2/packages/kernel/dist/g6/session.js:517:22
    at async HostIPC.shutdown (file:///home/alica-dev/AlicaV2/packages/kernel/dist/g6/host-adapter.js:232:13)
    at async file:///home/alica-dev/AlicaV2/packages/kernel/dist/index.js:1280:21
    at async Host.closeScope (file:///home/alica-dev/AlicaV2/packages/kernel/dist/index.js:1342:21)
    at async Host.shutdown (file:///home/alica-dev/AlicaV2/packages/kernel/dist/index.js:1426:9)
    at async TestContext.stop (file:///home/alica-dev/AlicaV2/tools/g3-fixtures.mjs:218:5)
    at async TestHook.run (node:internal/test_runner/test:1409:7)
    at async Test.runHook (node:internal/test_runner/test:1289:9)
    at async after (node:internal/test_runner/test:1342:9)
IPC_DIAG dead org.alica.sessionvictim 1 null
✔ real carrier wrong-generation: reject transferred rights and preserve victim (1205.16752ms)
ℹ {"receipt":{"pid":205086,"code":1,"signal":null,"elapsedMs":467.4252309999865},"victim":{"pid":205079,"rssKiB":70380,"childFDObservation":"not measured: production victim has no diagnostic dispatcher; required FD counts are measured on sealed qualification children","brokerFDs":25,"managed":3},"brokerAlive":204687}
IPC_DIAG finish ad3097cdd84a5efe69e1fa81b19192dcef956121cdd75a7a58c49562c57bb57d c1 complete
IPC_DIAG finish ad3097cdd84a5efe69e1fa81b19192dcef956121cdd75a7a58c49562c57bb57d c2 complete
IPC_DIAG pump org.alica.sessionvictim AcapError: UNAUTHENTICATED
    at fail (file:///home/alica-dev/AlicaV2/packages/acap-contracts/dist/validation.js:31:11)
    at check (file:///home/alica-dev/AlicaV2/packages/acap-contracts/dist/validation.js:35:9)
    at Scheduler.acknowledge (file:///home/alica-dev/AlicaV2/packages/kernel/dist/g6/scheduler.js:206:9)
    at PhysicalSession.controlFrame (file:///home/alica-dev/AlicaV2/packages/kernel/dist/g6/session.js:381:40)
    at PhysicalSession.pump (file:///home/alica-dev/AlicaV2/packages/kernel/dist/g6/session.js:262:22)
    at Timeout._onTimeout (file:///home/alica-dev/AlicaV2/packages/kernel/dist/g6/session.js:207:26)
    at listOnTimeout (node:internal/timers:685:17)
    at process.processTimers (node:internal/timers:618:7) {
  code: 'UNAUTHENTICATED',
  correlationId: 'bde30e03-bf99-41ca-982d-2beb58b90b07',
  retryable: false
}
IPC_DIAG fail org.alica.sessionvictim Error
    at PhysicalSession.fail (file:///home/alica-dev/AlicaV2/packages/kernel/dist/g6/session.js:451:70)
    at Timeout._onTimeout (file:///home/alica-dev/AlicaV2/packages/kernel/dist/g6/session.js:211:26)
    at listOnTimeout (node:internal/timers:685:17)
    at process.processTimers (node:internal/timers:618:7)
IPC_DIAG finish b589b34d229515149c397ad3b6fdaa69053a148d46e0bc84058becf969f57c5f c1 UNAVAILABLE
IPC_DIAG dead org.alica.sessionvictim 1 null
IPC_DIAG finish ad3097cdd84a5efe69e1fa81b19192dcef956121cdd75a7a58c49562c57bb57d c3 complete
IPC_DIAG finish ad3097cdd84a5efe69e1fa81b19192dcef956121cdd75a7a58c49562c57bb57d c4 complete
IPC_DIAG finish ad3097cdd84a5efe69e1fa81b19192dcef956121cdd75a7a58c49562c57bb57d c5 complete
IPC_DIAG fail org.alica.sessionvictim Error
    at PhysicalSession.fail (file:///home/alica-dev/AlicaV2/packages/kernel/dist/g6/session.js:451:70)
    at file:///home/alica-dev/AlicaV2/packages/kernel/dist/g6/session.js:517:22
    at async HostIPC.shutdown (file:///home/alica-dev/AlicaV2/packages/kernel/dist/g6/host-adapter.js:232:13)
    at async file:///home/alica-dev/AlicaV2/packages/kernel/dist/index.js:1280:21
    at async Host.closeScope (file:///home/alica-dev/AlicaV2/packages/kernel/dist/index.js:1342:21)
    at async Host.shutdown (file:///home/alica-dev/AlicaV2/packages/kernel/dist/index.js:1426:9)
    at async TestContext.stop (file:///home/alica-dev/AlicaV2/tools/g3-fixtures.mjs:218:5)
    at async TestHook.run (node:internal/test_runner/test:1409:7)
    at async Test.runHook (node:internal/test_runner/test:1289:9)
    at async after (node:internal/test_runner/test:1342:9)
IPC_DIAG dead org.alica.sessionvictim 1 null
✔ real carrier wrong-nonce: reject transferred rights and preserve victim (1211.802379ms)
ℹ {"receipt":{"pid":205099,"code":1,"signal":null,"elapsedMs":499.24039699998684},"victim":{"pid":205092,"rssKiB":70376,"childFDObservation":"not measured: production victim has no diagnostic dispatcher; required FD counts are measured on sealed qualification children","brokerFDs":25,"managed":3},"brokerAlive":204687}
IPC_DIAG finish a03d1700d619af8452fad16afdcee431f7e543b27c21a7cf95465cf6a0ae891b c1 complete
IPC_DIAG finish a03d1700d619af8452fad16afdcee431f7e543b27c21a7cf95465cf6a0ae891b c2 complete
IPC_DIAG pump org.alica.sessionvictim PeerClosed [AcapError]: UNAVAILABLE
    at NativeStream.receive (file:///home/alica-dev/AlicaV2/packages/kernel/dist/g6/stream.js:119:23)
    at PhysicalSession.pump (file:///home/alica-dev/AlicaV2/packages/kernel/dist/g6/session.js:258:35)
    at Timeout._onTimeout (file:///home/alica-dev/AlicaV2/packages/kernel/dist/g6/session.js:207:26)
    at listOnTimeout (node:internal/timers:685:17)
    at process.processTimers (node:internal/timers:618:7) {
  code: 'UNAVAILABLE',
  correlationId: 'ffd7b12a-ae8e-4d2f-8450-43763dd546fc',
  retryable: false
}
IPC_DIAG fail org.alica.sessionvictim Error
    at PhysicalSession.fail (file:///home/alica-dev/AlicaV2/packages/kernel/dist/g6/session.js:451:70)
    at Timeout._onTimeout (file:///home/alica-dev/AlicaV2/packages/kernel/dist/g6/session.js:211:26)
    at listOnTimeout (node:internal/timers:685:17)
    at process.processTimers (node:internal/timers:618:7)
IPC_DIAG finish bc8aa9cf3416d1d8c8d0d0d91de4f45163628a43b5fdfd01a5d929ada7678a4e c1 UNAVAILABLE
IPC_DIAG dead org.alica.sessionvictim 1 null
IPC_DIAG finish a03d1700d619af8452fad16afdcee431f7e543b27c21a7cf95465cf6a0ae891b c3 complete
IPC_DIAG finish a03d1700d619af8452fad16afdcee431f7e543b27c21a7cf95465cf6a0ae891b c4 complete
IPC_DIAG finish a03d1700d619af8452fad16afdcee431f7e543b27c21a7cf95465cf6a0ae891b c5 complete
IPC_DIAG fail org.alica.sessionvictim Error
    at PhysicalSession.fail (file:///home/alica-dev/AlicaV2/packages/kernel/dist/g6/session.js:451:70)
    at file:///home/alica-dev/AlicaV2/packages/kernel/dist/g6/session.js:517:22
    at async HostIPC.shutdown (file:///home/alica-dev/AlicaV2/packages/kernel/dist/g6/host-adapter.js:232:13)
    at async file:///home/alica-dev/AlicaV2/packages/kernel/dist/index.js:1280:21
    at async Host.closeScope (file:///home/alica-dev/AlicaV2/packages/kernel/dist/index.js:1342:21)
    at async Host.shutdown (file:///home/alica-dev/AlicaV2/packages/kernel/dist/index.js:1426:9)
    at async TestContext.stop (file:///home/alica-dev/AlicaV2/tools/g3-fixtures.mjs:218:5)
    at async TestHook.run (node:internal/test_runner/test:1409:7)
    at async Test.runHook (node:internal/test_runner/test:1289:9)
    at async after (node:internal/test_runner/test:1342:9)
IPC_DIAG dead org.alica.sessionvictim 1 null
✔ real carrier replayed-packet: reject transferred rights and preserve victim (1162.527287ms)
ℹ {"receipt":{"pid":205112,"code":1,"signal":null,"elapsedMs":468.61579299998994},"victim":{"pid":205105,"rssKiB":70620,"childFDObservation":"not measured: production victim has no diagnostic dispatcher; required FD counts are measured on sealed qualification children","brokerFDs":25,"managed":3},"brokerAlive":204687}
IPC_DIAG finish 8b83152400d0cbd4993de5fdafbc54a069ea8ce6d26eeb0df0c3dd80d81fc1bf c1 complete
IPC_DIAG finish 8b83152400d0cbd4993de5fdafbc54a069ea8ce6d26eeb0df0c3dd80d81fc1bf c2 complete
IPC_DIAG pump org.alica.sessionvictim PeerClosed [AcapError]: UNAVAILABLE
    at NativeStream.receive (file:///home/alica-dev/AlicaV2/packages/kernel/dist/g6/stream.js:119:23)
    at PhysicalSession.pump (file:///home/alica-dev/AlicaV2/packages/kernel/dist/g6/session.js:258:35)
    at Timeout._onTimeout (file:///home/alica-dev/AlicaV2/packages/kernel/dist/g6/session.js:207:26)
    at listOnTimeout (node:internal/timers:685:17)
    at process.processTimers (node:internal/timers:618:7) {
  code: 'UNAVAILABLE',
  correlationId: '30464e72-24db-4a34-80c5-e36c02a84460',
  retryable: false
}
IPC_DIAG fail org.alica.sessionvictim Error
    at PhysicalSession.fail (file:///home/alica-dev/AlicaV2/packages/kernel/dist/g6/session.js:451:70)
    at Timeout._onTimeout (file:///home/alica-dev/AlicaV2/packages/kernel/dist/g6/session.js:211:26)
    at listOnTimeout (node:internal/timers:685:17)
    at process.processTimers (node:internal/timers:618:7)
IPC_DIAG finish ee9def61b5107c44127aec251b7994b7edb197dadd4f8df1f3fa075075adc312 c1 UNAVAILABLE
IPC_DIAG dead org.alica.sessionvictim 1 null
IPC_DIAG finish 8b83152400d0cbd4993de5fdafbc54a069ea8ce6d26eeb0df0c3dd80d81fc1bf c3 complete
IPC_DIAG finish 8b83152400d0cbd4993de5fdafbc54a069ea8ce6d26eeb0df0c3dd80d81fc1bf c4 complete
IPC_DIAG finish 8b83152400d0cbd4993de5fdafbc54a069ea8ce6d26eeb0df0c3dd80d81fc1bf c5 complete
IPC_DIAG fail org.alica.sessionvictim Error
    at PhysicalSession.fail (file:///home/alica-dev/AlicaV2/packages/kernel/dist/g6/session.js:451:70)
    at file:///home/alica-dev/AlicaV2/packages/kernel/dist/g6/session.js:517:22
    at async HostIPC.shutdown (file:///home/alica-dev/AlicaV2/packages/kernel/dist/g6/host-adapter.js:232:13)
    at async file:///home/alica-dev/AlicaV2/packages/kernel/dist/index.js:1280:21
    at async Host.closeScope (file:///home/alica-dev/AlicaV2/packages/kernel/dist/index.js:1342:21)
    at async Host.shutdown (file:///home/alica-dev/AlicaV2/packages/kernel/dist/index.js:1426:9)
    at async TestContext.stop (file:///home/alica-dev/AlicaV2/tools/g3-fixtures.mjs:218:5)
    at async TestHook.run (node:internal/test_runner/test:1409:7)
    at async Test.runHook (node:internal/test_runner/test:1289:9)
    at async after (node:internal/test_runner/test:1342:9)
IPC_DIAG dead org.alica.sessionvictim 1 null
✔ real carrier truncated-packet: reject transferred rights and preserve victim (1154.175458ms)
ℹ {"receipt":{"pid":205125,"code":1,"signal":null,"elapsedMs":473.521127},"victim":{"pid":205118,"rssKiB":70796,"childFDObservation":"not measured: production victim has no diagnostic dispatcher; required FD counts are measured on sealed qualification children","brokerFDs":25,"managed":3},"brokerAlive":204687}
IPC_DIAG finish aa31e813bd37998479632218b7ffa4118abe546e12fd851906ccbb20b635a7fb c1 complete
IPC_DIAG finish aa31e813bd37998479632218b7ffa4118abe546e12fd851906ccbb20b635a7fb c2 complete
IPC_DIAG pump org.alica.sessionvictim PeerClosed [AcapError]: UNAVAILABLE
    at NativeStream.receive (file:///home/alica-dev/AlicaV2/packages/kernel/dist/g6/stream.js:119:23)
    at PhysicalSession.pump (file:///home/alica-dev/AlicaV2/packages/kernel/dist/g6/session.js:258:35)
    at Timeout._onTimeout (file:///home/alica-dev/AlicaV2/packages/kernel/dist/g6/session.js:207:26)
    at listOnTimeout (node:internal/timers:685:17)
    at process.processTimers (node:internal/timers:618:7) {
  code: 'UNAVAILABLE',
  correlationId: '33a76fb1-5f40-4884-954c-8ef9d17f2835',
  retryable: false
}
IPC_DIAG fail org.alica.sessionvictim Error
    at PhysicalSession.fail (file:///home/alica-dev/AlicaV2/packages/kernel/dist/g6/session.js:451:70)
    at Timeout._onTimeout (file:///home/alica-dev/AlicaV2/packages/kernel/dist/g6/session.js:211:26)
    at listOnTimeout (node:internal/timers:685:17)
    at process.processTimers (node:internal/timers:618:7)
IPC_DIAG finish 42b2c74c2edcaf68835009895af5ec562ae9c60f1cd8dfca1757821b1dced8ed c1 UNAVAILABLE
IPC_DIAG dead org.alica.sessionvictim 1 null
IPC_DIAG finish aa31e813bd37998479632218b7ffa4118abe546e12fd851906ccbb20b635a7fb c3 complete
IPC_DIAG finish aa31e813bd37998479632218b7ffa4118abe546e12fd851906ccbb20b635a7fb c4 complete
IPC_DIAG finish aa31e813bd37998479632218b7ffa4118abe546e12fd851906ccbb20b635a7fb c5 complete
IPC_DIAG fail org.alica.sessionvictim Error
    at PhysicalSession.fail (file:///home/alica-dev/AlicaV2/packages/kernel/dist/g6/session.js:451:70)
    at file:///home/alica-dev/AlicaV2/packages/kernel/dist/g6/session.js:517:22
    at async HostIPC.shutdown (file:///home/alica-dev/AlicaV2/packages/kernel/dist/g6/host-adapter.js:232:13)
    at async file:///home/alica-dev/AlicaV2/packages/kernel/dist/index.js:1280:21
    at async Host.closeScope (file:///home/alica-dev/AlicaV2/packages/kernel/dist/index.js:1342:21)
    at async Host.shutdown (file:///home/alica-dev/AlicaV2/packages/kernel/dist/index.js:1426:9)
    at async TestContext.stop (file:///home/alica-dev/AlicaV2/tools/g3-fixtures.mjs:218:5)
    at async TestHook.run (node:internal/test_runner/test:1409:7)
    at async Test.runHook (node:internal/test_runner/test:1289:9)
    at async after (node:internal/test_runner/test:1342:9)
IPC_DIAG dead org.alica.sessionvictim 1 null
✔ real carrier wrong-socket-type: reject transferred rights and preserve victim (1365.885898ms)
ℹ {"receipt":{"pid":205138,"code":1,"signal":null,"elapsedMs":613.4460629999958},"victim":{"pid":205131,"rssKiB":70508,"childFDObservation":"not measured: production victim has no diagnostic dispatcher; required FD counts are measured on sealed qualification children","brokerFDs":25,"managed":3},"brokerAlive":204687}
IPC_DIAG finish 352ae42cd12aee80090731c8fc3f4701581020002321c196124f1c76f9ddbf69 c1 complete
IPC_DIAG finish 352ae42cd12aee80090731c8fc3f4701581020002321c196124f1c76f9ddbf69 c2 complete
IPC_DIAG dead org.alica.sessionvictim 1 null
IPC_DIAG fail org.alica.sessionvictim Error
    at PhysicalSession.fail (file:///home/alica-dev/AlicaV2/packages/kernel/dist/g6/session.js:451:70)
    at PhysicalSession.dead (file:///home/alica-dev/AlicaV2/packages/kernel/dist/g6/session.js:527:14)
    at ChildProcess.<anonymous> (file:///home/alica-dev/AlicaV2/packages/kernel/dist/g6/session.js:202:55)
    at ChildProcess.wrapper (node:events:639:12)
    at ChildProcess.emit (node:events:514:28)
    at ChildProcess._handle.onexit (node:internal/child_process:295:12)
IPC_DIAG finish 647ddd88756870aa16e39b4cad426349451b7df517e652ddfeedad9ee4e34abe c1 UNAVAILABLE
IPC_DIAG finish 352ae42cd12aee80090731c8fc3f4701581020002321c196124f1c76f9ddbf69 c3 complete
IPC_DIAG finish 352ae42cd12aee80090731c8fc3f4701581020002321c196124f1c76f9ddbf69 c4 complete
IPC_DIAG finish 352ae42cd12aee80090731c8fc3f4701581020002321c196124f1c76f9ddbf69 c5 complete
IPC_DIAG fail org.alica.sessionvictim Error
    at PhysicalSession.fail (file:///home/alica-dev/AlicaV2/packages/kernel/dist/g6/session.js:451:70)
    at file:///home/alica-dev/AlicaV2/packages/kernel/dist/g6/session.js:517:22
    at async HostIPC.shutdown (file:///home/alica-dev/AlicaV2/packages/kernel/dist/g6/host-adapter.js:232:13)
    at async file:///home/alica-dev/AlicaV2/packages/kernel/dist/index.js:1280:21
    at async Host.closeScope (file:///home/alica-dev/AlicaV2/packages/kernel/dist/index.js:1342:21)
    at async Host.shutdown (file:///home/alica-dev/AlicaV2/packages/kernel/dist/index.js:1426:9)
    at async TestContext.stop (file:///home/alica-dev/AlicaV2/tools/g3-fixtures.mjs:218:5)
    at async TestHook.run (node:internal/test_runner/test:1409:7)
    at async Test.runHook (node:internal/test_runner/test:1289:9)
    at async after (node:internal/test_runner/test:1342:9)
IPC_DIAG dead org.alica.sessionvictim 1 null
✔ real carrier multiple-rights: reject transferred rights and preserve victim (1226.894791ms)
ℹ {"receipt":{"pid":205152,"code":1,"signal":null,"elapsedMs":513.7540690000023},"victim":{"pid":205145,"rssKiB":70552,"childFDObservation":"not measured: production victim has no diagnostic dispatcher; required FD counts are measured on sealed qualification children","brokerFDs":25,"managed":3},"brokerAlive":204687}
IPC_DIAG finish 39da2c49d3313345ca468283fc4c2614ae81c7b8942dcbf614663b87b55d41c6 c1 complete
IPC_DIAG finish 39da2c49d3313345ca468283fc4c2614ae81c7b8942dcbf614663b87b55d41c6 c2 complete
IPC_DIAG dead org.alica.sessionvictim 1 null
IPC_DIAG fail org.alica.sessionvictim Error
    at PhysicalSession.fail (file:///home/alica-dev/AlicaV2/packages/kernel/dist/g6/session.js:451:70)
    at PhysicalSession.dead (file:///home/alica-dev/AlicaV2/packages/kernel/dist/g6/session.js:527:14)
    at ChildProcess.<anonymous> (file:///home/alica-dev/AlicaV2/packages/kernel/dist/g6/session.js:202:55)
    at ChildProcess.wrapper (node:events:639:12)
    at ChildProcess.emit (node:events:514:28)
    at ChildProcess._handle.onexit (node:internal/child_process:295:12)
IPC_DIAG finish c2354f409dd6a0dde34155a8b16e7337463871eea9636923ab3a334a896c60d7 c1 UNAVAILABLE
IPC_DIAG finish 39da2c49d3313345ca468283fc4c2614ae81c7b8942dcbf614663b87b55d41c6 c3 complete
IPC_DIAG finish 39da2c49d3313345ca468283fc4c2614ae81c7b8942dcbf614663b87b55d41c6 c4 complete
IPC_DIAG finish 39da2c49d3313345ca468283fc4c2614ae81c7b8942dcbf614663b87b55d41c6 c5 complete
IPC_DIAG fail org.alica.sessionvictim Error
    at PhysicalSession.fail (file:///home/alica-dev/AlicaV2/packages/kernel/dist/g6/session.js:451:70)
    at file:///home/alica-dev/AlicaV2/packages/kernel/dist/g6/session.js:517:22
    at async HostIPC.shutdown (file:///home/alica-dev/AlicaV2/packages/kernel/dist/g6/host-adapter.js:232:13)
    at async file:///home/alica-dev/AlicaV2/packages/kernel/dist/index.js:1280:21
    at async Host.closeScope (file:///home/alica-dev/AlicaV2/packages/kernel/dist/index.js:1342:21)
    at async Host.shutdown (file:///home/alica-dev/AlicaV2/packages/kernel/dist/index.js:1426:9)
    at async TestContext.stop (file:///home/alica-dev/AlicaV2/tools/g3-fixtures.mjs:218:5)
    at async TestHook.run (node:internal/test_runner/test:1409:7)
    at async Test.runHook (node:internal/test_runner/test:1289:9)
    at async after (node:internal/test_runner/test:1342:9)
IPC_DIAG dead org.alica.sessionvictim 1 null
✔ real carrier no-rights: reject transferred rights and preserve victim (1235.358512ms)
ℹ {"receipt":{"pid":205168,"code":1,"signal":null,"elapsedMs":496.566737000001},"victim":{"pid":205161,"rssKiB":70612,"childFDObservation":"not measured: production victim has no diagnostic dispatcher; required FD counts are measured on sealed qualification children","brokerFDs":25,"managed":3},"brokerAlive":204687}
IPC_DIAG finish 7852abeab331cf1c2513a1b691febb283dc67d04ecc7d6b801a9e4ae652138b2 c1 complete
IPC_DIAG finish 7852abeab331cf1c2513a1b691febb283dc67d04ecc7d6b801a9e4ae652138b2 c2 complete
IPC_DIAG pump org.alica.sessionvictim PeerClosed [AcapError]: UNAVAILABLE
    at NativeStream.receive (file:///home/alica-dev/AlicaV2/packages/kernel/dist/g6/stream.js:119:23)
    at PhysicalSession.pump (file:///home/alica-dev/AlicaV2/packages/kernel/dist/g6/session.js:258:35)
    at Timeout._onTimeout (file:///home/alica-dev/AlicaV2/packages/kernel/dist/g6/session.js:207:26)
    at listOnTimeout (node:internal/timers:685:17)
    at process.processTimers (node:internal/timers:618:7) {
  code: 'UNAVAILABLE',
  correlationId: 'b5933210-7a89-46be-a5b8-5b30a416ddab',
  retryable: false
}
IPC_DIAG fail org.alica.sessionvictim Error
    at PhysicalSession.fail (file:///home/alica-dev/AlicaV2/packages/kernel/dist/g6/session.js:451:70)
    at Timeout._onTimeout (file:///home/alica-dev/AlicaV2/packages/kernel/dist/g6/session.js:211:26)
    at listOnTimeout (node:internal/timers:685:17)
    at process.processTimers (node:internal/timers:618:7)
IPC_DIAG finish b7d1969a840e022a9f508d01ac7994703202ded9166919e236772c1a7c1d1dac c1 UNAVAILABLE
IPC_DIAG dead org.alica.sessionvictim 1 null
IPC_DIAG finish 7852abeab331cf1c2513a1b691febb283dc67d04ecc7d6b801a9e4ae652138b2 c3 complete
IPC_DIAG finish 7852abeab331cf1c2513a1b691febb283dc67d04ecc7d6b801a9e4ae652138b2 c4 complete
IPC_DIAG finish 7852abeab331cf1c2513a1b691febb283dc67d04ecc7d6b801a9e4ae652138b2 c5 complete
IPC_DIAG fail org.alica.sessionvictim Error
    at PhysicalSession.fail (file:///home/alica-dev/AlicaV2/packages/kernel/dist/g6/session.js:451:70)
    at file:///home/alica-dev/AlicaV2/packages/kernel/dist/g6/session.js:517:22
    at async HostIPC.shutdown (file:///home/alica-dev/AlicaV2/packages/kernel/dist/g6/host-adapter.js:232:13)
    at async file:///home/alica-dev/AlicaV2/packages/kernel/dist/index.js:1280:21
    at async Host.closeScope (file:///home/alica-dev/AlicaV2/packages/kernel/dist/index.js:1342:21)
    at async Host.shutdown (file:///home/alica-dev/AlicaV2/packages/kernel/dist/index.js:1426:9)
    at async TestContext.stop (file:///home/alica-dev/AlicaV2/tools/g3-fixtures.mjs:218:5)
    at async TestHook.run (node:internal/test_runner/test:1409:7)
    at async Test.runHook (node:internal/test_runner/test:1289:9)
    at async after (node:internal/test_runner/test:1342:9)
IPC_DIAG dead org.alica.sessionvictim 1 null
✔ real carrier oversized-packet: reject transferred rights and preserve victim (1187.90553ms)
ℹ {"receipt":{"pid":205182,"code":1,"signal":null,"elapsedMs":503.91886600000726},"victim":{"pid":205175,"rssKiB":70512,"childFDObservation":"not measured: production victim has no diagnostic dispatcher; required FD counts are measured on sealed qualification children","brokerFDs":25,"managed":3},"brokerAlive":204687}
IPC_DIAG finish 15087df322e11cb72a7742029da7800192f08aaacb278fc2c1be9ca0b236fefd c1 complete
IPC_DIAG finish 15087df322e11cb72a7742029da7800192f08aaacb278fc2c1be9ca0b236fefd c2 complete
IPC_DIAG fail org.alica.sessionvictim Error
    at PhysicalSession.fail (file:///home/alica-dev/AlicaV2/packages/kernel/dist/g6/session.js:451:70)
    at file:///home/alica-dev/AlicaV2/packages/kernel/dist/g6/session.js:517:22
    at runNextTicks (node:internal/process/task_queues:65:5)
    at listOnTimeout (node:internal/timers:644:9)
    at process.processTimers (node:internal/timers:618:7)
    at async waitForActual (node:assert:646:5)
    at async strict.rejects (node:assert:769:25)
    at async TestContext.<anonymous> (file:///home/alica-dev/AlicaV2/tests/ipc/session-qualification.test.mjs:685:7)
    at async Test.run (node:internal/test_runner/test:1409:7)
    at async Test.processPendingSubtests (node:internal/test_runner/test:974:7)
IPC_DIAG finish 15087df322e11cb72a7742029da7800192f08aaacb278fc2c1be9ca0b236fefd c3 complete
IPC_DIAG fail org.alica.sessionvictim Error
    at PhysicalSession.fail (file:///home/alica-dev/AlicaV2/packages/kernel/dist/g6/session.js:451:70)
    at file:///home/alica-dev/AlicaV2/packages/kernel/dist/g6/session.js:517:22
    at async Promise.all (index 0)
    at async TestContext.<anonymous> (file:///home/alica-dev/AlicaV2/tests/ipc/session-qualification.test.mjs:702:9)
    at async Test.run (node:internal/test_runner/test:1409:7)
    at async Test.processPendingSubtests (node:internal/test_runner/test:974:7)
IPC_DIAG fail org.alica.sessionvictim Error
    at PhysicalSession.fail (file:///home/alica-dev/AlicaV2/packages/kernel/dist/g6/session.js:451:70)
    at file:///home/alica-dev/AlicaV2/packages/kernel/dist/g6/session.js:517:22
    at async Promise.all (index 1)
    at async TestContext.<anonymous> (file:///home/alica-dev/AlicaV2/tests/ipc/session-qualification.test.mjs:702:9)
    at async Test.run (node:internal/test_runner/test:1409:7)
    at async Test.processPendingSubtests (node:internal/test_runner/test:974:7)
IPC_DIAG dead org.alica.sessionvictim 1 null
IPC_DIAG dead org.alica.sessionvictim 1 null
IPC_DIAG dead org.alica.sessionvictim null SIGKILL
IPC_DIAG finish 15087df322e11cb72a7742029da7800192f08aaacb278fc2c1be9ca0b236fefd c4 complete
IPC_DIAG finish 15087df322e11cb72a7742029da7800192f08aaacb278fc2c1be9ca0b236fefd c5 complete
IPC_DIAG finish 15087df322e11cb72a7742029da7800192f08aaacb278fc2c1be9ca0b236fefd c6 complete
IPC_DIAG fail org.alica.sessionvictim Error
    at PhysicalSession.fail (file:///home/alica-dev/AlicaV2/packages/kernel/dist/g6/session.js:451:70)
    at file:///home/alica-dev/AlicaV2/packages/kernel/dist/g6/session.js:517:22
    at async HostIPC.shutdown (file:///home/alica-dev/AlicaV2/packages/kernel/dist/g6/host-adapter.js:232:13)
    at async file:///home/alica-dev/AlicaV2/packages/kernel/dist/index.js:1280:21
    at async Host.closeScope (file:///home/alica-dev/AlicaV2/packages/kernel/dist/index.js:1342:21)
    at async Host.shutdown (file:///home/alica-dev/AlicaV2/packages/kernel/dist/index.js:1426:9)
    at async TestContext.stop (file:///home/alica-dev/AlicaV2/tools/g3-fixtures.mjs:218:5)
    at async TestHook.run (node:internal/test_runner/test:1409:7)
    at async Test.runHook (node:internal/test_runner/test:1289:9)
    at async after (node:internal/test_runner/test:1342:9)
IPC_DIAG dead org.alica.sessionvictim 1 null
✔ real unreaped process remains quarantined and charged until actual exit (3209.280174ms)
ℹ {"quarantineReported":true,"actualExit":{"pid":205196,"code":null,"signal":"SIGKILL","elapsedMs":2513.940898999994}}
IPC_DIAG finish bfdbcaa80722e0a576b7d4cc7496f7e656d6f7cdef2b83eff852f8e76650f05a c1 complete
IPC_DIAG finish bfdbcaa80722e0a576b7d4cc7496f7e656d6f7cdef2b83eff852f8e76650f05a c2 complete
IPC_DIAG pump org.alica.sessionvictim PeerClosed [AcapError]: UNAVAILABLE
    at NativeStream.receive (file:///home/alica-dev/AlicaV2/packages/kernel/dist/g6/stream.js:119:23)
    at PhysicalSession.pump (file:///home/alica-dev/AlicaV2/packages/kernel/dist/g6/session.js:258:35)
    at Timeout._onTimeout (file:///home/alica-dev/AlicaV2/packages/kernel/dist/g6/session.js:207:26)
    at listOnTimeout (node:internal/timers:685:17)
    at process.processTimers (node:internal/timers:618:7) {
  code: 'UNAVAILABLE',
  correlationId: 'c9a1e0ae-9756-41ce-87b6-23c335aeee91',
  retryable: false
}
IPC_DIAG fail org.alica.sessionvictim Error
    at PhysicalSession.fail (file:///home/alica-dev/AlicaV2/packages/kernel/dist/g6/session.js:451:70)
    at Timeout._onTimeout (file:///home/alica-dev/AlicaV2/packages/kernel/dist/g6/session.js:211:26)
    at listOnTimeout (node:internal/timers:685:17)
    at process.processTimers (node:internal/timers:618:7)
IPC_DIAG finish bfdbcaa80722e0a576b7d4cc7496f7e656d6f7cdef2b83eff852f8e76650f05a c3 CANCELLED
IPC_DIAG dead org.alica.sessionvictim null SIGKILL
IPC_DIAG finish b85ab4bbc39675c5f6266c553f41307706290fe3e0167e37798af8bacade16cd c1 complete
IPC_DIAG finish b85ab4bbc39675c5f6266c553f41307706290fe3e0167e37798af8bacade16cd c2 complete
IPC_DIAG finish b85ab4bbc39675c5f6266c553f41307706290fe3e0167e37798af8bacade16cd c3 complete
IPC_DIAG fail org.alica.sessionvictim Error
    at PhysicalSession.fail (file:///home/alica-dev/AlicaV2/packages/kernel/dist/g6/session.js:451:70)
    at file:///home/alica-dev/AlicaV2/packages/kernel/dist/g6/session.js:517:22
    at async HostIPC.shutdown (file:///home/alica-dev/AlicaV2/packages/kernel/dist/g6/host-adapter.js:232:13)
    at async file:///home/alica-dev/AlicaV2/packages/kernel/dist/index.js:1280:21
    at async Promise.all (index 1)
    at async TestContext.<anonymous> (file:///home/alica-dev/AlicaV2/tests/ipc/session-qualification.test.mjs:767:5)
    at async Test.run (node:internal/test_runner/test:1409:7)
    at async Test.processPendingSubtests (node:internal/test_runner/test:974:7)
IPC_DIAG dead org.alica.sessionvictim 1 null
✔ production reconnect never replays an in-flight committed mutation (2429.86891ms)
IPC_DIAG finish 18fbb50ed6b518a801498e723fd1aad3e4ed0e10a25db6a3cb5f42df111ec1ec c1 complete
IPC_DIAG finish 18fbb50ed6b518a801498e723fd1aad3e4ed0e10a25db6a3cb5f42df111ec1ec c2 complete
IPC_DIAG dead org.alica.sessionvictim null SIGKILL
IPC_DIAG fail org.alica.sessionvictim Error
    at PhysicalSession.fail (file:///home/alica-dev/AlicaV2/packages/kernel/dist/g6/session.js:451:70)
    at PhysicalSession.dead (file:///home/alica-dev/AlicaV2/packages/kernel/dist/g6/session.js:527:14)
    at ChildProcess.<anonymous> (file:///home/alica-dev/AlicaV2/packages/kernel/dist/g6/session.js:202:55)
    at ChildProcess.wrapper (node:events:639:12)
    at ChildProcess.emit (node:events:514:28)
    at ChildProcess._handle.onexit (node:internal/child_process:295:12)
IPC_DIAG finish 40392bf4d30838d1ff9e31e60882ff3e2f8702a579c53d047eb33b815706e305 c1 complete
IPC_DIAG finish 40392bf4d30838d1ff9e31e60882ff3e2f8702a579c53d047eb33b815706e305 c2 complete
IPC_DIAG dead org.alica.sessionvictim null SIGKILL
IPC_DIAG fail org.alica.sessionvictim Error
    at PhysicalSession.fail (file:///home/alica-dev/AlicaV2/packages/kernel/dist/g6/session.js:451:70)
    at PhysicalSession.dead (file:///home/alica-dev/AlicaV2/packages/kernel/dist/g6/session.js:527:14)
    at ChildProcess.<anonymous> (file:///home/alica-dev/AlicaV2/packages/kernel/dist/g6/session.js:202:55)
    at ChildProcess.wrapper (node:events:639:12)
    at ChildProcess.emit (node:events:514:28)
    at ChildProcess._handle.onexit (node:internal/child_process:295:12)
IPC_DIAG finish 1928e1dc214d483681c5f9c1676cb9de732167f91583fc2be4f641e586ba7964 c1 complete
IPC_DIAG finish 1928e1dc214d483681c5f9c1676cb9de732167f91583fc2be4f641e586ba7964 c2 complete
IPC_DIAG dead org.alica.sessionvictim null SIGKILL
IPC_DIAG fail org.alica.sessionvictim Error
    at PhysicalSession.fail (file:///home/alica-dev/AlicaV2/packages/kernel/dist/g6/session.js:451:70)
    at PhysicalSession.dead (file:///home/alica-dev/AlicaV2/packages/kernel/dist/g6/session.js:527:14)
    at ChildProcess.<anonymous> (file:///home/alica-dev/AlicaV2/packages/kernel/dist/g6/session.js:202:55)
    at ChildProcess.wrapper (node:events:639:12)
    at ChildProcess.emit (node:events:514:28)
    at ChildProcess._handle.onexit (node:internal/child_process:295:12)
IPC_DIAG finish e62d6220a8cc52d968b39c552dbeb71152bfbbab80058e9beb5d83595a4e8430 c1 complete
IPC_DIAG finish e62d6220a8cc52d968b39c552dbeb71152bfbbab80058e9beb5d83595a4e8430 c2 complete
IPC_DIAG dead org.alica.sessionvictim null SIGKILL
IPC_DIAG fail org.alica.sessionvictim Error
    at PhysicalSession.fail (file:///home/alica-dev/AlicaV2/packages/kernel/dist/g6/session.js:451:70)
    at PhysicalSession.dead (file:///home/alica-dev/AlicaV2/packages/kernel/dist/g6/session.js:527:14)
    at ChildProcess.<anonymous> (file:///home/alica-dev/AlicaV2/packages/kernel/dist/g6/session.js:202:55)
    at ChildProcess.wrapper (node:events:639:12)
    at ChildProcess.emit (node:events:514:28)
    at ChildProcess._handle.onexit (node:internal/child_process:295:12)
IPC_DIAG finish 42afa6aa7865d253ef9588d98ced17ccabba3d9638a7e5c494de108d72276051 c1 complete
IPC_DIAG finish 42afa6aa7865d253ef9588d98ced17ccabba3d9638a7e5c494de108d72276051 c2 complete
IPC_DIAG pump org.alica.sessionvictim PeerClosed [AcapError]: UNAVAILABLE
    at NativeStream.receive (file:///home/alica-dev/AlicaV2/packages/kernel/dist/g6/stream.js:119:23)
    at PhysicalSession.pump (file:///home/alica-dev/AlicaV2/packages/kernel/dist/g6/session.js:258:35)
    at Timeout._onTimeout (file:///home/alica-dev/AlicaV2/packages/kernel/dist/g6/session.js:207:26)
    at listOnTimeout (node:internal/timers:685:17)
    at process.processTimers (node:internal/timers:618:7) {
  code: 'UNAVAILABLE',
  correlationId: 'cbbd20fb-047a-473f-8d82-aca09caeddb2',
  retryable: false
}
IPC_DIAG fail org.alica.sessionvictim Error
    at PhysicalSession.fail (file:///home/alica-dev/AlicaV2/packages/kernel/dist/g6/session.js:451:70)
    at Timeout._onTimeout (file:///home/alica-dev/AlicaV2/packages/kernel/dist/g6/session.js:211:26)
    at listOnTimeout (node:internal/timers:685:17)
    at process.processTimers (node:internal/timers:618:7)
IPC_DIAG dead org.alica.sessionvictim null SIGKILL
✔ production Host recovery uses 1/2/4/8 backoff without hello-pong budget reset or old-handle rebind (49152.290826ms)
ℹ {"recovery":[{"attempt":1,"delayMs":1182.342073000007,"pid":205234,"generation":2},{"attempt":2,"delayMs":2174.0603199999896,"pid":205242,"generation":3},{"attempt":3,"delayMs":4204.2845020000095,"pid":205252,"generation":4},{"attempt":4,"delayMs":8180.401622999998,"pid":205258,"generation":5}]}
IPC_DIAG finish 860092ff8a7fb2413e9ee120db7839c45a66a898e96aa7688d46b59fe77a300d c1 complete
IPC_DIAG finish 860092ff8a7fb2413e9ee120db7839c45a66a898e96aa7688d46b59fe77a300d c2 complete
IPC_DIAG dead org.alica.sessionvictim null SIGKILL
IPC_DIAG fail org.alica.sessionvictim Error
    at PhysicalSession.fail (file:///home/alica-dev/AlicaV2/packages/kernel/dist/g6/session.js:451:70)
    at PhysicalSession.dead (file:///home/alica-dev/AlicaV2/packages/kernel/dist/g6/session.js:527:14)
    at ChildProcess.<anonymous> (file:///home/alica-dev/AlicaV2/packages/kernel/dist/g6/session.js:202:55)
    at ChildProcess.wrapper (node:events:639:12)
    at ChildProcess.emit (node:events:514:28)
    at ChildProcess._handle.onexit (node:internal/child_process:295:12)
✔ production unload cancels queued reconnect before a replacement can launch (2156.185045ms)
IPC_DIAG finish 4aec9618188435db5ee75bb08dcf81ce28886e774ee923f3be4b68bcded6f583 c1 complete
IPC_DIAG finish 4aec9618188435db5ee75bb08dcf81ce28886e774ee923f3be4b68bcded6f583 c2 complete
IPC_DIAG fail org.alica.sessionvictim Error
    at PhysicalSession.fail (file:///home/alica-dev/AlicaV2/packages/kernel/dist/g6/session.js:451:70)
    at Timeout._onTimeout (file:///home/alica-dev/AlicaV2/packages/kernel/dist/g6/host-adapter.js:223:59)
    at listOnTimeout (node:internal/timers:685:17)
    at process.processTimers (node:internal/timers:618:7)
IPC_DIAG finish 4aec9618188435db5ee75bb08dcf81ce28886e774ee923f3be4b68bcded6f583 c3 UNAVAILABLE
IPC_DIAG dead org.alica.sessionvictim null SIGKILL
✔ Host never reports DISPOSED while its actual worker remains unreaped (2109.628334ms)
IPC_DIAG finish 24cba60607053900ab30f73dd7cf5a4a8a2363d9ffe137476d5de2a4d451cea5 c1 complete
IPC_DIAG finish 24cba60607053900ab30f73dd7cf5a4a8a2363d9ffe137476d5de2a4d451cea5 c2 complete
IPC_DIAG finish eb6144bb606756d95f7380bda81188c78e283563a462d7ef164c79033c11947b c1 complete
IPC_DIAG finish eb6144bb606756d95f7380bda81188c78e283563a462d7ef164c79033c11947b c2 complete
IPC_DIAG finish eb6144bb606756d95f7380bda81188c78e283563a462d7ef164c79033c11947b c3 complete
IPC_DIAG finish eb6144bb606756d95f7380bda81188c78e283563a462d7ef164c79033c11947b c4 complete
IPC_DIAG finish eb6144bb606756d95f7380bda81188c78e283563a462d7ef164c79033c11947b c5 complete
IPC_DIAG finish eb6144bb606756d95f7380bda81188c78e283563a462d7ef164c79033c11947b c6 complete
IPC_DIAG finish eb6144bb606756d95f7380bda81188c78e283563a462d7ef164c79033c11947b c7 complete
IPC_DIAG finish eb6144bb606756d95f7380bda81188c78e283563a462d7ef164c79033c11947b c8 complete
IPC_DIAG finish eb6144bb606756d95f7380bda81188c78e283563a462d7ef164c79033c11947b c9 complete
IPC_DIAG finish eb6144bb606756d95f7380bda81188c78e283563a462d7ef164c79033c11947b c10 complete
IPC_DIAG finish eb6144bb606756d95f7380bda81188c78e283563a462d7ef164c79033c11947b c11 complete
IPC_DIAG finish eb6144bb606756d95f7380bda81188c78e283563a462d7ef164c79033c11947b c12 complete
IPC_DIAG finish eb6144bb606756d95f7380bda81188c78e283563a462d7ef164c79033c11947b c13 complete
IPC_DIAG finish eb6144bb606756d95f7380bda81188c78e283563a462d7ef164c79033c11947b c14 complete
IPC_DIAG finish eb6144bb606756d95f7380bda81188c78e283563a462d7ef164c79033c11947b c15 complete
IPC_DIAG finish eb6144bb606756d95f7380bda81188c78e283563a462d7ef164c79033c11947b c16 complete
IPC_DIAG finish eb6144bb606756d95f7380bda81188c78e283563a462d7ef164c79033c11947b c17 complete
IPC_DIAG finish eb6144bb606756d95f7380bda81188c78e283563a462d7ef164c79033c11947b c18 complete
IPC_DIAG finish eb6144bb606756d95f7380bda81188c78e283563a462d7ef164c79033c11947b c19 complete
IPC_DIAG finish eb6144bb606756d95f7380bda81188c78e283563a462d7ef164c79033c11947b c20 complete
IPC_DIAG finish eb6144bb606756d95f7380bda81188c78e283563a462d7ef164c79033c11947b c21 complete
IPC_DIAG finish eb6144bb606756d95f7380bda81188c78e283563a462d7ef164c79033c11947b c22 complete
IPC_DIAG finish eb6144bb606756d95f7380bda81188c78e283563a462d7ef164c79033c11947b c23 complete
IPC_DIAG finish eb6144bb606756d95f7380bda81188c78e283563a462d7ef164c79033c11947b c24 complete
IPC_DIAG finish eb6144bb606756d95f7380bda81188c78e283563a462d7ef164c79033c11947b c25 complete
IPC_DIAG finish eb6144bb606756d95f7380bda81188c78e283563a462d7ef164c79033c11947b c26 complete
IPC_DIAG finish eb6144bb606756d95f7380bda81188c78e283563a462d7ef164c79033c11947b c27 complete
IPC_DIAG finish eb6144bb606756d95f7380bda81188c78e283563a462d7ef164c79033c11947b c28 complete
IPC_DIAG finish eb6144bb606756d95f7380bda81188c78e283563a462d7ef164c79033c11947b c29 complete
IPC_DIAG finish eb6144bb606756d95f7380bda81188c78e283563a462d7ef164c79033c11947b c30 complete
IPC_DIAG finish eb6144bb606756d95f7380bda81188c78e283563a462d7ef164c79033c11947b c31 complete
IPC_DIAG finish eb6144bb606756d95f7380bda81188c78e283563a462d7ef164c79033c11947b c32 complete
IPC_DIAG finish eb6144bb606756d95f7380bda81188c78e283563a462d7ef164c79033c11947b c33 complete
IPC_DIAG finish eb6144bb606756d95f7380bda81188c78e283563a462d7ef164c79033c11947b c34 complete
IPC_DIAG finish eb6144bb606756d95f7380bda81188c78e283563a462d7ef164c79033c11947b c35 complete
IPC_DIAG finish eb6144bb606756d95f7380bda81188c78e283563a462d7ef164c79033c11947b c36 complete
IPC_DIAG finish eb6144bb606756d95f7380bda81188c78e283563a462d7ef164c79033c11947b c37 complete
IPC_DIAG finish eb6144bb606756d95f7380bda81188c78e283563a462d7ef164c79033c11947b c38 complete
IPC_DIAG finish eb6144bb606756d95f7380bda81188c78e283563a462d7ef164c79033c11947b c39 complete
IPC_DIAG finish eb6144bb606756d95f7380bda81188c78e283563a462d7ef164c79033c11947b c40 complete
IPC_DIAG finish eb6144bb606756d95f7380bda81188c78e283563a462d7ef164c79033c11947b c41 complete
IPC_DIAG finish eb6144bb606756d95f7380bda81188c78e283563a462d7ef164c79033c11947b c42 complete
IPC_DIAG finish eb6144bb606756d95f7380bda81188c78e283563a462d7ef164c79033c11947b c43 complete
IPC_DIAG finish eb6144bb606756d95f7380bda81188c78e283563a462d7ef164c79033c11947b c44 complete
IPC_DIAG finish eb6144bb606756d95f7380bda81188c78e283563a462d7ef164c79033c11947b c45 complete
IPC_DIAG finish eb6144bb606756d95f7380bda81188c78e283563a462d7ef164c79033c11947b c46 complete
IPC_DIAG finish eb6144bb606756d95f7380bda81188c78e283563a462d7ef164c79033c11947b c47 complete
IPC_DIAG finish eb6144bb606756d95f7380bda81188c78e283563a462d7ef164c79033c11947b c48 complete
IPC_DIAG finish eb6144bb606756d95f7380bda81188c78e283563a462d7ef164c79033c11947b c49 complete
IPC_DIAG finish eb6144bb606756d95f7380bda81188c78e283563a462d7ef164c79033c11947b c50 complete
IPC_DIAG finish eb6144bb606756d95f7380bda81188c78e283563a462d7ef164c79033c11947b c51 complete
IPC_DIAG finish eb6144bb606756d95f7380bda81188c78e283563a462d7ef164c79033c11947b c52 complete
IPC_DIAG finish eb6144bb606756d95f7380bda81188c78e283563a462d7ef164c79033c11947b c53 complete
IPC_DIAG finish eb6144bb606756d95f7380bda81188c78e283563a462d7ef164c79033c11947b c54 complete
IPC_DIAG finish eb6144bb606756d95f7380bda81188c78e283563a462d7ef164c79033c11947b c55 complete
IPC_DIAG finish eb6144bb606756d95f7380bda81188c78e283563a462d7ef164c79033c11947b c56 complete
IPC_DIAG finish eb6144bb606756d95f7380bda81188c78e283563a462d7ef164c79033c11947b c57 complete
IPC_DIAG finish eb6144bb606756d95f7380bda81188c78e283563a462d7ef164c79033c11947b c58 complete
IPC_DIAG finish eb6144bb606756d95f7380bda81188c78e283563a462d7ef164c79033c11947b c59 complete
IPC_DIAG finish eb6144bb606756d95f7380bda81188c78e283563a462d7ef164c79033c11947b c60 complete
IPC_DIAG finish eb6144bb606756d95f7380bda81188c78e283563a462d7ef164c79033c11947b c61 complete
IPC_DIAG finish eb6144bb606756d95f7380bda81188c78e283563a462d7ef164c79033c11947b c62 complete
IPC_DIAG finish eb6144bb606756d95f7380bda81188c78e283563a462d7ef164c79033c11947b c63 complete
IPC_DIAG finish eb6144bb606756d95f7380bda81188c78e283563a462d7ef164c79033c11947b c64 complete
IPC_DIAG finish eb6144bb606756d95f7380bda81188c78e283563a462d7ef164c79033c11947b c65 complete
IPC_DIAG finish eb6144bb606756d95f7380bda81188c78e283563a462d7ef164c79033c11947b c66 complete
IPC_DIAG finish eb6144bb606756d95f7380bda81188c78e283563a462d7ef164c79033c11947b c67 complete
IPC_DIAG finish eb6144bb606756d95f7380bda81188c78e283563a462d7ef164c79033c11947b c68 complete
IPC_DIAG finish eb6144bb606756d95f7380bda81188c78e283563a462d7ef164c79033c11947b c69 complete
IPC_DIAG finish eb6144bb606756d95f7380bda81188c78e283563a462d7ef164c79033c11947b c70 complete
IPC_DIAG finish eb6144bb606756d95f7380bda81188c78e283563a462d7ef164c79033c11947b c71 complete
IPC_DIAG finish eb6144bb606756d95f7380bda81188c78e283563a462d7ef164c79033c11947b c72 complete
IPC_DIAG finish eb6144bb606756d95f7380bda81188c78e283563a462d7ef164c79033c11947b c73 complete
IPC_DIAG finish eb6144bb606756d95f7380bda81188c78e283563a462d7ef164c79033c11947b c74 complete
IPC_DIAG finish eb6144bb606756d95f7380bda81188c78e283563a462d7ef164c79033c11947b c75 complete
IPC_DIAG finish eb6144bb606756d95f7380bda81188c78e283563a462d7ef164c79033c11947b c76 complete
IPC_DIAG finish eb6144bb606756d95f7380bda81188c78e283563a462d7ef164c79033c11947b c77 complete
IPC_DIAG finish eb6144bb606756d95f7380bda81188c78e283563a462d7ef164c79033c11947b c78 complete
IPC_DIAG finish eb6144bb606756d95f7380bda81188c78e283563a462d7ef164c79033c11947b c79 complete
IPC_DIAG finish eb6144bb606756d95f7380bda81188c78e283563a462d7ef164c79033c11947b c80 complete
IPC_DIAG finish eb6144bb606756d95f7380bda81188c78e283563a462d7ef164c79033c11947b c81 complete
IPC_DIAG finish eb6144bb606756d95f7380bda81188c78e283563a462d7ef164c79033c11947b c82 complete
IPC_DIAG finish eb6144bb606756d95f7380bda81188c78e283563a462d7ef164c79033c11947b c83 complete
IPC_DIAG finish eb6144bb606756d95f7380bda81188c78e283563a462d7ef164c79033c11947b c84 complete
IPC_DIAG finish eb6144bb606756d95f7380bda81188c78e283563a462d7ef164c79033c11947b c85 complete
IPC_DIAG finish eb6144bb606756d95f7380bda81188c78e283563a462d7ef164c79033c11947b c86 complete
IPC_DIAG finish eb6144bb606756d95f7380bda81188c78e283563a462d7ef164c79033c11947b c87 complete
IPC_DIAG finish eb6144bb606756d95f7380bda81188c78e283563a462d7ef164c79033c11947b c88 complete
IPC_DIAG finish eb6144bb606756d95f7380bda81188c78e283563a462d7ef164c79033c11947b c89 complete
IPC_DIAG finish eb6144bb606756d95f7380bda81188c78e283563a462d7ef164c79033c11947b c90 complete
IPC_DIAG finish eb6144bb606756d95f7380bda81188c78e283563a462d7ef164c79033c11947b c91 complete
IPC_DIAG finish eb6144bb606756d95f7380bda81188c78e283563a462d7ef164c79033c11947b c92 complete
IPC_DIAG finish eb6144bb606756d95f7380bda81188c78e283563a462d7ef164c79033c11947b c93 complete
IPC_DIAG finish eb6144bb606756d95f7380bda81188c78e283563a462d7ef164c79033c11947b c94 complete
IPC_DIAG finish eb6144bb606756d95f7380bda81188c78e283563a462d7ef164c79033c11947b c95 complete
IPC_DIAG finish eb6144bb606756d95f7380bda81188c78e283563a462d7ef164c79033c11947b c96 complete
IPC_DIAG finish eb6144bb606756d95f7380bda81188c78e283563a462d7ef164c79033c11947b c97 complete
IPC_DIAG finish eb6144bb606756d95f7380bda81188c78e283563a462d7ef164c79033c11947b c98 complete
IPC_DIAG finish eb6144bb606756d95f7380bda81188c78e283563a462d7ef164c79033c11947b c99 complete
IPC_DIAG finish eb6144bb606756d95f7380bda81188c78e283563a462d7ef164c79033c11947b c100 complete
IPC_DIAG finish eb6144bb606756d95f7380bda81188c78e283563a462d7ef164c79033c11947b c101 complete
IPC_DIAG finish eb6144bb606756d95f7380bda81188c78e283563a462d7ef164c79033c11947b c102 complete
IPC_DIAG finish eb6144bb606756d95f7380bda81188c78e283563a462d7ef164c79033c11947b c103 complete
IPC_DIAG finish eb6144bb606756d95f7380bda81188c78e283563a462d7ef164c79033c11947b c104 complete
IPC_DIAG finish eb6144bb606756d95f7380bda81188c78e283563a462d7ef164c79033c11947b c105 complete
IPC_DIAG finish eb6144bb606756d95f7380bda81188c78e283563a462d7ef164c79033c11947b c106 complete
IPC_DIAG finish eb6144bb606756d95f7380bda81188c78e283563a462d7ef164c79033c11947b c107 complete
IPC_DIAG finish eb6144bb606756d95f7380bda81188c78e283563a462d7ef164c79033c11947b c108 complete
IPC_DIAG finish eb6144bb606756d95f7380bda81188c78e283563a462d7ef164c79033c11947b c109 complete
IPC_DIAG finish eb6144bb606756d95f7380bda81188c78e283563a462d7ef164c79033c11947b c110 complete
IPC_DIAG finish eb6144bb606756d95f7380bda81188c78e283563a462d7ef164c79033c11947b c111 complete
IPC_DIAG finish eb6144bb606756d95f7380bda81188c78e283563a462d7ef164c79033c11947b c112 complete
IPC_DIAG finish eb6144bb606756d95f7380bda81188c78e283563a462d7ef164c79033c11947b c113 complete
IPC_DIAG finish eb6144bb606756d95f7380bda81188c78e283563a462d7ef164c79033c11947b c114 complete
IPC_DIAG finish eb6144bb606756d95f7380bda81188c78e283563a462d7ef164c79033c11947b c115 complete
IPC_DIAG finish eb6144bb606756d95f7380bda81188c78e283563a462d7ef164c79033c11947b c116 complete
IPC_DIAG finish eb6144bb606756d95f7380bda81188c78e283563a462d7ef164c79033c11947b c117 complete
IPC_DIAG finish eb6144bb606756d95f7380bda81188c78e283563a462d7ef164c79033c11947b c118 complete
IPC_DIAG finish eb6144bb606756d95f7380bda81188c78e283563a462d7ef164c79033c11947b c119 complete
IPC_DIAG finish eb6144bb606756d95f7380bda81188c78e283563a462d7ef164c79033c11947b c120 complete
IPC_DIAG finish eb6144bb606756d95f7380bda81188c78e283563a462d7ef164c79033c11947b c121 complete
IPC_DIAG finish eb6144bb606756d95f7380bda81188c78e283563a462d7ef164c79033c11947b c122 complete
IPC_DIAG finish eb6144bb606756d95f7380bda81188c78e283563a462d7ef164c79033c11947b c123 complete
IPC_DIAG finish eb6144bb606756d95f7380bda81188c78e283563a462d7ef164c79033c11947b c124 complete
IPC_DIAG finish eb6144bb606756d95f7380bda81188c78e283563a462d7ef164c79033c11947b c125 complete
IPC_DIAG finish eb6144bb606756d95f7380bda81188c78e283563a462d7ef164c79033c11947b c126 complete
IPC_DIAG finish eb6144bb606756d95f7380bda81188c78e283563a462d7ef164c79033c11947b c127 complete
IPC_DIAG finish eb6144bb606756d95f7380bda81188c78e283563a462d7ef164c79033c11947b c128 complete
IPC_DIAG finish eb6144bb606756d95f7380bda81188c78e283563a462d7ef164c79033c11947b c129 complete
IPC_DIAG finish eb6144bb606756d95f7380bda81188c78e283563a462d7ef164c79033c11947b c130 complete
IPC_DIAG finish eb6144bb606756d95f7380bda81188c78e283563a462d7ef164c79033c11947b c131 complete
IPC_DIAG finish eb6144bb606756d95f7380bda81188c78e283563a462d7ef164c79033c11947b c132 complete
IPC_DIAG finish eb6144bb606756d95f7380bda81188c78e283563a462d7ef164c79033c11947b c133 complete
IPC_DIAG finish eb6144bb606756d95f7380bda81188c78e283563a462d7ef164c79033c11947b c134 complete
IPC_DIAG finish eb6144bb606756d95f7380bda81188c78e283563a462d7ef164c79033c11947b c135 complete
IPC_DIAG finish eb6144bb606756d95f7380bda81188c78e283563a462d7ef164c79033c11947b c136 complete
IPC_DIAG finish eb6144bb606756d95f7380bda81188c78e283563a462d7ef164c79033c11947b c137 complete
IPC_DIAG finish eb6144bb606756d95f7380bda81188c78e283563a462d7ef164c79033c11947b c138 complete
IPC_DIAG finish eb6144bb606756d95f7380bda81188c78e283563a462d7ef164c79033c11947b c139 complete
IPC_DIAG finish eb6144bb606756d95f7380bda81188c78e283563a462d7ef164c79033c11947b c140 complete
IPC_DIAG finish eb6144bb606756d95f7380bda81188c78e283563a462d7ef164c79033c11947b c141 complete
IPC_DIAG finish eb6144bb606756d95f7380bda81188c78e283563a462d7ef164c79033c11947b c142 complete
IPC_DIAG finish eb6144bb606756d95f7380bda81188c78e283563a462d7ef164c79033c11947b c143 complete
IPC_DIAG finish eb6144bb606756d95f7380bda81188c78e283563a462d7ef164c79033c11947b c144 complete
IPC_DIAG finish eb6144bb606756d95f7380bda81188c78e283563a462d7ef164c79033c11947b c145 complete
IPC_DIAG finish eb6144bb606756d95f7380bda81188c78e283563a462d7ef164c79033c11947b c146 complete
IPC_DIAG finish eb6144bb606756d95f7380bda81188c78e283563a462d7ef164c79033c11947b c147 complete
IPC_DIAG finish eb6144bb606756d95f7380bda81188c78e283563a462d7ef164c79033c11947b c148 complete
IPC_DIAG finish eb6144bb606756d95f7380bda81188c78e283563a462d7ef164c79033c11947b c149 complete
IPC_DIAG finish eb6144bb606756d95f7380bda81188c78e283563a462d7ef164c79033c11947b c150 complete
IPC_DIAG finish eb6144bb606756d95f7380bda81188c78e283563a462d7ef164c79033c11947b c151 complete
IPC_DIAG finish eb6144bb606756d95f7380bda81188c78e283563a462d7ef164c79033c11947b c152 complete
IPC_DIAG finish eb6144bb606756d95f7380bda81188c78e283563a462d7ef164c79033c11947b c153 complete
IPC_DIAG finish eb6144bb606756d95f7380bda81188c78e283563a462d7ef164c79033c11947b c154 complete
IPC_DIAG finish eb6144bb606756d95f7380bda81188c78e283563a462d7ef164c79033c11947b c155 complete
IPC_DIAG finish eb6144bb606756d95f7380bda81188c78e283563a462d7ef164c79033c11947b c156 complete
IPC_DIAG finish eb6144bb606756d95f7380bda81188c78e283563a462d7ef164c79033c11947b c157 complete
IPC_DIAG finish eb6144bb606756d95f7380bda81188c78e283563a462d7ef164c79033c11947b c158 complete
IPC_DIAG finish eb6144bb606756d95f7380bda81188c78e283563a462d7ef164c79033c11947b c159 complete
IPC_DIAG finish eb6144bb606756d95f7380bda81188c78e283563a462d7ef164c79033c11947b c160 complete
IPC_DIAG finish eb6144bb606756d95f7380bda81188c78e283563a462d7ef164c79033c11947b c161 complete
IPC_DIAG finish eb6144bb606756d95f7380bda81188c78e283563a462d7ef164c79033c11947b c162 complete
IPC_DIAG finish eb6144bb606756d95f7380bda81188c78e283563a462d7ef164c79033c11947b c163 complete
IPC_DIAG finish eb6144bb606756d95f7380bda81188c78e283563a462d7ef164c79033c11947b c164 complete
IPC_DIAG finish eb6144bb606756d95f7380bda81188c78e283563a462d7ef164c79033c11947b c165 complete
IPC_DIAG finish eb6144bb606756d95f7380bda81188c78e283563a462d7ef164c79033c11947b c166 complete
IPC_DIAG finish eb6144bb606756d95f7380bda81188c78e283563a462d7ef164c79033c11947b c167 complete
IPC_DIAG finish eb6144bb606756d95f7380bda81188c78e283563a462d7ef164c79033c11947b c168 complete
IPC_DIAG finish eb6144bb606756d95f7380bda81188c78e283563a462d7ef164c79033c11947b c169 complete
IPC_DIAG finish eb6144bb606756d95f7380bda81188c78e283563a462d7ef164c79033c11947b c170 complete
IPC_DIAG finish eb6144bb606756d95f7380bda81188c78e283563a462d7ef164c79033c11947b c171 complete
IPC_DIAG finish eb6144bb606756d95f7380bda81188c78e283563a462d7ef164c79033c11947b c172 complete
IPC_DIAG finish eb6144bb606756d95f7380bda81188c78e283563a462d7ef164c79033c11947b c173 complete
IPC_DIAG finish eb6144bb606756d95f7380bda81188c78e283563a462d7ef164c79033c11947b c174 complete
IPC_DIAG finish eb6144bb606756d95f7380bda81188c78e283563a462d7ef164c79033c11947b c175 complete
IPC_DIAG finish eb6144bb606756d95f7380bda81188c78e283563a462d7ef164c79033c11947b c176 complete
IPC_DIAG finish eb6144bb606756d95f7380bda81188c78e283563a462d7ef164c79033c11947b c177 complete
IPC_DIAG finish eb6144bb606756d95f7380bda81188c78e283563a462d7ef164c79033c11947b c178 complete
IPC_DIAG finish eb6144bb606756d95f7380bda81188c78e283563a462d7ef164c79033c11947b c179 complete
IPC_DIAG finish eb6144bb606756d95f7380bda81188c78e283563a462d7ef164c79033c11947b c180 complete
IPC_DIAG finish eb6144bb606756d95f7380bda81188c78e283563a462d7ef164c79033c11947b c181 complete
IPC_DIAG finish eb6144bb606756d95f7380bda81188c78e283563a462d7ef164c79033c11947b c182 complete
IPC_DIAG finish eb6144bb606756d95f7380bda81188c78e283563a462d7ef164c79033c11947b c183 complete
IPC_DIAG finish eb6144bb606756d95f7380bda81188c78e283563a462d7ef164c79033c11947b c184 complete
IPC_DIAG finish eb6144bb606756d95f7380bda81188c78e283563a462d7ef164c79033c11947b c185 complete
IPC_DIAG finish eb6144bb606756d95f7380bda81188c78e283563a462d7ef164c79033c11947b c186 complete
IPC_DIAG finish eb6144bb606756d95f7380bda81188c78e283563a462d7ef164c79033c11947b c187 complete
IPC_DIAG finish eb6144bb606756d95f7380bda81188c78e283563a462d7ef164c79033c11947b c188 complete
IPC_DIAG finish eb6144bb606756d95f7380bda81188c78e283563a462d7ef164c79033c11947b c189 complete
IPC_DIAG finish eb6144bb606756d95f7380bda81188c78e283563a462d7ef164c79033c11947b c190 complete
IPC_DIAG finish eb6144bb606756d95f7380bda81188c78e283563a462d7ef164c79033c11947b c191 complete
IPC_DIAG finish eb6144bb606756d95f7380bda81188c78e283563a462d7ef164c79033c11947b c192 complete
IPC_DIAG finish eb6144bb606756d95f7380bda81188c78e283563a462d7ef164c79033c11947b c193 complete
IPC_DIAG finish eb6144bb606756d95f7380bda81188c78e283563a462d7ef164c79033c11947b c194 complete
IPC_DIAG finish eb6144bb606756d95f7380bda81188c78e283563a462d7ef164c79033c11947b c195 complete
IPC_DIAG finish eb6144bb606756d95f7380bda81188c78e283563a462d7ef164c79033c11947b c196 complete
IPC_DIAG finish eb6144bb606756d95f7380bda81188c78e283563a462d7ef164c79033c11947b c197 complete
IPC_DIAG finish eb6144bb606756d95f7380bda81188c78e283563a462d7ef164c79033c11947b c198 complete
IPC_DIAG finish eb6144bb606756d95f7380bda81188c78e283563a462d7ef164c79033c11947b c199 complete
IPC_DIAG finish eb6144bb606756d95f7380bda81188c78e283563a462d7ef164c79033c11947b c200 complete
IPC_DIAG finish eb6144bb606756d95f7380bda81188c78e283563a462d7ef164c79033c11947b c201 complete
IPC_DIAG finish eb6144bb606756d95f7380bda81188c78e283563a462d7ef164c79033c11947b c202 complete
IPC_DIAG finish eb6144bb606756d95f7380bda81188c78e283563a462d7ef164c79033c11947b c203 complete
IPC_DIAG finish eb6144bb606756d95f7380bda81188c78e283563a462d7ef164c79033c11947b c204 complete
IPC_DIAG finish eb6144bb606756d95f7380bda81188c78e283563a462d7ef164c79033c11947b c205 complete
IPC_DIAG finish eb6144bb606756d95f7380bda81188c78e283563a462d7ef164c79033c11947b c206 complete
IPC_DIAG finish eb6144bb606756d95f7380bda81188c78e283563a462d7ef164c79033c11947b c207 complete
IPC_DIAG finish eb6144bb606756d95f7380bda81188c78e283563a462d7ef164c79033c11947b c208 complete
IPC_DIAG finish eb6144bb606756d95f7380bda81188c78e283563a462d7ef164c79033c11947b c209 complete
IPC_DIAG finish eb6144bb606756d95f7380bda81188c78e283563a462d7ef164c79033c11947b c210 complete
IPC_DIAG finish eb6144bb606756d95f7380bda81188c78e283563a462d7ef164c79033c11947b c211 complete
IPC_DIAG finish eb6144bb606756d95f7380bda81188c78e283563a462d7ef164c79033c11947b c212 complete
IPC_DIAG finish eb6144bb606756d95f7380bda81188c78e283563a462d7ef164c79033c11947b c213 complete
IPC_DIAG finish eb6144bb606756d95f7380bda81188c78e283563a462d7ef164c79033c11947b c214 complete
IPC_DIAG finish eb6144bb606756d95f7380bda81188c78e283563a462d7ef164c79033c11947b c215 complete
IPC_DIAG finish eb6144bb606756d95f7380bda81188c78e283563a462d7ef164c79033c11947b c216 complete
IPC_DIAG finish eb6144bb606756d95f7380bda81188c78e283563a462d7ef164c79033c11947b c217 complete
IPC_DIAG finish eb6144bb606756d95f7380bda81188c78e283563a462d7ef164c79033c11947b c218 complete
IPC_DIAG finish eb6144bb606756d95f7380bda81188c78e283563a462d7ef164c79033c11947b c219 complete
IPC_DIAG finish eb6144bb606756d95f7380bda81188c78e283563a462d7ef164c79033c11947b c220 complete
IPC_DIAG finish eb6144bb606756d95f7380bda81188c78e283563a462d7ef164c79033c11947b c221 complete
IPC_DIAG finish eb6144bb606756d95f7380bda81188c78e283563a462d7ef164c79033c11947b c222 complete
IPC_DIAG finish eb6144bb606756d95f7380bda81188c78e283563a462d7ef164c79033c11947b c223 complete
IPC_DIAG finish eb6144bb606756d95f7380bda81188c78e283563a462d7ef164c79033c11947b c224 complete
IPC_DIAG finish eb6144bb606756d95f7380bda81188c78e283563a462d7ef164c79033c11947b c225 complete
IPC_DIAG finish eb6144bb606756d95f7380bda81188c78e283563a462d7ef164c79033c11947b c226 complete
IPC_DIAG finish eb6144bb606756d95f7380bda81188c78e283563a462d7ef164c79033c11947b c227 complete
IPC_DIAG finish eb6144bb606756d95f7380bda81188c78e283563a462d7ef164c79033c11947b c228 complete
IPC_DIAG finish eb6144bb606756d95f7380bda81188c78e283563a462d7ef164c79033c11947b c229 complete
IPC_DIAG finish eb6144bb606756d95f7380bda81188c78e283563a462d7ef164c79033c11947b c230 complete
IPC_DIAG finish eb6144bb606756d95f7380bda81188c78e283563a462d7ef164c79033c11947b c231 complete
IPC_DIAG finish eb6144bb606756d95f7380bda81188c78e283563a462d7ef164c79033c11947b c232 complete
IPC_DIAG finish eb6144bb606756d95f7380bda81188c78e283563a462d7ef164c79033c11947b c233 complete
IPC_DIAG finish eb6144bb606756d95f7380bda81188c78e283563a462d7ef164c79033c11947b c234 complete
IPC_DIAG finish eb6144bb606756d95f7380bda81188c78e283563a462d7ef164c79033c11947b c235 complete
IPC_DIAG finish eb6144bb606756d95f7380bda81188c78e283563a462d7ef164c79033c11947b c236 complete
IPC_DIAG finish eb6144bb606756d95f7380bda81188c78e283563a462d7ef164c79033c11947b c237 complete
IPC_DIAG finish eb6144bb606756d95f7380bda81188c78e283563a462d7ef164c79033c11947b c238 complete
IPC_DIAG finish eb6144bb606756d95f7380bda81188c78e283563a462d7ef164c79033c11947b c239 complete
IPC_DIAG finish eb6144bb606756d95f7380bda81188c78e283563a462d7ef164c79033c11947b c240 complete
IPC_DIAG finish eb6144bb606756d95f7380bda81188c78e283563a462d7ef164c79033c11947b c241 complete
IPC_DIAG finish eb6144bb606756d95f7380bda81188c78e283563a462d7ef164c79033c11947b c242 complete
IPC_DIAG finish eb6144bb606756d95f7380bda81188c78e283563a462d7ef164c79033c11947b c243 complete
IPC_DIAG finish eb6144bb606756d95f7380bda81188c78e283563a462d7ef164c79033c11947b c244 complete
IPC_DIAG finish eb6144bb606756d95f7380bda81188c78e283563a462d7ef164c79033c11947b c245 complete
IPC_DIAG finish eb6144bb606756d95f7380bda81188c78e283563a462d7ef164c79033c11947b c246 complete
IPC_DIAG finish eb6144bb606756d95f7380bda81188c78e283563a462d7ef164c79033c11947b c247 complete
IPC_DIAG finish eb6144bb606756d95f7380bda81188c78e283563a462d7ef164c79033c11947b c248 complete
IPC_DIAG finish eb6144bb606756d95f7380bda81188c78e283563a462d7ef164c79033c11947b c249 complete
IPC_DIAG finish eb6144bb606756d95f7380bda81188c78e283563a462d7ef164c79033c11947b c250 complete
IPC_DIAG finish eb6144bb606756d95f7380bda81188c78e283563a462d7ef164c79033c11947b c251 complete
IPC_DIAG finish eb6144bb606756d95f7380bda81188c78e283563a462d7ef164c79033c11947b c252 complete
IPC_DIAG finish eb6144bb606756d95f7380bda81188c78e283563a462d7ef164c79033c11947b c253 complete
IPC_DIAG finish eb6144bb606756d95f7380bda81188c78e283563a462d7ef164c79033c11947b c254 complete
IPC_DIAG finish eb6144bb606756d95f7380bda81188c78e283563a462d7ef164c79033c11947b c255 complete
IPC_DIAG finish eb6144bb606756d95f7380bda81188c78e283563a462d7ef164c79033c11947b c256 complete
IPC_DIAG finish eb6144bb606756d95f7380bda81188c78e283563a462d7ef164c79033c11947b c257 complete
IPC_DIAG finish eb6144bb606756d95f7380bda81188c78e283563a462d7ef164c79033c11947b c258 complete
IPC_DIAG finish eb6144bb606756d95f7380bda81188c78e283563a462d7ef164c79033c11947b c259 complete
IPC_DIAG finish eb6144bb606756d95f7380bda81188c78e283563a462d7ef164c79033c11947b c260 complete
IPC_DIAG finish eb6144bb606756d95f7380bda81188c78e283563a462d7ef164c79033c11947b c261 complete
IPC_DIAG finish eb6144bb606756d95f7380bda81188c78e283563a462d7ef164c79033c11947b c262 complete
IPC_DIAG finish eb6144bb606756d95f7380bda81188c78e283563a462d7ef164c79033c11947b c263 complete
IPC_DIAG finish eb6144bb606756d95f7380bda81188c78e283563a462d7ef164c79033c11947b c264 complete
IPC_DIAG finish eb6144bb606756d95f7380bda81188c78e283563a462d7ef164c79033c11947b c265 complete
IPC_DIAG finish eb6144bb606756d95f7380bda81188c78e283563a462d7ef164c79033c11947b c266 complete
IPC_DIAG finish eb6144bb606756d95f7380bda81188c78e283563a462d7ef164c79033c11947b c267 complete
IPC_DIAG finish eb6144bb606756d95f7380bda81188c78e283563a462d7ef164c79033c11947b c268 complete
IPC_DIAG finish eb6144bb606756d95f7380bda81188c78e283563a462d7ef164c79033c11947b c269 complete
IPC_DIAG finish eb6144bb606756d95f7380bda81188c78e283563a462d7ef164c79033c11947b c270 complete
IPC_DIAG finish eb6144bb606756d95f7380bda81188c78e283563a462d7ef164c79033c11947b c271 complete
IPC_DIAG finish eb6144bb606756d95f7380bda81188c78e283563a462d7ef164c79033c11947b c272 complete
IPC_DIAG finish eb6144bb606756d95f7380bda81188c78e283563a462d7ef164c79033c11947b c273 complete
IPC_DIAG finish eb6144bb606756d95f7380bda81188c78e283563a462d7ef164c79033c11947b c274 complete
IPC_DIAG finish eb6144bb606756d95f7380bda81188c78e283563a462d7ef164c79033c11947b c275 complete
IPC_DIAG finish eb6144bb606756d95f7380bda81188c78e283563a462d7ef164c79033c11947b c276 complete
IPC_DIAG finish eb6144bb606756d95f7380bda81188c78e283563a462d7ef164c79033c11947b c277 complete
IPC_DIAG finish eb6144bb606756d95f7380bda81188c78e283563a462d7ef164c79033c11947b c278 complete
IPC_DIAG finish eb6144bb606756d95f7380bda81188c78e283563a462d7ef164c79033c11947b c279 complete
IPC_DIAG finish eb6144bb606756d95f7380bda81188c78e283563a462d7ef164c79033c11947b c280 complete
IPC_DIAG finish eb6144bb606756d95f7380bda81188c78e283563a462d7ef164c79033c11947b c281 complete
IPC_DIAG finish eb6144bb606756d95f7380bda81188c78e283563a462d7ef164c79033c11947b c282 complete
IPC_DIAG finish eb6144bb606756d95f7380bda81188c78e283563a462d7ef164c79033c11947b c283 complete
IPC_DIAG finish eb6144bb606756d95f7380bda81188c78e283563a462d7ef164c79033c11947b c284 complete
IPC_DIAG finish eb6144bb606756d95f7380bda81188c78e283563a462d7ef164c79033c11947b c285 complete
IPC_DIAG finish eb6144bb606756d95f7380bda81188c78e283563a462d7ef164c79033c11947b c286 complete
IPC_DIAG finish eb6144bb606756d95f7380bda81188c78e283563a462d7ef164c79033c11947b c287 complete
IPC_DIAG finish eb6144bb606756d95f7380bda81188c78e283563a462d7ef164c79033c11947b c288 complete
IPC_DIAG finish eb6144bb606756d95f7380bda81188c78e283563a462d7ef164c79033c11947b c289 complete
IPC_DIAG finish eb6144bb606756d95f7380bda81188c78e283563a462d7ef164c79033c11947b c290 complete
IPC_DIAG finish eb6144bb606756d95f7380bda81188c78e283563a462d7ef164c79033c11947b c291 complete
IPC_DIAG finish eb6144bb606756d95f7380bda81188c78e283563a462d7ef164c79033c11947b c292 complete
IPC_DIAG finish eb6144bb606756d95f7380bda81188c78e283563a462d7ef164c79033c11947b c293 complete
IPC_DIAG finish eb6144bb606756d95f7380bda81188c78e283563a462d7ef164c79033c11947b c294 complete
IPC_DIAG finish eb6144bb606756d95f7380bda81188c78e283563a462d7ef164c79033c11947b c295 complete
IPC_DIAG finish eb6144bb606756d95f7380bda81188c78e283563a462d7ef164c79033c11947b c296 complete
IPC_DIAG finish eb6144bb606756d95f7380bda81188c78e283563a462d7ef164c79033c11947b c297 complete
IPC_DIAG finish eb6144bb606756d95f7380bda81188c78e283563a462d7ef164c79033c11947b c298 complete
IPC_DIAG finish eb6144bb606756d95f7380bda81188c78e283563a462d7ef164c79033c11947b c299 complete
IPC_DIAG finish eb6144bb606756d95f7380bda81188c78e283563a462d7ef164c79033c11947b c300 complete
IPC_DIAG finish eb6144bb606756d95f7380bda81188c78e283563a462d7ef164c79033c11947b c301 complete
IPC_DIAG finish eb6144bb606756d95f7380bda81188c78e283563a462d7ef164c79033c11947b c302 complete
IPC_DIAG finish eb6144bb606756d95f7380bda81188c78e283563a462d7ef164c79033c11947b c303 complete
IPC_DIAG finish eb6144bb606756d95f7380bda81188c78e283563a462d7ef164c79033c11947b c304 complete
IPC_DIAG finish eb6144bb606756d95f7380bda81188c78e283563a462d7ef164c79033c11947b c305 complete
IPC_DIAG finish eb6144bb606756d95f7380bda81188c78e283563a462d7ef164c79033c11947b c306 complete
IPC_DIAG finish eb6144bb606756d95f7380bda81188c78e283563a462d7ef164c79033c11947b c307 complete
IPC_DIAG finish eb6144bb606756d95f7380bda81188c78e283563a462d7ef164c79033c11947b c308 complete
IPC_DIAG finish eb6144bb606756d95f7380bda81188c78e283563a462d7ef164c79033c11947b c309 complete
IPC_DIAG finish eb6144bb606756d95f7380bda81188c78e283563a462d7ef164c79033c11947b c310 complete
IPC_DIAG finish eb6144bb606756d95f7380bda81188c78e283563a462d7ef164c79033c11947b c311 complete
IPC_DIAG finish eb6144bb606756d95f7380bda81188c78e283563a462d7ef164c79033c11947b c312 complete
IPC_DIAG finish eb6144bb606756d95f7380bda81188c78e283563a462d7ef164c79033c11947b c313 complete
IPC_DIAG finish eb6144bb606756d95f7380bda81188c78e283563a462d7ef164c79033c11947b c314 complete
IPC_DIAG finish eb6144bb606756d95f7380bda81188c78e283563a462d7ef164c79033c11947b c315 complete
IPC_DIAG finish eb6144bb606756d95f7380bda81188c78e283563a462d7ef164c79033c11947b c316 complete
IPC_DIAG finish eb6144bb606756d95f7380bda81188c78e283563a462d7ef164c79033c11947b c317 complete
IPC_DIAG finish eb6144bb606756d95f7380bda81188c78e283563a462d7ef164c79033c11947b c318 complete
IPC_DIAG finish eb6144bb606756d95f7380bda81188c78e283563a462d7ef164c79033c11947b c319 complete
IPC_DIAG finish eb6144bb606756d95f7380bda81188c78e283563a462d7ef164c79033c11947b c320 complete
IPC_DIAG finish eb6144bb606756d95f7380bda81188c78e283563a462d7ef164c79033c11947b c321 complete
IPC_DIAG finish eb6144bb606756d95f7380bda81188c78e283563a462d7ef164c79033c11947b c322 complete
IPC_DIAG finish eb6144bb606756d95f7380bda81188c78e283563a462d7ef164c79033c11947b c323 complete
IPC_DIAG finish eb6144bb606756d95f7380bda81188c78e283563a462d7ef164c79033c11947b c324 complete
IPC_DIAG finish eb6144bb606756d95f7380bda81188c78e283563a462d7ef164c79033c11947b c325 complete
IPC_DIAG finish eb6144bb606756d95f7380bda81188c78e283563a462d7ef164c79033c11947b c326 complete
IPC_DIAG finish eb6144bb606756d95f7380bda81188c78e283563a462d7ef164c79033c11947b c327 complete
IPC_DIAG finish eb6144bb606756d95f7380bda81188c78e283563a462d7ef164c79033c11947b c328 complete
IPC_DIAG finish eb6144bb606756d95f7380bda81188c78e283563a462d7ef164c79033c11947b c329 complete
IPC_DIAG finish eb6144bb606756d95f7380bda81188c78e283563a462d7ef164c79033c11947b c330 complete
IPC_DIAG finish eb6144bb606756d95f7380bda81188c78e283563a462d7ef164c79033c11947b c331 complete
IPC_DIAG finish eb6144bb606756d95f7380bda81188c78e283563a462d7ef164c79033c11947b c332 complete
IPC_DIAG finish eb6144bb606756d95f7380bda81188c78e283563a462d7ef164c79033c11947b c333 complete
IPC_DIAG finish eb6144bb606756d95f7380bda81188c78e283563a462d7ef164c79033c11947b c334 complete
IPC_DIAG finish eb6144bb606756d95f7380bda81188c78e283563a462d7ef164c79033c11947b c335 complete
IPC_DIAG finish eb6144bb606756d95f7380bda81188c78e283563a462d7ef164c79033c11947b c336 complete
IPC_DIAG finish eb6144bb606756d95f7380bda81188c78e283563a462d7ef164c79033c11947b c337 complete
IPC_DIAG finish eb6144bb606756d95f7380bda81188c78e283563a462d7ef164c79033c11947b c338 complete
IPC_DIAG finish eb6144bb606756d95f7380bda81188c78e283563a462d7ef164c79033c11947b c339 complete
IPC_DIAG finish eb6144bb606756d95f7380bda81188c78e283563a462d7ef164c79033c11947b c340 complete
IPC_DIAG finish eb6144bb606756d95f7380bda81188c78e283563a462d7ef164c79033c11947b c341 complete
IPC_DIAG finish eb6144bb606756d95f7380bda81188c78e283563a462d7ef164c79033c11947b c342 complete
IPC_DIAG finish eb6144bb606756d95f7380bda81188c78e283563a462d7ef164c79033c11947b c343 complete
IPC_DIAG finish eb6144bb606756d95f7380bda81188c78e283563a462d7ef164c79033c11947b c344 complete
IPC_DIAG finish eb6144bb606756d95f7380bda81188c78e283563a462d7ef164c79033c11947b c345 complete
IPC_DIAG finish eb6144bb606756d95f7380bda81188c78e283563a462d7ef164c79033c11947b c346 complete
IPC_DIAG finish eb6144bb606756d95f7380bda81188c78e283563a462d7ef164c79033c11947b c347 complete
IPC_DIAG finish eb6144bb606756d95f7380bda81188c78e283563a462d7ef164c79033c11947b c348 complete
IPC_DIAG finish eb6144bb606756d95f7380bda81188c78e283563a462d7ef164c79033c11947b c349 complete
IPC_DIAG finish eb6144bb606756d95f7380bda81188c78e283563a462d7ef164c79033c11947b c350 complete
IPC_DIAG finish eb6144bb606756d95f7380bda81188c78e283563a462d7ef164c79033c11947b c351 complete
IPC_DIAG finish eb6144bb606756d95f7380bda81188c78e283563a462d7ef164c79033c11947b c352 complete
IPC_DIAG finish eb6144bb606756d95f7380bda81188c78e283563a462d7ef164c79033c11947b c353 complete
IPC_DIAG finish eb6144bb606756d95f7380bda81188c78e283563a462d7ef164c79033c11947b c354 complete
IPC_DIAG finish eb6144bb606756d95f7380bda81188c78e283563a462d7ef164c79033c11947b c355 complete
IPC_DIAG finish eb6144bb606756d95f7380bda81188c78e283563a462d7ef164c79033c11947b c356 complete
IPC_DIAG finish eb6144bb606756d95f7380bda81188c78e283563a462d7ef164c79033c11947b c357 complete
IPC_DIAG finish eb6144bb606756d95f7380bda81188c78e283563a462d7ef164c79033c11947b c358 complete
IPC_DIAG finish eb6144bb606756d95f7380bda81188c78e283563a462d7ef164c79033c11947b c359 complete
IPC_DIAG finish eb6144bb606756d95f7380bda81188c78e283563a462d7ef164c79033c11947b c360 complete
IPC_DIAG finish eb6144bb606756d95f7380bda81188c78e283563a462d7ef164c79033c11947b c361 complete
IPC_DIAG finish eb6144bb606756d95f7380bda81188c78e283563a462d7ef164c79033c11947b c362 complete
IPC_DIAG finish eb6144bb606756d95f7380bda81188c78e283563a462d7ef164c79033c11947b c363 complete
IPC_DIAG finish eb6144bb606756d95f7380bda81188c78e283563a462d7ef164c79033c11947b c364 complete
IPC_DIAG finish eb6144bb606756d95f7380bda81188c78e283563a462d7ef164c79033c11947b c365 complete
IPC_DIAG finish eb6144bb606756d95f7380bda81188c78e283563a462d7ef164c79033c11947b c366 complete
IPC_DIAG finish eb6144bb606756d95f7380bda81188c78e283563a462d7ef164c79033c11947b c367 complete
IPC_DIAG finish eb6144bb606756d95f7380bda81188c78e283563a462d7ef164c79033c11947b c368 complete
IPC_DIAG finish eb6144bb606756d95f7380bda81188c78e283563a462d7ef164c79033c11947b c369 complete
IPC_DIAG finish eb6144bb606756d95f7380bda81188c78e283563a462d7ef164c79033c11947b c370 complete
IPC_DIAG finish eb6144bb606756d95f7380bda81188c78e283563a462d7ef164c79033c11947b c371 complete
IPC_DIAG finish eb6144bb606756d95f7380bda81188c78e283563a462d7ef164c79033c11947b c372 complete
IPC_DIAG finish eb6144bb606756d95f7380bda81188c78e283563a462d7ef164c79033c11947b c373 complete
IPC_DIAG finish eb6144bb606756d95f7380bda81188c78e283563a462d7ef164c79033c11947b c374 complete
IPC_DIAG finish eb6144bb606756d95f7380bda81188c78e283563a462d7ef164c79033c11947b c375 complete
IPC_DIAG finish eb6144bb606756d95f7380bda81188c78e283563a462d7ef164c79033c11947b c376 complete
IPC_DIAG finish eb6144bb606756d95f7380bda81188c78e283563a462d7ef164c79033c11947b c377 complete
IPC_DIAG finish eb6144bb606756d95f7380bda81188c78e283563a462d7ef164c79033c11947b c378 complete
IPC_DIAG finish eb6144bb606756d95f7380bda81188c78e283563a462d7ef164c79033c11947b c379 complete
IPC_DIAG finish eb6144bb606756d95f7380bda81188c78e283563a462d7ef164c79033c11947b c380 complete
IPC_DIAG finish eb6144bb606756d95f7380bda81188c78e283563a462d7ef164c79033c11947b c381 complete
IPC_DIAG finish eb6144bb606756d95f7380bda81188c78e283563a462d7ef164c79033c11947b c382 complete
IPC_DIAG finish eb6144bb606756d95f7380bda81188c78e283563a462d7ef164c79033c11947b c383 complete
IPC_DIAG finish eb6144bb606756d95f7380bda81188c78e283563a462d7ef164c79033c11947b c384 complete
IPC_DIAG finish eb6144bb606756d95f7380bda81188c78e283563a462d7ef164c79033c11947b c385 complete
IPC_DIAG finish eb6144bb606756d95f7380bda81188c78e283563a462d7ef164c79033c11947b c386 complete
IPC_DIAG finish eb6144bb606756d95f7380bda81188c78e283563a462d7ef164c79033c11947b c387 complete
IPC_DIAG finish eb6144bb606756d95f7380bda81188c78e283563a462d7ef164c79033c11947b c388 complete
IPC_DIAG finish eb6144bb606756d95f7380bda81188c78e283563a462d7ef164c79033c11947b c389 complete
IPC_DIAG finish eb6144bb606756d95f7380bda81188c78e283563a462d7ef164c79033c11947b c390 complete
IPC_DIAG finish eb6144bb606756d95f7380bda81188c78e283563a462d7ef164c79033c11947b c391 complete
IPC_DIAG finish eb6144bb606756d95f7380bda81188c78e283563a462d7ef164c79033c11947b c392 complete
IPC_DIAG finish eb6144bb606756d95f7380bda81188c78e283563a462d7ef164c79033c11947b c393 complete
IPC_DIAG finish eb6144bb606756d95f7380bda81188c78e283563a462d7ef164c79033c11947b c394 complete
IPC_DIAG finish eb6144bb606756d95f7380bda81188c78e283563a462d7ef164c79033c11947b c395 complete
IPC_DIAG finish eb6144bb606756d95f7380bda81188c78e283563a462d7ef164c79033c11947b c396 complete
IPC_DIAG finish eb6144bb606756d95f7380bda81188c78e283563a462d7ef164c79033c11947b c397 complete
IPC_DIAG finish eb6144bb606756d95f7380bda81188c78e283563a462d7ef164c79033c11947b c398 complete
IPC_DIAG finish eb6144bb606756d95f7380bda81188c78e283563a462d7ef164c79033c11947b c399 complete
IPC_DIAG finish eb6144bb606756d95f7380bda81188c78e283563a462d7ef164c79033c11947b c400 complete
IPC_DIAG finish eb6144bb606756d95f7380bda81188c78e283563a462d7ef164c79033c11947b c401 complete
IPC_DIAG finish eb6144bb606756d95f7380bda81188c78e283563a462d7ef164c79033c11947b c402 complete
IPC_DIAG finish eb6144bb606756d95f7380bda81188c78e283563a462d7ef164c79033c11947b c403 complete
IPC_DIAG finish eb6144bb606756d95f7380bda81188c78e283563a462d7ef164c79033c11947b c404 complete
IPC_DIAG finish eb6144bb606756d95f7380bda81188c78e283563a462d7ef164c79033c11947b c405 complete
IPC_DIAG finish eb6144bb606756d95f7380bda81188c78e283563a462d7ef164c79033c11947b c406 complete
IPC_DIAG finish eb6144bb606756d95f7380bda81188c78e283563a462d7ef164c79033c11947b c407 complete
IPC_DIAG finish eb6144bb606756d95f7380bda81188c78e283563a462d7ef164c79033c11947b c408 complete
IPC_DIAG finish eb6144bb606756d95f7380bda81188c78e283563a462d7ef164c79033c11947b c409 complete
IPC_DIAG finish eb6144bb606756d95f7380bda81188c78e283563a462d7ef164c79033c11947b c410 complete
IPC_DIAG finish eb6144bb606756d95f7380bda81188c78e283563a462d7ef164c79033c11947b c411 complete
IPC_DIAG finish eb6144bb606756d95f7380bda81188c78e283563a462d7ef164c79033c11947b c412 complete
IPC_DIAG finish eb6144bb606756d95f7380bda81188c78e283563a462d7ef164c79033c11947b c413 complete
IPC_DIAG finish eb6144bb606756d95f7380bda81188c78e283563a462d7ef164c79033c11947b c414 complete
IPC_DIAG finish eb6144bb606756d95f7380bda81188c78e283563a462d7ef164c79033c11947b c415 complete
IPC_DIAG finish eb6144bb606756d95f7380bda81188c78e283563a462d7ef164c79033c11947b c416 complete
IPC_DIAG finish eb6144bb606756d95f7380bda81188c78e283563a462d7ef164c79033c11947b c417 complete
IPC_DIAG finish eb6144bb606756d95f7380bda81188c78e283563a462d7ef164c79033c11947b c418 complete
IPC_DIAG finish eb6144bb606756d95f7380bda81188c78e283563a462d7ef164c79033c11947b c419 complete
IPC_DIAG finish eb6144bb606756d95f7380bda81188c78e283563a462d7ef164c79033c11947b c420 complete
IPC_DIAG finish eb6144bb606756d95f7380bda81188c78e283563a462d7ef164c79033c11947b c421 complete
IPC_DIAG finish eb6144bb606756d95f7380bda81188c78e283563a462d7ef164c79033c11947b c422 complete
IPC_DIAG finish eb6144bb606756d95f7380bda81188c78e283563a462d7ef164c79033c11947b c423 complete
IPC_DIAG finish eb6144bb606756d95f7380bda81188c78e283563a462d7ef164c79033c11947b c424 complete
IPC_DIAG finish eb6144bb606756d95f7380bda81188c78e283563a462d7ef164c79033c11947b c425 complete
IPC_DIAG finish eb6144bb606756d95f7380bda81188c78e283563a462d7ef164c79033c11947b c426 complete
IPC_DIAG finish eb6144bb606756d95f7380bda81188c78e283563a462d7ef164c79033c11947b c427 complete
IPC_DIAG finish eb6144bb606756d95f7380bda81188c78e283563a462d7ef164c79033c11947b c428 complete
IPC_DIAG finish eb6144bb606756d95f7380bda81188c78e283563a462d7ef164c79033c11947b c429 complete
IPC_DIAG finish eb6144bb606756d95f7380bda81188c78e283563a462d7ef164c79033c11947b c430 complete
IPC_DIAG finish eb6144bb606756d95f7380bda81188c78e283563a462d7ef164c79033c11947b c431 complete
IPC_DIAG finish eb6144bb606756d95f7380bda81188c78e283563a462d7ef164c79033c11947b c432 complete
IPC_DIAG finish eb6144bb606756d95f7380bda81188c78e283563a462d7ef164c79033c11947b c433 complete
IPC_DIAG finish eb6144bb606756d95f7380bda81188c78e283563a462d7ef164c79033c11947b c434 complete
IPC_DIAG fail org.alica.sessionvictim Error
    at PhysicalSession.fail (file:///home/alica-dev/AlicaV2/packages/kernel/dist/g6/session.js:451:70)
    at file:///home/alica-dev/AlicaV2/packages/kernel/dist/g6/session.js:517:22
    at async cleanup (file:///home/alica-dev/AlicaV2/tests/ipc/session-qualification.test.mjs:216:19)
    at async TestContext.<anonymous> (file:///home/alica-dev/AlicaV2/tests/ipc/session-qualification.test.mjs:1017:5)
    at async Test.run (node:internal/test_runner/test:1409:7)
    at async Test.processPendingSubtests (node:internal/test_runner/test:974:7)
IPC_DIAG dead org.alica.sessionvictim 1 null
IPC_DIAG finish 24cba60607053900ab30f73dd7cf5a4a8a2363d9ffe137476d5de2a4d451cea5 c3 complete
IPC_DIAG finish 24cba60607053900ab30f73dd7cf5a4a8a2363d9ffe137476d5de2a4d451cea5 c4 complete
IPC_DIAG finish 24cba60607053900ab30f73dd7cf5a4a8a2363d9ffe137476d5de2a4d451cea5 c5 complete
IPC_DIAG fail org.alica.sessionvictim Error
    at PhysicalSession.fail (file:///home/alica-dev/AlicaV2/packages/kernel/dist/g6/session.js:451:70)
    at file:///home/alica-dev/AlicaV2/packages/kernel/dist/g6/session.js:517:22
    at async HostIPC.shutdown (file:///home/alica-dev/AlicaV2/packages/kernel/dist/g6/host-adapter.js:232:13)
    at async file:///home/alica-dev/AlicaV2/packages/kernel/dist/index.js:1280:21
    at async Host.closeScope (file:///home/alica-dev/AlicaV2/packages/kernel/dist/index.js:1342:21)
    at async Host.shutdown (file:///home/alica-dev/AlicaV2/packages/kernel/dist/index.js:1426:9)
    at async TestContext.stop (file:///home/alica-dev/AlicaV2/tools/g3-fixtures.mjs:218:5)
    at async TestHook.run (node:internal/test_runner/test:1409:7)
    at async Test.runHook (node:internal/test_runner/test:1289:9)
    at async after (node:internal/test_runner/test:1342:9)
IPC_DIAG dead org.alica.sessionvictim 1 null
✔ real session sustained queued work: bounded descriptors, RSS and released retired contexts (3728.022682ms)
ℹ {"before":{"pid":205285,"rssKiB":65308,"fds":20,"scannedFDLimit":64,"sentinelPresent":false,"childFDObservation":"actual bounded child fstat via native transport","brokerFDs":28,"managed":6},"samples":[{"pid":205285,"rssKiB":65320,"fds":23,"scannedFDLimit":64,"sentinelPresent":false,"childFDObservation":"actual bounded child fstat via native transport","brokerFDs":32,"managed":10,"socket":{"sendBuffer":212992,"receiveBuffer":212992,"queuedWrite":0,"queuedRead":0},"usage":{"ordinary":4,"nested":0,"lifecycle":0,"queued":32,"records":36,"offers":0,"failed":false},"wire":{"bytes":9216,"frames":36,"control":0}},{"pid":205285,"rssKiB":65464,"fds":23,"scannedFDLimit":64,"sentinelPresent":false,"childFDObservation":"actual bounded child fstat via native transport","brokerFDs":32,"managed":10,"socket":{"sendBuffer":212992,"receiveBuffer":212992,"queuedWrite":0,"queuedRead":0},"usage":{"ordinary":4,"nested":0,"lifecycle":0,"queued":32,"records":36,"offers":0,"failed":false},"wire":{"bytes":9216,"frames":36,"control":0}},{"pid":205285,"rssKiB":65540,"fds":23,"scannedFDLimit":64,"sentinelPresent":false,"childFDObservation":"actual bounded child fstat via native transport","brokerFDs":32,"managed":10,"socket":{"sendBuffer":212992,"receiveBuffer":212992,"queuedWrite":0,"queuedRead":0},"usage":{"ordinary":4,"nested":0,"lifecycle":0,"queued":32,"records":36,"offers":0,"failed":false},"wire":{"bytes":9216,"frames":36,"control":0}},{"pid":205285,"rssKiB":67796,"fds":23,"scannedFDLimit":64,"sentinelPresent":false,"childFDObservation":"actual bounded child fstat via native transport","brokerFDs":32,"managed":10,"socket":{"sendBuffer":212992,"receiveBuffer":212992,"queuedWrite":0,"queuedRead":0},"usage":{"ordinary":4,"nested":0,"lifecycle":0,"queued":32,"records":36,"offers":0,"failed":false},"wire":{"bytes":9216,"frames":36,"control":0}},{"pid":205285,"rssKiB":67796,"fds":23,"scannedFDLimit":64,"sentinelPresent":false,"childFDObservation":"actual bounded child fstat via native transport","brokerFDs":32,"managed":10,"socket":{"sendBuffer":212992,"receiveBuffer":212992,"queuedWrite":0,"queuedRead":0},"usage":{"ordinary":4,"nested":0,"lifecycle":0,"queued":32,"records":36,"offers":0,"failed":false},"wire":{"bytes":9216,"frames":36,"control":0}},{"pid":205285,"rssKiB":70280,"fds":23,"scannedFDLimit":64,"sentinelPresent":false,"childFDObservation":"actual bounded child fstat via native transport","brokerFDs":32,"managed":10,"socket":{"sendBuffer":212992,"receiveBuffer":212992,"queuedWrite":0,"queuedRead":0},"usage":{"ordinary":4,"nested":0,"lifecycle":0,"queued":32,"records":36,"offers":0,"failed":false},"wire":{"bytes":9216,"frames":36,"control":0}},{"pid":205285,"rssKiB":70280,"fds":23,"scannedFDLimit":64,"sentinelPresent":false,"childFDObservation":"actual bounded child fstat via native transport","brokerFDs":32,"managed":10,"socket":{"sendBuffer":212992,"receiveBuffer":212992,"queuedWrite":0,"queuedRead":0},"usage":{"ordinary":4,"nested":0,"lifecycle":0,"queued":32,"records":36,"offers":0,"failed":false},"wire":{"bytes":9216,"frames":36,"control":0}},{"pid":205285,"rssKiB":70280,"fds":23,"scannedFDLimit":64,"sentinelPresent":false,"childFDObservation":"actual bounded child fstat via native transport","brokerFDs":32,"managed":10,"socket":{"sendBuffer":212992,"receiveBuffer":212992,"queuedWrite":0,"queuedRead":0},"usage":{"ordinary":4,"nested":0,"lifecycle":0,"queued":32,"records":36,"offers":0,"failed":false},"wire":{"bytes":9216,"frames":36,"control":0}},{"pid":205285,"rssKiB":70280,"fds":23,"scannedFDLimit":64,"sentinelPresent":false,"childFDObservation":"actual bounded child fstat via native transport","brokerFDs":32,"managed":10,"socket":{"sendBuffer":212992,"receiveBuffer":212992,"queuedWrite":0,"queuedRead":0},"usage":{"ordinary":4,"nested":0,"lifecycle":0,"queued":32,"records":36,"offers":0,"failed":false},"wire":{"bytes":9216,"frames":36,"control":0}},{"pid":205285,"rssKiB":70280,"fds":23,"scannedFDLimit":64,"sentinelPresent":false,"childFDObservation":"actual bounded child fstat via native transport","brokerFDs":32,"managed":10,"socket":{"sendBuffer":212992,"receiveBuffer":212992,"queuedWrite":0,"queuedRead":0},"usage":{"ordinary":4,"nested":0,"lifecycle":0,"queued":32,"records":36,"offers":0,"failed":false},"wire":{"bytes":9216,"frames":36,"control":0}},{"pid":205285,"rssKiB":70280,"fds":23,"scannedFDLimit":64,"sentinelPresent":false,"childFDObservation":"actual bounded child fstat via native transport","brokerFDs":32,"managed":10,"socket":{"sendBuffer":212992,"receiveBuffer":212992,"queuedWrite":0,"queuedRead":0},"usage":{"ordinary":4,"nested":0,"lifecycle":0,"queued":32,"records":36,"offers":0,"failed":false},"wire":{"bytes":9216,"frames":36,"control":0}},{"pid":205285,"rssKiB":70348,"fds":23,"scannedFDLimit":64,"sentinelPresent":false,"childFDObservation":"actual bounded child fstat via native transport","brokerFDs":32,"managed":10,"socket":{"sendBuffer":212992,"receiveBuffer":212992,"queuedWrite":0,"queuedRead":0},"usage":{"ordinary":4,"nested":0,"lifecycle":0,"queued":32,"records":36,"offers":0,"failed":false},"wire":{"bytes":9216,"frames":36,"control":0}}],"after":{"pid":205285,"rssKiB":70348,"fds":20,"scannedFDLimit":64,"sentinelPresent":false,"childFDObservation":"actual bounded child fstat via native transport","brokerFDs":28,"managed":6},"identity":{"runtimeDigest":"sha256:7fde7b8afa198da66257f42ee2001d874c7355631e6d1579a5fb5ef1f246df4c","bridgeDigest":"sha256:7bb4d660d72986ad6feeb851100ce262d994db1034f2d6b41460bf578b533951","launcherDigest":"sha256:a493f78a308f49c23dd192ac8d501c727f37032794b988e6a695397ca57ee8e6","workerDigest":"sha256:02780ca85d20627b515d01f7c9092342ac2300888cfc6733f37b070944d58fdc"}}
ℹ {"receipt":{"pid":205285,"code":1,"signal":null,"elapsedMs":2991.4084509999957},"victim":{"pid":205278,"rssKiB":70504,"childFDObservation":"not measured: production victim has no diagnostic dispatcher; required FD counts are measured on sealed qualification children","brokerFDs":25,"managed":3},"brokerAlive":204687}
✔ wire reference agreement and closed envelope/body: hello (31.326266ms)
✔ wire reference agreement and closed envelope/body: accepted (7.461564ms)
✔ wire reference agreement and closed envelope/body: request (8.678705ms)
✔ wire reference agreement and closed envelope/body: response (4.570763ms)
✔ wire reference agreement and closed envelope/body: error (3.019013ms)
✔ wire reference agreement and closed envelope/body: cancel (2.901131ms)
✔ wire reference agreement and closed envelope/body: stream-item (2.707366ms)
✔ wire reference agreement and closed envelope/body: stream-credit (2.429274ms)
✔ wire reference agreement and closed envelope/body: stream-end (2.525385ms)
✔ wire reference agreement and closed envelope/body: event (2.762891ms)
✔ wire reference agreement and closed envelope/body: ping (2.654366ms)
✔ wire reference agreement and closed envelope/body: pong (2.336538ms)
✔ wire reference agreement and closed envelope/body: scope-check (2.591027ms)
✔ wire reference agreement and closed envelope/body: log (2.988175ms)
✔ wire malformed and noncanonical encodings are rejected (0.75417ms)
✔ wire rejects duplicate logical handshake vectors and obsolete feature spelling (2.497331ms)
✔ carrier codec accepts only an exact complete bounded canonical packet (1.242749ms)
✔ pull reader supports every two-part body split and preserves lease ownership (133.247493ms)
✔ reader closes and releases partial assemblies on all framing failures (0.590662ms)
✔ partial deadline is monotonic and applies without new input (0.344828ms)
✔ shared budget enforces frame/byte bounds and independent control reserve (0.883274ms)
✔ endpoint fence rejects retargeting, replay, closed endpoint and sequence wrap (0.539807ms)
ℹ tests 160
ℹ suites 0
ℹ pass 160
ℹ fail 0
ℹ cancelled 0
ℹ skipped 0
ℹ todo 0
ℹ duration_ms 162001.387056
